-- phpMyAdmin SQL Dump
-- version 4.6.5.2
-- https://www.phpmyadmin.net/
--
-- Host: 127.0.0.1
-- Generation Time: Oct 16, 2017 at 06:03 AM
-- Server version: 10.1.21-MariaDB
-- PHP Version: 7.0.15

SET SQL_MODE = "NO_AUTO_VALUE_ON_ZERO";
SET time_zone = "+00:00";


/*!40101 SET @OLD_CHARACTER_SET_CLIENT=@@CHARACTER_SET_CLIENT */;
/*!40101 SET @OLD_CHARACTER_SET_RESULTS=@@CHARACTER_SET_RESULTS */;
/*!40101 SET @OLD_COLLATION_CONNECTION=@@COLLATION_CONNECTION */;
/*!40101 SET NAMES utf8mb4 */;

--
-- Database: `lmu_new`
--

-- --------------------------------------------------------

--
-- Table structure for table `action`
--

CREATE TABLE `action` (
  `id` int(10) UNSIGNED NOT NULL,
  `name` varchar(255) COLLATE utf8_unicode_ci NOT NULL,
  `description` varchar(255) COLLATE utf8_unicode_ci DEFAULT NULL,
  `created_at` timestamp NULL DEFAULT NULL,
  `updated_at` timestamp NULL DEFAULT NULL,
  `deleted_at` timestamp NULL DEFAULT NULL
) ENGINE=InnoDB DEFAULT CHARSET=utf8 COLLATE=utf8_unicode_ci;

--
-- Dumping data for table `action`
--

INSERT INTO `action` (`id`, `name`, `description`, `created_at`, `updated_at`, `deleted_at`) VALUES
(1, 'read', 'Read', '2017-05-02 01:49:35', '2017-05-02 01:49:35', NULL),
(2, 'create', 'Create', '2017-05-02 01:49:45', '2017-05-02 01:49:45', NULL),
(3, 'update', 'Update', '2017-05-02 01:49:54', '2017-05-02 01:49:54', NULL),
(4, 'delete', 'Delete', '2017-05-02 01:50:00', '2017-05-02 01:50:00', NULL);

-- --------------------------------------------------------

--
-- Table structure for table `auth`
--

CREATE TABLE `auth` (
  `id` int(10) UNSIGNED NOT NULL,
  `id_customer` int(10) UNSIGNED NOT NULL,
  `username` varchar(255) COLLATE utf8_unicode_ci NOT NULL,
  `password` varchar(255) COLLATE utf8_unicode_ci DEFAULT NULL,
  `created_at` timestamp NULL DEFAULT NULL,
  `updated_at` timestamp NULL DEFAULT NULL,
  `deleted_at` timestamp NULL DEFAULT NULL
) ENGINE=InnoDB DEFAULT CHARSET=utf8 COLLATE=utf8_unicode_ci;

--
-- Dumping data for table `auth`
--

INSERT INTO `auth` (`id`, `id_customer`, `username`, `password`, `created_at`, `updated_at`, `deleted_at`) VALUES
(1, 1, 'admin', '123', '2017-05-22 00:01:26', '2017-09-15 01:04:09', NULL),
(2, 2, 'user', '123', '2017-05-22 00:01:26', '2017-09-15 01:04:09', NULL);

-- --------------------------------------------------------

--
-- Table structure for table `background`
--

CREATE TABLE `background` (
  `id` int(10) UNSIGNED NOT NULL,
  `title` varchar(255) COLLATE utf8_unicode_ci NOT NULL,
  `image` varchar(255) COLLATE utf8_unicode_ci DEFAULT NULL,
  `created_by` int(10) UNSIGNED DEFAULT NULL,
  `updated_by` int(10) UNSIGNED DEFAULT NULL,
  `deleted_by` int(10) UNSIGNED DEFAULT NULL,
  `created_at` timestamp NULL DEFAULT NULL,
  `updated_at` timestamp NULL DEFAULT NULL,
  `deleted_at` timestamp NULL DEFAULT NULL
) ENGINE=InnoDB DEFAULT CHARSET=utf8 COLLATE=utf8_unicode_ci;

--
-- Dumping data for table `background`
--

INSERT INTO `background` (`id`, `title`, `image`, `created_by`, `updated_by`, `deleted_by`, `created_at`, `updated_at`, `deleted_at`) VALUES
(1, 'Banner 12', '12-10-2017 01-35-55forest-3840x2160-5k-4k-wallpaper-fog-eagle-landscape-wallpaper-3441 (1).jpg', NULL, NULL, NULL, NULL, '2017-10-12 06:35:56', NULL),
(2, 'BANNER 2', NULL, NULL, NULL, NULL, NULL, '2017-08-13 21:29:07', '2017-08-13 21:29:07'),
(3, 'Bananer 2', '12-10-2017 01-36-05forest-3840x2160-5k-4k-wallpaper-fog-eagle-landscape-wallpaper-3441.jpg', NULL, NULL, NULL, '2017-08-16 00:45:38', '2017-10-12 06:36:05', NULL);

-- --------------------------------------------------------

--
-- Table structure for table `banner`
--

CREATE TABLE `banner` (
  `id` int(10) UNSIGNED NOT NULL,
  `title` varchar(255) COLLATE utf8_unicode_ci NOT NULL,
  `image` varchar(255) COLLATE utf8_unicode_ci DEFAULT NULL,
  `created_by` int(10) UNSIGNED DEFAULT NULL,
  `updated_by` int(10) UNSIGNED DEFAULT NULL,
  `deleted_by` int(10) UNSIGNED DEFAULT NULL,
  `created_at` timestamp NULL DEFAULT NULL,
  `updated_at` timestamp NULL DEFAULT NULL,
  `deleted_at` timestamp NULL DEFAULT NULL
) ENGINE=InnoDB DEFAULT CHARSET=utf8 COLLATE=utf8_unicode_ci;

--
-- Dumping data for table `banner`
--

INSERT INTO `banner` (`id`, `title`, `image`, `created_by`, `updated_by`, `deleted_by`, `created_at`, `updated_at`, `deleted_at`) VALUES
(1, 'Banner 22', '12-10-2017 01-20-21forest-3840x2160-5k-4k-wallpaper-fog-eagle-landscape-wallpaper-3441 (1).jpg', NULL, NULL, NULL, NULL, '2017-10-12 06:27:36', NULL),
(2, 'BANNER 2', NULL, NULL, NULL, NULL, NULL, '2017-08-13 21:29:07', '2017-08-13 21:29:07'),
(3, 'Bananer 2', '12-10-2017 01-20-30forest-3840x2160-5k-4k-wallpaper-fog-eagle-landscape-wallpaper-3441.jpg', NULL, NULL, NULL, '2017-08-16 00:45:38', '2017-10-12 06:20:31', NULL);

-- --------------------------------------------------------

--
-- Table structure for table `broadcast_message`
--

CREATE TABLE `broadcast_message` (
  `id` int(10) UNSIGNED NOT NULL,
  `subject` varchar(100) COLLATE utf8_unicode_ci DEFAULT NULL,
  `content` text COLLATE utf8_unicode_ci,
  `created_by` int(10) UNSIGNED DEFAULT NULL,
  `updated_by` int(10) UNSIGNED DEFAULT NULL,
  `deleted_by` int(10) UNSIGNED DEFAULT NULL,
  `created_at` timestamp NULL DEFAULT NULL,
  `updated_at` timestamp NULL DEFAULT NULL,
  `deleted_at` timestamp NULL DEFAULT NULL
) ENGINE=InnoDB DEFAULT CHARSET=utf8 COLLATE=utf8_unicode_ci;

--
-- Dumping data for table `broadcast_message`
--

INSERT INTO `broadcast_message` (`id`, `subject`, `content`, `created_by`, `updated_by`, `deleted_by`, `created_at`, `updated_at`, `deleted_at`) VALUES
(1, 'Test', '<p><em><strong>Test</strong></em></p>\r\n', NULL, NULL, NULL, '2017-10-11 23:59:08', '2017-10-12 00:00:16', '2017-10-12 00:00:16'),
(2, 'Test 123', '<p>Test</p>\r\n', NULL, NULL, NULL, '2017-10-12 00:09:55', '2017-10-12 07:43:51', NULL);

-- --------------------------------------------------------

--
-- Table structure for table `call_center`
--

CREATE TABLE `call_center` (
  `id` int(10) UNSIGNED NOT NULL,
  `name` varchar(100) COLLATE utf8_unicode_ci DEFAULT NULL,
  `phone_number` varchar(100) COLLATE utf8_unicode_ci DEFAULT NULL,
  `image` varchar(255) COLLATE utf8_unicode_ci DEFAULT NULL,
  `created_by` int(10) UNSIGNED DEFAULT NULL,
  `updated_by` int(10) UNSIGNED DEFAULT NULL,
  `deleted_by` int(10) UNSIGNED DEFAULT NULL,
  `created_at` timestamp NULL DEFAULT NULL,
  `updated_at` timestamp NULL DEFAULT NULL,
  `deleted_at` timestamp NULL DEFAULT NULL
) ENGINE=InnoDB DEFAULT CHARSET=utf8 COLLATE=utf8_unicode_ci;

--
-- Dumping data for table `call_center`
--

INSERT INTO `call_center` (`id`, `name`, `phone_number`, `image`, `created_by`, `updated_by`, `deleted_by`, `created_at`, `updated_at`, `deleted_at`) VALUES
(1, 'HUSNI MUBAROK', '021-0101019', '12-10-2017 02-39-16forest-3840x2160-5k-4k-wallpaper-fog-eagle-landscape-wallpaper-3441 (1).jpg', NULL, NULL, NULL, '2017-08-20 00:16:33', '2017-10-12 07:39:17', NULL),
(2, 'WAHYUNI', '021-0019911', '12-10-2017 02-39-34forest-3840x2160-5k-4k-wallpaper-fog-eagle-landscape-wallpaper-3441.jpg', NULL, NULL, NULL, '2017-08-20 00:16:59', '2017-10-12 07:39:35', NULL);

-- --------------------------------------------------------

--
-- Table structure for table `company_profile`
--

CREATE TABLE `company_profile` (
  `id` int(10) UNSIGNED NOT NULL,
  `name` varchar(255) COLLATE utf8_unicode_ci NOT NULL,
  `address` text COLLATE utf8_unicode_ci NOT NULL,
  `tlp` varchar(50) COLLATE utf8_unicode_ci DEFAULT NULL,
  `fax` varchar(50) COLLATE utf8_unicode_ci DEFAULT NULL,
  `email` varchar(50) COLLATE utf8_unicode_ci DEFAULT NULL,
  `description` varchar(1000) COLLATE utf8_unicode_ci DEFAULT NULL,
  `image` varchar(255) COLLATE utf8_unicode_ci DEFAULT NULL,
  `created_by` int(10) UNSIGNED DEFAULT NULL,
  `updated_by` int(10) UNSIGNED DEFAULT NULL,
  `deleted_by` int(10) UNSIGNED DEFAULT NULL,
  `created_at` timestamp NULL DEFAULT NULL,
  `updated_at` timestamp NULL DEFAULT NULL,
  `deleted_at` timestamp NULL DEFAULT NULL
) ENGINE=InnoDB DEFAULT CHARSET=utf8 COLLATE=utf8_unicode_ci;

--
-- Dumping data for table `company_profile`
--

INSERT INTO `company_profile` (`id`, `name`, `address`, `tlp`, `fax`, `email`, `description`, `image`, `created_by`, `updated_by`, `deleted_by`, `created_at`, `updated_at`, `deleted_at`) VALUES
(1, 'Lorem ipsum dolor sit amet', 'Lorem ipsum dolor sit amet, consectetur adipiscing elit. Donec lorem nisl, auctor nec eros in', '02818817171', '02188191911', 'kontak@lmu.co.id', 'Lorem ipsum dolor sit amet, consectetur adipiscing elit. Donec lorem nisl, auctor nec eros in, egestas iaculis lectus. Praesent fringilla, turpis et venenatis tristique, erat odio ullamcorper lacus, nec laoreet erat leo ac velit. Aenean aliquam egestas velit, eget laoreet nisi porta sit amet. Nulla vulputate ornare arcu et semper. Etiam gravida enim id ligula imperdiet, a placerat sapien interdum. Curabitur id finibus ex. Aliquam diam justo, pulvinar quis convallis rhoncus, facilisis quis ex. Quisque non tincidunt nisl.', '12-10-2017 02-00-08forest-3840x2160-5k-4k-wallpaper-fog-eagle-landscape-wallpaper-3441 (1).jpg', NULL, NULL, NULL, '2017-08-17 06:51:25', '2017-10-12 07:00:09', NULL);

-- --------------------------------------------------------

--
-- Table structure for table `customer`
--

CREATE TABLE `customer` (
  `id` int(11) NOT NULL,
  `mandt` varchar(3) DEFAULT NULL COMMENT 'Client : Penanda Data Dev/Prd',
  `kunnr` varchar(10) DEFAULT NULL COMMENT 'ID Customer',
  `name1` varchar(30) DEFAULT NULL COMMENT 'Nama Customer 1',
  `name2` varchar(35) DEFAULT NULL COMMENT 'Nama Customer 2',
  `ort01` varchar(35) DEFAULT NULL COMMENT 'Kota',
  `pstlz` varchar(10) DEFAULT NULL COMMENT 'Kode Pos',
  `regio` varchar(3) DEFAULT NULL COMMENT 'Region / Provinsi',
  `sortl` varchar(10) DEFAULT NULL COMMENT 'Inisial',
  `stras` varchar(225) DEFAULT NULL COMMENT 'Alamat',
  `telf1` varchar(16) DEFAULT NULL COMMENT 'No Telepon',
  `telfx` varchar(31) DEFAULT NULL COMMENT 'No Fax',
  `adrnr` varchar(10) DEFAULT NULL COMMENT 'Alamat',
  `mcod1` varchar(25) DEFAULT NULL COMMENT 'Inisial 2'
) ENGINE=InnoDB DEFAULT CHARSET=latin1;

--
-- Dumping data for table `customer`
--

INSERT INTO `customer` (`id`, `mandt`, `kunnr`, `name1`, `name2`, `ort01`, `pstlz`, `regio`, `sortl`, `stras`, `telf1`, `telfx`, `adrnr`, `mcod1`) VALUES
(1, NULL, 'A213', 'Husni Sejahtera, tbk', NULL, 'TLAS-SUMBAWA', '2434', NULL, NULL, 'Jl. Wolter monginsid', '0911-361262', NULL, NULL, NULL),
(2, NULL, 'A213', 'Aneka Guna', NULL, 'TMBON', '2434', NULL, NULL, 'Jl. Wolter monginsid', '0911-361262222', NULL, NULL, NULL),
(3, NULL, 'D102', 'Dunia Bangunan', NULL, 'TMBULU', '2434', NULL, NULL, 'Jl. Yos sudarso 24', '0911-321317', NULL, NULL, NULL),
(4, NULL, 'G080', 'Lucky', NULL, 'TTAMBUA', '2434', NULL, NULL, 'Jl. D.i panjaitan no', '0911-342058', NULL, NULL, NULL),
(5, NULL, 'G089', 'Vivian', NULL, 'TABAT', '2434', NULL, NULL, 'Jl.dr.siwabessy no.3', '0911-343616', NULL, NULL, NULL),
(6, NULL, 'N011', 'Naga Kuning', NULL, 'TADUNG-BALI', '2434', NULL, NULL, 'Jl. A.y. patty 08', '0911-341214', NULL, NULL, NULL),
(7, NULL, 'N052', 'Halong Baru Indah (Nessta)', NULL, 'TAJAWA', '2434', NULL, NULL, 'Jl.wolter monginsidi', '0911-356394', NULL, NULL, NULL),
(8, NULL, 'P147', 'Pacific Raya', NULL, 'TALIKPAPAN', '2434', NULL, NULL, 'Jl.sam ratulangi no ', '0911-345999', NULL, NULL, NULL),
(9, NULL, 'I086', 'Imperial Bangunan', NULL, 'TALUNG-JEMBER', '2434', NULL, NULL, 'Jl pramuka - pasar b', '0389 22278', NULL, NULL, NULL),
(10, NULL, 'L016', 'Lhb (Lestari Hidup Baru)', NULL, 'TANDA ACEH', '2434', NULL, NULL, 'Jl.jend.sudirman no.', '0389-21777', NULL, NULL, NULL),
(11, NULL, 'L122', 'Lhb Ii', NULL, 'TANDARLAMPUNG', '2434', NULL, NULL, 'Jl.jend.sudirman no.', '0389-21777', NULL, NULL, NULL),
(12, NULL, 'M366', 'Medali Mas', NULL, 'TANDUNG', '2434', NULL, NULL, 'Jl pramuka', '0389 21243', NULL, NULL, NULL),
(13, NULL, 'S543', 'Samara Bangunan', NULL, 'TANGIL', '2434', NULL, NULL, 'Jl.adam malik', '0389-22000', NULL, NULL, NULL),
(14, NULL, 'S352', 'Sumber Jaya', NULL, 'TANGKALAN', '2434', NULL, NULL, 'Jl. Raya 253', '(0322) 451035', NULL, NULL, NULL),
(15, NULL, 'S744', 'Sahabat', NULL, 'TANGKO', '2434', NULL, NULL, 'Jl.raya no.235', '0322-51010', NULL, NULL, NULL),
(16, NULL, 'B263', 'Berkat Anugrah ,Cv', NULL, 'TANJAR-CIAMIS', '2434', NULL, NULL, 'Jl.bypass ngurah rai', '0361-9987877', NULL, NULL, NULL),
(17, NULL, 'S198', 'Sunda Makmur', NULL, 'TANJARMASIN', '2434', NULL, NULL, 'Jl.jamika 37', '022-6075028', NULL, NULL, NULL),
(18, NULL, 'C134', 'Cahaya Timur Motor', NULL, 'TANYUWANGI', '2434', NULL, NULL, 'Jokotole 6', '031-3093592', NULL, NULL, NULL),
(19, NULL, 'K168', 'Kurniawan, Tk', NULL, 'TATAM', '2434', NULL, NULL, 'Jl pasar baru', '0384-21096', NULL, NULL, NULL),
(20, NULL, 'N076', 'Nuansa Abadi, Tk', NULL, 'TATU', '2434', NULL, NULL, 'Jl pasar baru', '0384-2223380', NULL, NULL, NULL),
(21, NULL, 'A246', 'Adi Jaya', NULL, 'TATU LICIN', '2434', NULL, NULL, 'Jl. Pandan wangi no ', '0542- 7022880', NULL, NULL, NULL),
(22, NULL, 'A322', 'Asahi Mas', NULL, 'TAU-BAU', '2434', NULL, NULL, 'Jl. Jendral ahmad ya', '0542-423796', NULL, NULL, NULL),
(23, NULL, 'A333', 'Aloha Motor', NULL, 'TEKASI', '2434', NULL, NULL, 'Jl. Letjend suprapto', '', NULL, NULL, NULL),
(24, NULL, 'B053', 'Bumi Indah', NULL, 'TENGKULU', '2434', NULL, NULL, 'Jl.pandan sari rt xv', '0542-421293', NULL, NULL, NULL),
(25, NULL, 'B300', 'Bursa Teknik', NULL, 'TERAU', '2434', NULL, NULL, 'Jl. Marsma r iswahyu', '0542-7146789', NULL, NULL, NULL),
(26, NULL, 'B301', 'Budi  Jaya, Ud', NULL, 'TESUKI', '2434', NULL, NULL, 'Jl. Jend. A yani rt.', '0542-423570', NULL, NULL, NULL),
(27, NULL, 'C085', 'Cahaya Logam', NULL, 'TIAK', '2434', NULL, NULL, 'Jl. Jend.sudirman no', '0542-744218', NULL, NULL, NULL),
(28, NULL, 'C107', 'Citra Listrik ,Ud', NULL, 'TIMA', '2434', NULL, NULL, 'Ruko komp.balikpapan', '', NULL, NULL, NULL),
(30, NULL, 'C109', 'Cahaya Mas ,Tk', NULL, 'TINTUNI', '2434', NULL, NULL, 'Jl.letjend suprapto', '0542-421789', NULL, NULL, NULL),
(31, NULL, 'C136', 'Century Jaya', NULL, 'TITUNG', '2434', NULL, NULL, 'Jl. Mulawarman kota ', '0542-770127', NULL, NULL, NULL),
(32, NULL, 'E007', 'Edwyn', NULL, 'TLITAR', '2434', NULL, NULL, 'Jl.letjen suprapto r', '0542- 422735', NULL, NULL, NULL),
(33, NULL, 'G105', 'Gembira', NULL, 'TLORA', '2434', NULL, NULL, 'Jl.ngareng no.19 a', '0296-421602', NULL, NULL, NULL),
(34, NULL, 'M342', 'Maju, Ud', NULL, 'TOGOR', '2434', NULL, NULL, 'S. Parman 40', '0435-82202', NULL, NULL, NULL),
(35, NULL, 'E009', 'Extra,Ud', NULL, 'TOJONEGORO', '2434', NULL, NULL, 'Jl.melati 178', '0331-483747', NULL, NULL, NULL),
(36, NULL, 'E045', 'Eka Sakti', NULL, 'TONDOWOSO', '2434', NULL, NULL, 'Jl. Sungai ampal rt ', '0542-739533', NULL, NULL, NULL),
(37, NULL, 'G045', 'Gelori', NULL, 'TONTANG BARU', '2434', NULL, NULL, 'Jl. Letjend suprapto', '0542- 422243', NULL, NULL, NULL),
(38, NULL, 'G114', 'Gunawan Motor', NULL, 'TULELENG', '2434', NULL, NULL, 'Jl. A yani rt.59 no.', '0542-424036', NULL, NULL, NULL),
(39, NULL, 'K150', 'Karya Technical ,Cv', NULL, 'TAKRANEGARA', '2434', NULL, NULL, 'Jl.jend sudirman no.', '0542-443335', NULL, NULL, NULL),
(40, NULL, 'K156', 'Kaltim Prima Teknik , Ud', NULL, 'TARUBAN', '2434', NULL, NULL, 'Jl mt haryono no. 45', '0542-7112466', NULL, NULL, NULL),
(41, NULL, 'K173', 'Km Toys', NULL, 'TEPU', '2434', NULL, NULL, 'Jl pandansari 35', '0542-7100585', NULL, NULL, NULL),
(42, NULL, 'M205', 'Mega Raya', NULL, 'TIANJUR', '2434', NULL, NULL, 'Jl. Letjen suprapto ', '0542-742251', NULL, NULL, NULL),
(43, NULL, 'M358', 'Mulia,Tk', NULL, 'TIAWI', '2434', NULL, NULL, 'Jl letjend suprapto ', '0542- 422154', NULL, NULL, NULL),
(44, NULL, 'M369', 'Manggar Tehnik', NULL, 'TIKAMPEK', '2434', NULL, NULL, 'Jl. Mulawarman rt 14', '0542-790322', NULL, NULL, NULL),
(45, NULL, 'N015', 'Makin Jaya', NULL, 'TIKARANG', '2434', NULL, NULL, 'Jl.d.i.panjahitan 45', '0542-421068', NULL, NULL, NULL),
(46, NULL, 'P195', 'Prima Indah', NULL, 'TILACAP', '2434', NULL, NULL, 'Jl. Letjend suprapto', '0542-8073489', NULL, NULL, NULL),
(47, NULL, 'P196', 'Panen Jaya', NULL, 'TILEGON', '2434', NULL, NULL, 'Jl. Pandan sari no.1', '0542-424258', NULL, NULL, NULL),
(48, NULL, 'S153', 'Selecta', NULL, 'TILEUNGSI', '2434', NULL, NULL, 'Jl.letjend.suprapto ', '0542-424134', NULL, NULL, NULL),
(49, NULL, 'N026', 'Nurani', NULL, 'TIREBON', '2434', NULL, NULL, 'Jl.syamanhudi no.102', '0331-486625', NULL, NULL, NULL),
(50, NULL, 'U015', 'Union Jaya', NULL, 'TISARUA', '2434', NULL, NULL, 'Jl.gajah mada no.28', '0331-483015', NULL, NULL, NULL),
(51, NULL, 'S154', 'Semua Kawan', NULL, 'TURUP', '2434', NULL, NULL, 'Jl.soekarno hatta rt', '0542-423145', NULL, NULL, NULL),
(52, NULL, 'S156', 'Sinar Logam', NULL, 'TELANGGU', '2434', NULL, NULL, 'Jl.pandan sari rt xv', '0542-731068', NULL, NULL, NULL),
(53, NULL, 'S354', 'Series Teknik', NULL, 'TELI SERDANG', '2434', NULL, NULL, 'Jl.a.yani rt 05 rw 0', '0542-7069111', NULL, NULL, NULL),
(54, NULL, 'S561', 'Sama Makmur', NULL, 'TENPASAR', '2434', NULL, NULL, 'Jl.letjen suprapto n', '0542- 421674', NULL, NULL, NULL),
(55, NULL, 'S776', 'Sinar Sumatra, Cv', NULL, 'TEPOK', '2434', NULL, NULL, 'Jl.mayjend sutoyono.', '0542-5650980', NULL, NULL, NULL),
(56, NULL, 'S832', 'Sama Jaya', NULL, 'TOMPU-NTB', '2434', NULL, NULL, 'Jl. Letjend suprapto', '0542-421531', NULL, NULL, NULL),
(57, NULL, 'S869', 'Selco Indonesia', NULL, 'TONGGALA', '2434', NULL, NULL, 'Jl mulawarman komp b', '0542-7571077', NULL, NULL, NULL),
(61, NULL, 'S879', 'Sumber Daya', NULL, 'TONGKEK-SUMENEP', '2434', NULL, NULL, 'Jl. Letjend suprapto', '0542-424757', NULL, NULL, NULL),
(62, NULL, 'S880', 'Sinar Abadi', NULL, 'TNDE', '2434', NULL, NULL, 'Komplek balikpapan b', '0542-872661', NULL, NULL, NULL),
(63, NULL, 'W049', 'Winata Jaya', NULL, 'TARUT', '2434', NULL, NULL, 'Jl. Adil makmur rt.1', '0542-731368', NULL, NULL, NULL),
(64, NULL, 'S953', 'Sekar Jaya, Ud', NULL, 'TENTENG', '2434', NULL, NULL, 'Jl. Soekarno hatta  ', '0542-424656', NULL, NULL, NULL),
(65, NULL, 'M309', 'Murni Jaya Diesel', NULL, 'TIANYAR', '2434', NULL, NULL, 'Jl. Ambulu 153a', '0336-623080', NULL, NULL, NULL),
(66, NULL, 'A234', 'Ahin (Teguh Jaya)', NULL, 'TOMBONG', '2434', NULL, NULL, 'Jl.satria raya no.12', '022-5414772', NULL, NULL, NULL),
(67, NULL, 'S535', 'Samudra', NULL, 'TORONTALO', '2434', NULL, NULL, 'Jl.brawijaya', '0971-321989', NULL, NULL, NULL),
(68, NULL, 'M147', 'Mega Baru', NULL, 'TRESIK', '2434', NULL, NULL, 'Jl.yos sudarso', '(0984)23100', NULL, NULL, NULL),
(69, NULL, 'B116', 'Baru', NULL, 'TAJAG', '2434', NULL, NULL, 'Jl.yos sudarso', '0556-21043', NULL, NULL, NULL),
(70, NULL, 'B066', 'Berkat Jaya Teknik', NULL, 'TAKARTA BARAT', '2434', NULL, NULL, 'Jl.kebon jati 99', '022-6002197', NULL, NULL, NULL),
(71, NULL, 'B071', 'Bangun Indah Tb', NULL, 'TAKARTA PUSAT', '2434', NULL, NULL, 'Jl.pecinan lama 27', '022-434951', NULL, NULL, NULL),
(72, NULL, 'B188', 'Bintang Abadi', NULL, 'TAKARTA SELATAN', '2434', NULL, NULL, 'Jl. Raya lembang no ', '022-2786071', NULL, NULL, NULL),
(73, NULL, 'C046', 'Cahaya', NULL, 'TAKARTA TIMUR', '2434', NULL, NULL, 'Jl.sunia raja no.74', '022-4237112', NULL, NULL, NULL),
(74, NULL, 'G049', 'Gumbira', NULL, 'TAKARTA UTARA', '2434', NULL, NULL, 'Jl.gang sunia raja n', '022-4205324', NULL, NULL, NULL),
(75, NULL, 'H014', 'Hong Lie', NULL, 'TAMBI', '2434', NULL, NULL, 'Jl.sunia raja 60', '022-4234161', NULL, NULL, NULL),
(76, NULL, 'O004', 'Orion', NULL, 'TAYAPURA', '2434', NULL, NULL, 'Jl.pasar cikapundung', '022-4207613', NULL, NULL, NULL),
(77, NULL, 'P043', 'Pusaka Hardware', NULL, 'TEMBER', '2434', NULL, NULL, 'Jl.sunda 35', '022-4238942', NULL, NULL, NULL),
(78, NULL, 'S613, S027', 'Suryaman Tritunggal Perkasa', NULL, 'TEPARA', '2434', NULL, NULL, 'Jl. Gg suniaraja no.', '022-4215050', NULL, NULL, NULL),
(79, NULL, 'T042', 'Terus Sinar', NULL, 'TUWANA', '2434', NULL, NULL, 'Jl.gang sunia raja 6', '022-4233696', NULL, NULL, NULL),
(80, NULL, 'U008', 'Usaha Teknik', NULL, 'TARANGJATI-BALIKPAPAN', '2434', NULL, NULL, 'Jl.abc 85', '022-4232802', NULL, NULL, NULL),
(81, NULL, 'U012', 'Usaha Jaya', NULL, 'TARAWANG', '2434', NULL, NULL, 'Jl.jend a yani 809 a', '022-7202121', NULL, NULL, NULL),
(82, NULL, 'G103', 'Goshen', NULL, 'TARTOSURO', '2434', NULL, NULL, 'Jl.jaksa agung supra', '081332400093', NULL, NULL, NULL),
(83, NULL, 'A304', 'Aneka Motor', NULL, 'TASIYAN-JEMBER', '2434', NULL, NULL, 'Jl.a yani km 1 no.78', '0511-32687881', NULL, NULL, NULL),
(84, NULL, 'A344', 'Amalia', NULL, 'TEBUMEN', '2434', NULL, NULL, 'Jl. Raya banjar inda', '0511-3272104', NULL, NULL, NULL),
(85, NULL, 'N065', 'New Inti 1', NULL, 'TEDATON', '2434', NULL, NULL, 'Jl. Trunojoyo no. 34', '0324-22092', NULL, NULL, NULL),
(86, NULL, 'W004', 'Wina', NULL, 'TEDIRI', '2434', NULL, NULL, 'Jl.baliwerti no.49', '5341066', NULL, NULL, NULL),
(87, NULL, 'C054', 'Cahaya Timika', NULL, 'TENDARI', '2434', NULL, NULL, 'Jl.yos sudarso no.28', '0901-321341', NULL, NULL, NULL),
(88, NULL, 'B057', 'Banjar Motor', NULL, 'TEPI', '2434', NULL, NULL, 'Jl.sudimampir no.15 ', '0511-335267', NULL, NULL, NULL),
(89, NULL, 'B059', 'Budi Rachmat (Anton)', NULL, 'TERTOSONO', '2434', NULL, NULL, 'Jl.pasar baru 102 a', '0511-3354567', NULL, NULL, NULL),
(90, NULL, 'B123', 'Baja Utama Teknik', NULL, 'TETAPANG', '2434', NULL, NULL, 'Jl.p.antasari no.10 ', '0511-3257731', NULL, NULL, NULL),
(91, NULL, 'B237', 'Teckindo Jaya', NULL, 'TLATEN', '2434', NULL, NULL, 'Jl. Perintis kemerde', '0511-4366952', NULL, NULL, NULL),
(92, NULL, 'B305', 'Budi Jaya, Tk', NULL, 'TLUNGKUNG', '2434', NULL, NULL, 'Jl. P. Samudra 125', '0511-3354346', NULL, NULL, NULL),
(93, NULL, 'C130', 'Cahaya Jaya Teknik, Ud', NULL, 'TOTA BARU', '2434', NULL, NULL, 'Jl. Perdagangan no. ', '0511-7240578', NULL, NULL, NULL),
(94, NULL, 'G020', 'Gemilang', NULL, 'TRAKSAAN', '2434', NULL, NULL, 'Jl.pasar baru no.222', '0511-3352391', NULL, NULL, NULL),
(95, NULL, 'G074', 'Griya Karunia', NULL, 'TRIAN', '2434', NULL, NULL, 'Jl. Sultan adam rt 3', '0511-3304624', NULL, NULL, NULL),
(96, NULL, 'G110', 'Gunung Mas ,Tk', NULL, 'TUALA TUNGKAL', '2434', NULL, NULL, 'Jl.a yani km 1 no.57', '0511.3266168', NULL, NULL, NULL),
(97, NULL, 'H009', 'Haji Jardi', NULL, 'TUDUS', '2434', NULL, NULL, 'Jl.pasar baru no.99', '0511-3354748', NULL, NULL, NULL),
(98, NULL, 'H038', 'Haji Syaiful', NULL, 'TUNINGAN', '2434', NULL, NULL, 'Jl. Pasar lima blok ', '0511-4366399', NULL, NULL, NULL),
(99, NULL, 'H111', 'Haji Ma\'mun ,Tk', NULL, 'TUPANG', '2434', NULL, NULL, 'Jl.pasar lima sampin', '0511-71292929', NULL, NULL, NULL),
(100, NULL, 'H112', 'Haji Jali', NULL, 'TUTA', '2434', NULL, NULL, 'Jl.pasar lima sampin', '0511-3365531', NULL, NULL, NULL),
(101, NULL, 'D078', 'Duta Interior', NULL, 'TUTOARJO', '2434', NULL, NULL, 'Jl. Durian ii no 52', '', NULL, NULL, NULL),
(102, NULL, 'K174', 'Kurnia Abadi', NULL, 'TABUAN BAJO', '2434', NULL, NULL, 'Jl erlangga', '0981-22344', NULL, NULL, NULL),
(103, NULL, 'M380', 'Mega Listrik', NULL, 'TABUHAN BATU-PRAPAT', '2434', NULL, NULL, 'Jl erlangga', '0981-27221', NULL, NULL, NULL),
(104, NULL, 'I089', 'Indra Jaya Bangunan', NULL, 'TAMONGAN', '2434', NULL, NULL, 'Jl. Amd permai raya ', '0511-7314288', NULL, NULL, NULL),
(105, NULL, 'J128', 'Jojo Motor', NULL, 'TARANTUKA', '2434', NULL, NULL, 'Jl. A. Yani km 7.3 n', '0511-7252345', NULL, NULL, NULL),
(106, NULL, 'K023', 'Karunia Teknik', NULL, 'TASEM', '2434', NULL, NULL, 'Jl.pasar lima beton ', '0511-54164', NULL, NULL, NULL),
(107, NULL, 'K115', 'Kencana Jaya', NULL, 'TEWOLEBA', '2434', NULL, NULL, 'Jl. Pasar baru no 13', '0511-3364224', NULL, NULL, NULL),
(108, NULL, 'K176', 'Karunia Abadi', NULL, 'TOBAR-LOMBOK', '2434', NULL, NULL, 'Jl. A. Yani km 9,6 (', '0511-3275375', NULL, NULL, NULL),
(109, NULL, 'M291', 'Media Teknik', NULL, 'TUBUK LINGGAU', '2434', NULL, NULL, 'Jl. A . Yani km 1 no', '0511-3261919', NULL, NULL, NULL),
(110, NULL, 'M373', 'Megah Karya Bangunan', NULL, 'TUMAJANG', '2434', NULL, NULL, 'Jl. Perdagangan', '0511-3304538', NULL, NULL, NULL),
(111, NULL, 'M374', 'Merpati', NULL, 'TUWUK', '2434', NULL, NULL, 'Jl. Pasar baru no. 1', '0511-4367841', NULL, NULL, NULL),
(112, NULL, 'P037', 'Ganda', NULL, 'TADIUN', '2434', NULL, NULL, 'Jl.pasar baru no 89', '0511-3360562', NULL, NULL, NULL),
(113, NULL, 'P121', 'Putra Gemilang Prima', NULL, 'TAGELANG', '2434', NULL, NULL, 'Jl.soetoyo s no 94/2', '0511-3360080', NULL, NULL, NULL),
(114, NULL, 'S159', 'Sabang (Mitra Sejati)', NULL, 'TAGETAN', '2434', NULL, NULL, 'Jl.psr.baru no.65', '0511-3353550', NULL, NULL, NULL),
(115, NULL, 'S160', 'Sinar Bangunan', NULL, 'TAKASSAR', '2434', NULL, NULL, 'Jl.psr.baru no.222/1', '0511-3353050', NULL, NULL, NULL),
(116, NULL, 'S161', 'Sinar Jaya', NULL, 'TALANG', '2434', NULL, NULL, 'Jl.pasar baru no.61', '0511-4367063', NULL, NULL, NULL),
(124, NULL, 'S163', 'Syahlimin Jaya', NULL, 'TALINAU-KALTIM', '2434', NULL, NULL, 'Jl.psr.baru no.12', '0511-3354859', NULL, NULL, NULL),
(125, NULL, 'S597', 'Sarana Teknik', NULL, 'TANADO', '2434', NULL, NULL, 'Jl.pasar baru 21 / 3', '0511-4365969', NULL, NULL, NULL),
(126, NULL, 'S790', 'Sinar Bangunan Baru ,Tk', NULL, 'TANGGAR', '2434', NULL, NULL, 'Jl.mt haryono no.13', '0511-4365227', NULL, NULL, NULL),
(127, NULL, 'S855', 'Sinar Tehnik , Ud', NULL, 'TANOKWARI', '2434', NULL, NULL, 'Jl. Hasanudin no. 39', '0511-4369796', NULL, NULL, NULL),
(128, NULL, 'S856', 'Sinar Muda, Tk', NULL, 'TARISA', '2434', NULL, NULL, 'Jl. Pasar baru no. 2', '0511 -3354852', NULL, NULL, NULL),
(129, NULL, 'B318', 'Berkat Karunia', NULL, 'TARTAPURA', '2434', NULL, NULL, 'Jl. Hksn komplek sur', '0511-7230620', NULL, NULL, NULL),
(130, NULL, 'B320', 'Betania', NULL, 'TATARAM', '2434', NULL, NULL, 'Jl. Mt. Haryono no. ', '0511-3365597', NULL, NULL, NULL),
(131, NULL, 'D111', 'D3 Safety', NULL, 'TAUMERE', '2434', NULL, NULL, 'Jl. Ahmad yani  km.9', '0511-4281495', NULL, NULL, NULL),
(132, NULL, 'I021', 'Indah Karya I', NULL, 'TEDAN', '2434', NULL, NULL, 'Jl.basuki rachmat 68', '0333-421169', NULL, NULL, NULL),
(133, NULL, 'K041', 'Kayu Tangan Motor, Ud', NULL, 'TERAUKE', '2434', NULL, NULL, 'Jl. Kapten ilyas no.', '0333-421209', NULL, NULL, NULL),
(134, NULL, 'K159', 'Kurnia Indah , Ud', NULL, 'TETRO', '2434', NULL, NULL, 'Jl raya sumber ayu 1', '0333.593444', NULL, NULL, NULL),
(135, NULL, 'P191', 'Putra Jaya Teknik', NULL, 'TOJOKERTO', '2434', NULL, NULL, 'Jl yos sudarso no. 1', '0333-413928', NULL, NULL, NULL),
(136, NULL, 'R024', 'Rimba Mas', NULL, 'TOJOSARI', '2434', NULL, NULL, 'Jl.jend sudirman no.', '0333-423335', NULL, NULL, NULL),
(137, NULL, 'S730', 'Sumber Jaya', NULL, 'TUARA BUNGO', '2434', NULL, NULL, 'Jl.bantrang no.40', '0333-770860', NULL, NULL, NULL),
(138, NULL, 'S910', 'Suka Jaya', NULL, 'TABIRE', '2434', NULL, NULL, 'Jl. Raya gladak rogo', '0333-636386', NULL, NULL, NULL),
(139, NULL, 'T140', 'Tripoly Motor', NULL, 'TEGARA', '2434', NULL, NULL, 'Jl.basuki rachmat no', '0333-7740215', NULL, NULL, NULL),
(140, NULL, 'P188', 'Putra Mandiri', NULL, 'TGANJUK', '2434', NULL, NULL, 'Jl. Raya pendem 136', '0341-532372', NULL, NULL, NULL),
(141, NULL, 'P214', 'Prima Jaya', NULL, 'TGAWI', '2434', NULL, NULL, 'Jl. Raya kajar, pand', '0341-594660', NULL, NULL, NULL),
(142, NULL, 'M386', 'Maju, Ud', NULL, 'TGUNUT', '2434', NULL, NULL, 'Jl transmigrasi', '0518-71717', NULL, NULL, NULL),
(143, NULL, 'S916', 'Sinar Mulia', NULL, 'TUNUKAN', '2434', NULL, NULL, 'Jl raya batulicin no', '0518-71604', NULL, NULL, NULL),
(144, NULL, 'I084', 'Iskandar Kato Berlian', NULL, 'TADANG', '2434', NULL, NULL, 'Jl. R.a. kartini no.', '', NULL, NULL, NULL),
(145, NULL, 'S905', 'Sinar Motor, Tk', NULL, 'TAGIMANA', '2434', NULL, NULL, 'Jl yos sudarso 67', '0402-2821056', NULL, NULL, NULL),
(146, NULL, 'L143', 'Logam Raya', NULL, 'TAITON', '2434', NULL, NULL, 'Jl. Yos sudarso 99', '0402-2821210', NULL, NULL, NULL),
(147, NULL, 'B201, B006', 'Bazar Bangunan', NULL, 'TALANGKA RAYA', '2434', NULL, NULL, 'Jl.ir.h.juanda no.68', '021-88966789', NULL, NULL, NULL),
(148, NULL, 'M304, L001', 'Lintas Timur, Pt', NULL, 'TALEMBANG', '2434', NULL, NULL, 'Jl. Ir.h.juanda no 9', '021-8822117', NULL, NULL, NULL),
(149, NULL, 'A185', 'Avian Jaya', NULL, 'TALU', '2434', NULL, NULL, 'Jl. Akb. Sanipah i n', '0559-25890', NULL, NULL, NULL),
(150, NULL, 'L053', 'Langgeng Jaya', NULL, 'TAMEKASAN', '2434', NULL, NULL, 'Jl. Jendral sudirman', '0554-22458', NULL, NULL, NULL),
(151, NULL, 'M242', 'Mega Gemilang', NULL, 'TANDAAN', '2434', NULL, NULL, 'Jl.durian i rt 25 no', '0554-23362; 233', NULL, NULL, NULL),
(152, NULL, 'S326', 'Sulawesi, Tb', NULL, 'TANDEGLANG', '2434', NULL, NULL, 'Jl.r.e. martadinata ', '0282-534146', NULL, NULL, NULL),
(153, NULL, 'S567', 'Sumber Teknik Putra', NULL, 'TANGKAL PINANG', '2434', NULL, NULL, 'Jl. A.yani no 150', '0282-533474', NULL, NULL, NULL),
(154, NULL, 'P071', 'Tunggal Jaya', NULL, 'TANGKALAN BUN', '2434', NULL, NULL, 'Jl. Perintis kemerde', '0282-545775', NULL, NULL, NULL),
(155, NULL, 'K179', 'Kencana Tehnik, Tk', NULL, 'TARE', '2434', NULL, NULL, 'Jl. Perintis kemerde', '0282-541627', NULL, NULL, NULL),
(156, NULL, 'J079, J003', 'Jaya Tunggal Teknik', NULL, 'TASURUAN', '2434', NULL, NULL, 'Jl. A. Yani 130', '0254-391758', NULL, NULL, NULL),
(157, NULL, 'B218', 'Bali Diesel', NULL, 'TATI', '2434', NULL, NULL, 'Jl.gatot subroto tim', '0361-462718', NULL, NULL, NULL),
(158, NULL, 'B235', 'Bali Timbul Jaya', NULL, 'TEKALONGAN', '2434', NULL, NULL, 'Jl.imam bonjol 419 x', '0361-485031', NULL, NULL, NULL),
(159, NULL, 'B272', 'Bahagia ,Cv', NULL, 'TEKANBARU', '2434', NULL, NULL, 'Jl.dr sutomo no.23-2', '0361-429211', NULL, NULL, NULL),
(160, NULL, 'B307', 'Bali Timbul Jaya (Gatsu), Ud', NULL, 'TEMALANG', '2434', NULL, NULL, 'Jl. Gatot subroto no', '0361-8091133', NULL, NULL, NULL),
(161, NULL, 'B311', 'Bintang Naga Jaya', NULL, 'TEMATANG SIANTAR', '2434', NULL, NULL, 'Jl nara kusuma 20', '0361-261605', NULL, NULL, NULL),
(162, NULL, 'E046', 'Ew ( Ekwan Wito )', NULL, 'TINRANG', '2434', NULL, NULL, 'Jl. Trenggana 179 x ', '0361-8508400', NULL, NULL, NULL),
(163, NULL, 'G127', 'Grahatika Centratama, Pt', NULL, 'TONOROGO', '2434', NULL, NULL, 'Jl. Gatot subroto te', '0361-429100', NULL, NULL, NULL),
(164, NULL, 'H140', 'Harmony Teknik', NULL, 'TONTIANAK', '2434', NULL, NULL, 'Jl. Raya padang luwi', '0361-8710700', NULL, NULL, NULL),
(165, NULL, 'T082', 'Tanjung Raya', NULL, 'TORONG', '2434', NULL, NULL, 'Jl. S.a. maulana no.', '0554-21269, 219', NULL, NULL, NULL),
(166, NULL, 'I083', 'Inti Bearings', NULL, 'TRAYA-LOMBOK', '2434', NULL, NULL, 'Jl. Raya dr. Soetomo', '0361-429224', NULL, NULL, NULL),
(167, NULL, 'J091', 'Jaya Pratama Teknik', NULL, 'TROBOLINGGO', '2434', NULL, NULL, 'Jl.raya sesetan no.6', '0361-223194', NULL, NULL, NULL),
(168, NULL, 'K166', 'Karunia', NULL, 'TURBALINGGA', '2434', NULL, NULL, 'Jl. G. Andakasa gg. ', '0361-414858', NULL, NULL, NULL),
(169, NULL, 'K167', 'Karya Jaya Teknik', NULL, 'TURWAKARTA', '2434', NULL, NULL, 'Jl. Antasura 16 c de', '0361-7411075', NULL, NULL, NULL),
(170, NULL, 'M316', 'Mitra Kita ,Ud', NULL, 'TURWODADI', '2434', NULL, NULL, 'Jl.gunung catur no.3', '08123964479', NULL, NULL, NULL),
(171, NULL, 'M322', 'Mitra Jaya ,Ud', NULL, 'TURWOKERTO', '2434', NULL, NULL, 'Jl.nakula no.10 e br', '0361-499025', NULL, NULL, NULL),
(172, NULL, 'N072', 'Nuada, Tk', NULL, 'TURWOREJO', '2434', NULL, NULL, 'Jl raya sempidi no.3', '0361-7464451', NULL, NULL, NULL),
(173, NULL, 'O009', 'Omega Teknik', NULL, 'TABA-BIMA', '2434', NULL, NULL, 'Jl.hos cokroaminoto ', '0361-423581', NULL, NULL, NULL),
(174, NULL, 'P116', 'Putra Tehnik', NULL, 'TANGKAS BITUNG', '2434', NULL, NULL, 'Jl.mahendra data no ', '0361-8450800', NULL, NULL, NULL),
(175, NULL, 'P198', 'Putra Perdana', NULL, 'TEMBANG', '2434', NULL, NULL, 'Jl. Kenyeri iii c-a3', '0361-265673', NULL, NULL, NULL),
(176, NULL, 'P207', 'Profil Indah', NULL, 'TOGOJAMPI', '2434', NULL, NULL, 'Jl bulu indah 54c', '0361 7400588', NULL, NULL, NULL),
(177, NULL, 'R078', 'Rajawali Jaya Teknik', NULL, 'TUTENG', '2434', NULL, NULL, 'Jl. Raya sesetan 187', '0361-7478087', NULL, NULL, NULL),
(178, NULL, 'S647', 'Surabaya Baut', NULL, 'TALATIGA', '2434', NULL, NULL, 'Jl.imam bonjol no.28', '0361-7428839', NULL, NULL, NULL),
(179, NULL, 'T085', 'Tiga Berlian', NULL, 'TAMARINDA', '2434', NULL, NULL, 'Jl. Jend.a.yani 37', '0554-21752', NULL, NULL, NULL),
(180, NULL, 'S654', 'Siyem Baut', NULL, 'TAMPANG', '2434', NULL, NULL, 'Jl.gatot subroto tim', '0361-231221', NULL, NULL, NULL),
(181, NULL, 'S655', 'Saerah', NULL, 'TAMPIT', '2434', NULL, NULL, 'Jl gatot subroto bar', '0361-422443', NULL, NULL, NULL),
(182, NULL, 'S668', 'Surya Baut', NULL, 'TAROLANGON', '2434', NULL, NULL, 'Jl. Perempatan gatsu', '0361-430500', NULL, NULL, NULL),
(183, NULL, 'S887', 'Sumber Sari', NULL, 'TAUMLAKI-MALUKU', '2434', NULL, NULL, 'Jl. Raya mambal 60 -', '0361-2788268', NULL, NULL, NULL),
(184, NULL, 'S922', 'Sentosa Teknik', NULL, 'TEMARANG', '2434', NULL, NULL, 'Gunung soputan no. 1', '0361-8034568', NULL, NULL, NULL),
(185, NULL, 'S923', 'Surga Baut', NULL, 'TEPANJANG', '2434', NULL, NULL, 'Jl. Padang luwih no.', '0361-8715056', NULL, NULL, NULL),
(186, NULL, 'S932', 'Sinar Sejahtera', NULL, 'TERANG', '2434', NULL, NULL, 'Jl trenggana 168 b', '0361 7421551', NULL, NULL, NULL),
(187, NULL, 'T127', 'Taras (Sesetan)', NULL, 'TERPONG', '2434', NULL, NULL, 'Jl.raya sesetan no.2', '0361-240244', NULL, NULL, NULL),
(188, NULL, 'T129', 'Teguh Mulia', NULL, 'TERUI', '2434', NULL, NULL, 'Jl.bypass ngurah rai', '0361-728630;', NULL, NULL, NULL),
(189, NULL, 'T131', 'Taras (Wr Supratman)', NULL, 'TIDOARJO', '2434', NULL, NULL, 'Jl. Wr.supratman no ', '0361-469513', NULL, NULL, NULL),
(190, NULL, 'T169', 'Tri Satya Utama', NULL, 'TINDANGLAYA', '2434', NULL, NULL, 'Jl. Muding batu sang', '0361-7907999', NULL, NULL, NULL),
(191, NULL, 'U051', 'Utama Jaya', NULL, 'TINGARAJA', '2434', NULL, NULL, 'Jl kampus ngurah rai', '0361 742645', NULL, NULL, NULL),
(192, NULL, 'S945', 'Surya Jaya', NULL, 'TITUBONDO', '2434', NULL, NULL, 'Jl raya sesetan 345 ', '0361-721830', NULL, NULL, NULL),
(193, NULL, 'B130', 'Bosnik', NULL, 'TOE', '2434', NULL, NULL, 'Jl.jendral sudirman ', '0981-21523', NULL, NULL, NULL),
(194, NULL, 'A104', 'Atambua', NULL, 'TORONG', '2434', NULL, NULL, 'Jl.kemakmuran no.12', '0381-21354', NULL, NULL, NULL),
(195, NULL, 'A105', 'Alam Subur', NULL, 'TRAGEN', '2434', NULL, NULL, 'Jl.banteng no.8', '0381-21281', NULL, NULL, NULL),
(196, NULL, 'A340', 'Anggrek,Tk', NULL, 'TRENGAT-BLITAR', '2434', NULL, NULL, 'Jl pasar no.1', '0381-21334', NULL, NULL, NULL),
(197, NULL, 'A351', 'Apollo Motor', NULL, 'TUKABUMI', '2434', NULL, NULL, 'Jl kelimutu 11', '0381-21395', NULL, NULL, NULL),
(198, NULL, 'S897', 'Sinar Bangunan, Tk', NULL, 'TUKOREJO', '2434', NULL, NULL, 'Jl kemakmuran 2', '0381-21454', NULL, NULL, NULL),
(199, NULL, 'S939', 'Sinar Perdana, Tk', NULL, 'TUMBAWA BESAR', '2434', NULL, NULL, 'Jl gatot subroto 24 ', '0381-21693', NULL, NULL, NULL),
(200, NULL, 'A248', 'Astina Motor', NULL, 'TUMENEP', '2434', NULL, NULL, 'Jl.raya samplangan', '0361-943674', NULL, NULL, NULL),
(201, NULL, 'D074', 'Bagoes Balindo Jaya, Pt', NULL, 'TURABAYA', '2434', NULL, NULL, 'Jl.raya semabaung no', '0361-951918', NULL, NULL, NULL),
(202, NULL, 'P145', 'Putra Manila', NULL, 'TURABAYA-', '2434', NULL, NULL, 'Jl.raya wisma udayan', '0361-942211', NULL, NULL, NULL),
(203, NULL, 'A031', 'Aneka Logam', NULL, 'TURABAYA BARAT', '2434', NULL, NULL, 'Jl.m.t.haryono no.40', '0435-822413', NULL, NULL, NULL),
(204, NULL, 'A300', 'Aneka Baut 2', NULL, 'TURABAYA PUSAT', '2434', NULL, NULL, 'Jl.andalas no.108', '', NULL, NULL, NULL),
(205, NULL, 'A339', 'Agung Mulia', NULL, 'TURABAYA SELATAN', '2434', NULL, NULL, 'Jl. Ry limboto patun', '0435-838696', NULL, NULL, NULL),
(206, NULL, 'B049', 'Besi Murni', NULL, 'TURABAYA TIMUR', '2434', NULL, NULL, 'Jl.soeprapto no.48', '0435-821316', NULL, NULL, NULL),
(207, NULL, 'B165', 'Besi Jaya', NULL, 'TURABAYA TIMUR-', '2434', NULL, NULL, 'Jl.suprapto no.32', '0435-621410', NULL, NULL, NULL),
(208, NULL, 'S394', 'Sinar Pagi', NULL, 'TURABAYA UTARA', '2434', NULL, NULL, 'Jl.selat madura no.3', '0981-21842', NULL, NULL, NULL),
(209, NULL, 'B319', 'Bintang', NULL, 'TURABAYA^', '2434', NULL, NULL, 'Jl. Raya bosnik no. ', '0981-25388', NULL, NULL, NULL),
(210, NULL, 'B238', 'Bintang Mas', NULL, 'TURAKARTA', '2434', NULL, NULL, 'Jl.sultan hasanudin ', '0374-42364', NULL, NULL, NULL),
(211, NULL, 'B309', 'Baru Motor, Ud', NULL, 'TWETA', '2434', NULL, NULL, 'Jl. St. Kaharudin no', '0374-42451', NULL, NULL, NULL),
(212, NULL, 'I019', 'Indra', NULL, 'TABANAN', '2434', NULL, NULL, 'Jl.st.hasanuddin no.', '0374-42066', NULL, NULL, NULL),
(213, NULL, 'J076', 'Jawa Baru Motor', NULL, 'TANGERANG', '2434', NULL, NULL, 'Jl. Sultan hasanudin', '0374-42067', NULL, NULL, NULL),
(214, NULL, 'J105', 'Jaya Raya', NULL, 'TANJUNG PINANG', '2434', NULL, NULL, 'Jl.sultan hasanudin', '0374-44091', NULL, NULL, NULL),
(215, NULL, 'M135', 'Mujur', NULL, 'TANJUNG SELOR', '2434', NULL, NULL, 'Jl.st.salahudin no.8', '0374-42459', NULL, NULL, NULL),
(216, NULL, 'M279', 'Mutiara', NULL, 'TARAKAN', '2434', NULL, NULL, 'Jl.sultan hasanudin ', '0374-42213', NULL, NULL, NULL),
(217, NULL, 'M280', 'Mitra Bangunan', NULL, 'TASIKMALAYA', '2434', NULL, NULL, 'Jl.hasanudin no.8', '0374-42180', NULL, NULL, NULL),
(218, NULL, 'S370', 'Surabaya Motor', NULL, 'TEGAL', '2434', NULL, NULL, 'Jl. Tongkol no. 50', '0374-42264', NULL, NULL, NULL),
(219, NULL, 'J024', 'Jasa Usaha', NULL, 'TEMANGGUNG', '2434', NULL, NULL, 'Jl.belakang tugu aru', '0438-31919', NULL, NULL, NULL),
(220, NULL, 'B164', 'Bali Teknik', NULL, 'TENGGARONG', '2434', NULL, NULL, 'Jl. Bali no. 178-180', '0342-6817013', NULL, NULL, NULL),
(221, NULL, 'G091', 'Dwi Bangun Perkasa Putra, Pt', NULL, 'TERNATE', '2434', NULL, NULL, 'Jl. Cemara 238 rt 00', '0342-804805', NULL, NULL, NULL),
(222, NULL, 'L070', 'Lumintu', NULL, 'TIMIKA', '2434', NULL, NULL, 'Jl.m.iskandar 2b', '0296.531326', NULL, NULL, NULL),
(223, NULL, 'A276', 'Abadi', NULL, 'TRENGGALEK', '2434', NULL, NULL, 'Jl.pasar no.32', '0353-883138', NULL, NULL, NULL),
(224, NULL, 'E024', 'Empat Lima', NULL, 'TUBAN', '2434', NULL, NULL, 'Jl.a.yani no.54 b', '0351-383205', NULL, NULL, NULL),
(225, NULL, 'K015', 'Kuning', NULL, 'TULUNG AGUNG', '2434', NULL, NULL, 'Jl.merdeka no.98-100', '0342-801333', NULL, NULL, NULL),
(226, NULL, 'B242', 'Bintang Timur', NULL, 'TBUD', '2434', NULL, NULL, 'Jl. Andalas dpn term', '0435-8706172', NULL, NULL, NULL),
(227, NULL, 'D022', 'Dian Abadi', NULL, 'TAIWERANG', '2434', NULL, NULL, 'Jl.budi utomo no.44', '0435-822322', NULL, NULL, NULL),
(228, NULL, 'D043', 'Dian Bangunan', NULL, 'TARINGIN TIMUR', '2434', NULL, NULL, 'Jl.cokroaminoto no.8', '0435-880493', NULL, NULL, NULL),
(229, NULL, 'H147', 'Hidup Baru, Tk', NULL, 'TARU', '2434', NULL, NULL, 'Jl agus salim 401', '0435-8751313', NULL, NULL, NULL),
(230, NULL, 'I067', 'Istana Diesel', NULL, 'TATES', '2434', NULL, NULL, 'Jl. Imam bonjol 89', '043-829641', NULL, NULL, NULL),
(231, NULL, 'L019', 'Logam Utama', NULL, 'TLINGI', '2434', NULL, NULL, 'Jl.sam ratulangi no.', '0435-822024', NULL, NULL, NULL),
(232, NULL, 'M050', 'Marga Jaya', NULL, 'TONOSOBO', '2434', NULL, NULL, 'Jl.sam ratulangi no.', '0435-823545', NULL, NULL, NULL),
(233, NULL, 'P189', 'Prima Home Center', NULL, 'TUA-WUA-KENDARI', '2434', NULL, NULL, 'Jl jend. S. Parman b', '0435-8706489', NULL, NULL, NULL),
(234, NULL, 'P208', 'Panca Logam', NULL, 'TOGYAKARTA', '2434', NULL, NULL, 'Jl. Suprapto no. 54', '0435-831912', NULL, NULL, NULL),
(235, NULL, 'S137', 'Sumber Bangunan', NULL, 'TUNGAILIAT', '2434', NULL, NULL, 'Jl.letjend.suprapto ', '0435-824448', NULL, NULL, NULL),
(251, NULL, 'S620', 'Surabaya Diesel', NULL, 'TAHAT', '2434', NULL, NULL, 'Jl. Raya eato no 40', '0435-827232', NULL, NULL, NULL),
(252, NULL, 'S909', 'Sumber Jaya', NULL, 'TAMBAS - KALIMANTAN BARAT 79462', '2434', NULL, NULL, 'Jl. Jend. Sudirman n', '0435-881513', NULL, NULL, NULL),
(253, NULL, 'S921', 'Setia Budi', NULL, 'TUKIT TINGGI', '2434', NULL, NULL, 'Jl. Ahmad yani, samp', '0435-880192', NULL, NULL, NULL),
(254, NULL, 'S095', 'Sidomulyo', NULL, 'TOMBANG', '2434', NULL, NULL, 'Jl. Merdeka no. 143', '0342-802411', NULL, NULL, NULL),
(255, NULL, 'T026', 'Tiga Jaya', NULL, 'TLAS-SUMBAWA', '2434', NULL, NULL, 'Jl.s.parman no 41', '0435-821161', NULL, NULL, NULL),
(256, NULL, 'A278', 'Agung', NULL, 'TMBON', '2434', NULL, NULL, 'Jl. Dr. Wahidin 550', '031-71110735', NULL, NULL, NULL),
(257, NULL, 'D032', 'Dimensi Teknik, U.D.', NULL, 'TMBULU', '2434', NULL, NULL, 'Jl.usman sadar 27', '031-3972932', NULL, NULL, NULL),
(258, NULL, 'D099', 'Damai , Tk', NULL, 'TTAMBUA', '2434', NULL, NULL, 'Jl ja suprapto no. 9', '031-70453585', NULL, NULL, NULL),
(259, NULL, 'M277', 'Mulia Jaya Teknik', NULL, 'TABAT', '2434', NULL, NULL, 'Jl.jaksa agung supra', '031-3983355', NULL, NULL, NULL),
(260, NULL, 'S672', 'Sari Murni', NULL, 'TADUNG-BALI', '2434', NULL, NULL, 'Jl. Usman sadar no 8', '031-3971096', NULL, NULL, NULL),
(261, NULL, 'S728', 'Sehat', NULL, 'TAJAWA', '2434', NULL, NULL, 'Jl. Hos cokroaminoto', '031-70108177', NULL, NULL, NULL),
(262, NULL, 'S775', 'Sumber Jaya', NULL, 'TALIKPAPAN', '2434', NULL, NULL, 'Jl. Nyi ageng arem-a', '031-82090', NULL, NULL, NULL),
(263, NULL, 'S800', 'Sumber Mulia ,Tk', NULL, 'TALUNG-JEMBER', '2434', NULL, NULL, 'Jl.j a suprapto no.9', '031-70716171', NULL, NULL, NULL),
(264, NULL, 'S871', 'Santoso', NULL, 'TANDA ACEH', '2434', NULL, NULL, 'Jl samanhudi no. 102', '031-3977462', NULL, NULL, NULL),
(265, NULL, 'V003', 'Varia Indah', NULL, 'TANDARLAMPUNG', '2434', NULL, NULL, 'Jl. Usman sadar no. ', '031-3981039', NULL, NULL, NULL),
(266, NULL, 'M114', 'Muncul', NULL, 'TANDUNG', '2434', NULL, NULL, 'Jl. Usman sadar 61', '031-3984397', NULL, NULL, NULL),
(267, NULL, 'S177', 'Surya Mitra Indonesia', NULL, 'TANGIL', '2434', NULL, NULL, 'Jl. Raya maduran 28 ', '031-3990046', NULL, NULL, NULL),
(268, NULL, 'A151', 'Adamas', NULL, 'TANGKALAN', '2434', NULL, NULL, 'Jl.glodok jaya lt.ii', '021-6014713', NULL, NULL, NULL),
(269, NULL, 'S505', 'Sinar Agung', NULL, 'TANGKO', '2434', NULL, NULL, 'Jl.bali no.207', '0342-808132', NULL, NULL, NULL),
(270, NULL, 'N018', 'Niaga Makmur', NULL, 'TANJAR-CIAMIS', '2434', NULL, NULL, 'Jl.madu 4 d (mangga ', '021-6010934', NULL, NULL, NULL),
(271, NULL, 'W022, W001', 'Wijaya Putra', NULL, 'TANJARMASIN', '2434', NULL, NULL, 'Jl.bandengan utara n', '021-6919994', NULL, NULL, NULL),
(272, NULL, 'W050, W002', 'Wahana Enterindo', NULL, 'TANYUWANGI', '2434', NULL, NULL, 'Jl. Pejagalan iii no', '021-6919275', NULL, NULL, NULL),
(273, NULL, 'A337', 'Anugerah Jaya Teknik', NULL, 'TATAM', '2434', NULL, NULL, 'Jl. Krekot 3 no. 1 b', '021-3804732', NULL, NULL, NULL),
(274, NULL, 'B142, B008', 'Berkat Usaha Teknik', NULL, 'TATU', '2434', NULL, NULL, 'Jl.p.jayakarta komp.', '021-6391517', NULL, NULL, NULL),
(275, NULL, 'B143, B008', 'Budi Karya', NULL, 'TATU LICIN', '2434', NULL, NULL, 'P.jayakarya komp.66 ', '021-6243245', NULL, NULL, NULL),
(276, NULL, 'E023, E000', 'Enam Jaya', NULL, 'TAU-BAU', '2434', NULL, NULL, 'Jl.raya karang anyar', '021-6599606', NULL, NULL, NULL),
(277, NULL, 'F004', 'Favorit Teknik', NULL, 'TEKASI', '2434', NULL, NULL, 'Jl.p.jayakarta 141 b', '021-6006817', NULL, NULL, NULL),
(278, NULL, 'M158', 'Mitratama,Ud', NULL, 'TENGKULU', '2434', NULL, NULL, 'Jl.p.jayakarta 141/i', '021-6009068', NULL, NULL, NULL),
(279, NULL, 'S449, S023', 'Sarana Jaya,Ud', NULL, 'TERAU', '2434', NULL, NULL, 'Jl.p.jayakarta  blok', '021-6497317', NULL, NULL, NULL),
(280, NULL, 'S817', 'Sevtindo Karya Bersama ,Pt', NULL, 'TESUKI', '2434', NULL, NULL, 'Jl.p jayakarta komp ', '021-6006478', NULL, NULL, NULL),
(281, NULL, 'Y002, Y000', 'Ym Teknik', NULL, 'TIAK', '2434', NULL, NULL, 'Jl.p.jayakarta kompl', '021-6007075', NULL, NULL, NULL),
(282, NULL, 'B323', 'Bengkel Bangunan', NULL, 'TIMA', '2434', NULL, NULL, 'Jl. Merdeka 189', '0821311360321', NULL, NULL, NULL),
(283, NULL, 'S896, S021', 'Solusi Perkakas Indonesia, Pt', NULL, 'TINTUNI', '2434', NULL, NULL, 'Jl tebet barat dalam', '021-8297383', NULL, NULL, NULL),
(284, NULL, 'G055', 'Gudang Teknik', NULL, 'TITUNG', '2434', NULL, NULL, 'Jalan hidup baru no.', '021-6414358,', NULL, NULL, NULL),
(285, NULL, 'I042', 'Indah.Tb', NULL, 'TLITAR', '2434', NULL, NULL, 'Jl.pejagalan i no 70', '021-6913559', NULL, NULL, NULL),
(286, NULL, 'J042', 'Jameson Supermarket', NULL, 'TLORA', '2434', NULL, NULL, 'Danau sunter utara b', '021-64716808', NULL, NULL, NULL),
(287, NULL, 'J127', 'Jaya Citra Teknik', NULL, 'TOGOR', '2434', NULL, NULL, 'Komplek ruko permata', '021-99551160', NULL, NULL, NULL),
(288, NULL, 'L059', 'Lancar Jaya Sejahtera', NULL, 'TOJONEGORO', '2434', NULL, NULL, 'Jl. Sunter jaya komp', '021-6504619', NULL, NULL, NULL),
(289, NULL, 'S438, S027', 'Serikat Jaya', NULL, 'TONDOWOSO', '2434', NULL, NULL, 'Jl.kapuk kamal 40 ko', '021-5560957', NULL, NULL, NULL),
(290, NULL, 'S569, S023', 'Subur Jaya', NULL, 'TONTANG BARU', '2434', NULL, NULL, 'Jl. Taman nyiur blok', '021-6504845', NULL, NULL, NULL),
(291, NULL, 'B128', 'Buana', NULL, 'TULELENG', '2434', NULL, NULL, 'Jl.percetakan no.72', '0967-534191', NULL, NULL, NULL),
(292, NULL, 'B131', 'Bintang Makmur', NULL, 'TAKRANEGARA', '2434', NULL, NULL, 'Jl.percetakan no.102', '0967-531495', NULL, NULL, NULL),
(293, NULL, 'J058', 'Jayapura  Jaya', NULL, 'TARUBAN', '2434', NULL, NULL, 'Jl.jendral a.yani no', '0967-536603', NULL, NULL, NULL),
(294, NULL, 'D092', 'Dita Utama', NULL, 'TEPU', '2434', NULL, NULL, 'Jl.sumodarsono no.35', '0296-531642', NULL, NULL, NULL),
(295, NULL, 'P192', 'Panca Logam', NULL, 'TIANJUR', '2434', NULL, NULL, 'Jl. Pemuda no. 21', '0296-531426', NULL, NULL, NULL),
(296, NULL, 'E049', 'Edy Mulyanto', NULL, 'TIAWI', '2434', NULL, NULL, 'Jl rajawali i no.120', '0353-881217', NULL, NULL, NULL),
(297, NULL, 'R092', 'Puninar Infinite Raya, Pt', NULL, 'TIKAMPEK', '2434', NULL, NULL, 'Jl. Raya cakung cili', '', NULL, NULL, NULL),
(298, NULL, 'S881', 'Surya Baut', NULL, 'TIKARANG', '2434', NULL, NULL, 'Pertokoan gajah mada', '0353-892168', NULL, NULL, NULL),
(299, NULL, 'T074', 'Teguh Jaya', NULL, 'TILACAP', '2434', NULL, NULL, 'Jl.akbp m. Suroko 26', '0353-881917', NULL, NULL, NULL),
(300, NULL, 'S793', 'Sarira Jaya ,Ud', NULL, 'TILEGON', '2434', NULL, NULL, 'Jl.raya seririt-sing', '0817582871', NULL, NULL, NULL),
(301, NULL, 'S753', 'Sedulur', NULL, 'TILEUNGSI', '2434', NULL, NULL, 'Jl.p.sudirman no.42', '0351-383096', NULL, NULL, NULL),
(302, NULL, 'P176', 'Putri Mandiri ,Tk', NULL, 'TIREBON', '2434', NULL, NULL, 'Jl.raya tambakromo n', '', NULL, NULL, NULL),
(303, NULL, 'S741', 'Setia Kawan', NULL, 'TISARUA', '2434', NULL, NULL, 'Jl.pemuda no.80 a', '0296-421679', NULL, NULL, NULL),
(304, NULL, 'W051', 'Waringin Agung, Tb', NULL, 'TURUP', '2434', NULL, NULL, 'Jl raya no. 10', '0296-421210', NULL, NULL, NULL),
(305, NULL, 'P141, P004', 'Pratama Mandiri Prima, Pt', NULL, 'TELANGGU', '2434', NULL, NULL, 'Jl.raya lemahabang n', '021-8934974', NULL, NULL, NULL),
(306, NULL, 'P073', 'Prima Jaya Teknik', NULL, 'TELI SERDANG', '2434', NULL, NULL, 'Jl.suprapto 40 c', '0282-533578', NULL, NULL, NULL),
(307, NULL, 'R038', 'Ragil Jaya', NULL, 'TENPASAR', '2434', NULL, NULL, 'Jl.perintis kemerdek', '0282-542255', NULL, NULL, NULL),
(308, NULL, 'J073', 'Jaya Abadi', NULL, 'TEPOK', '2434', NULL, NULL, 'Jl. Sulawesi dok vii', '0967-42293', NULL, NULL, NULL),
(309, NULL, 'K071', 'Karo Jaya', NULL, 'TOMPU-NTB', '2434', NULL, NULL, 'Raya kelapa dua entr', '0967-537855', NULL, NULL, NULL),
(310, NULL, 'M196', 'Cv. Multi Mandiri', NULL, 'TONGGALA', '2434', NULL, NULL, 'Jl raya abepura heda', '0967-588676', NULL, NULL, NULL),
(311, NULL, 'M381', 'Mutiara Jaya/Mutiara Timur', NULL, 'TONGKEK-SUMENEP', '2434', NULL, NULL, 'Jl.spg waena-perumna', '0967-572669, ', NULL, NULL, NULL),
(312, NULL, 'P173', 'Palapa ,Tk', NULL, 'TNDE', '2434', NULL, NULL, 'Jl.kelapa 2 entrop', '0967-521708', NULL, NULL, NULL),
(313, NULL, 'U037', 'Unggul Jaya Pertama', NULL, 'TARUT', '2434', NULL, NULL, 'Jl. Kamp.wolker (seb', '0967-572388', NULL, NULL, NULL),
(314, NULL, 'C026', 'Cipta Jasa', NULL, 'TENTENG', '2434', NULL, NULL, 'Jl. Gajah mada no. 8', '0331-484656, ', NULL, NULL, NULL),
(315, NULL, 'E014', 'Sinar Rahayu', NULL, 'TIANYAR', '2434', NULL, NULL, 'Jl.cokroaminoto 49', '0331-481610', NULL, NULL, NULL),
(316, NULL, 'H107', 'Hasil Jaya', NULL, 'TOMBONG', '2434', NULL, NULL, 'Jl. Hos cokroaminoto', '0331.485951', NULL, NULL, NULL),
(317, NULL, 'K060', 'Karya Mandiri', NULL, 'TORONTALO', '2434', NULL, NULL, 'Jl.basuki rachmad no', '0331-339109', NULL, NULL, NULL),
(318, NULL, 'T173', 'Toda, Tk', NULL, 'TRESIK', '2434', NULL, NULL, 'Jl. Kopral sutomo ka', '0331-3401125', NULL, NULL, NULL),
(319, NULL, 'S216', 'Sumber Alam', NULL, 'TAJAG', '2434', NULL, NULL, 'Jl. Trunojoyo 156', '0331-485736', NULL, NULL, NULL),
(320, NULL, 'P216', 'Podo Subur', NULL, 'TAKARTA BARAT', '2434', NULL, NULL, 'Jl. Ambulu no. 79', '0336-621658', NULL, NULL, NULL),
(321, NULL, 'I018', 'Indo Sakti', NULL, 'TAKARTA PUSAT', '2434', NULL, NULL, 'Jl. Diponegoro no. 1', '0291-593977', NULL, NULL, NULL),
(322, NULL, 'S260', 'Santoso Diesel', NULL, 'TAKARTA SELATAN', '2434', NULL, NULL, 'Jl. Untung suropati ', '0291-591242', NULL, NULL, NULL),
(323, NULL, 'U053', 'Utama Teknik, Tk', NULL, 'TAKARTA TIMUR', '2434', NULL, NULL, 'Jl. Raya jepara - ku', '0291-3301134', NULL, NULL, NULL),
(324, NULL, 'S940', 'Sarana Teknik', NULL, 'TAKARTA UTARA', '2434', NULL, NULL, 'Jl. Raya jepara - mr', '0291-4296686', NULL, NULL, NULL),
(325, NULL, 'E037', 'Empat Lima, Ud', NULL, 'TAMBI', '2434', NULL, NULL, 'Jl. Soekarno hatta n', '0321-862453', NULL, NULL, NULL),
(326, NULL, 'G108', 'Garuda Mas Teknik', NULL, 'TAYAPURA', '2434', NULL, NULL, 'Jl. Merdeka no. 123', '0321-861200', NULL, NULL, NULL),
(327, NULL, 'G130', 'Gamping Jaya', NULL, 'TEMBER', '2434', NULL, NULL, 'Jl supriadi 76 ngoro', '0321-711573', NULL, NULL, NULL),
(328, NULL, 'H149', 'Hertanto, Tk', NULL, 'TEPARA', '2434', NULL, NULL, 'Jl supriadi 80e ngor', '0321 711147', NULL, NULL, NULL),
(329, NULL, 'M027', 'Mulur Ii', NULL, 'TUWANA', '2434', NULL, NULL, 'Jl.merdeka no.8', '0321-861400', NULL, NULL, NULL),
(330, NULL, 'M272', 'Mujiarto, Ud', NULL, 'TARANGJATI-BALIKPAPAN', '2434', NULL, NULL, 'Jl.merdeka no.68', '0321-873007', NULL, NULL, NULL),
(331, NULL, 'M372', 'Mulur Gallery', NULL, 'TARAWANG', '2434', NULL, NULL, 'Jl soekarno hatta 39', '0321-55778', NULL, NULL, NULL),
(332, NULL, 'P213', 'Podo Mapan', NULL, 'TARTOSURO', '2434', NULL, NULL, 'Jl merdeka 102', '0321 863550', NULL, NULL, NULL),
(333, NULL, 'R080', 'Rejeki Ii', NULL, 'TASIYAN-JEMBER', '2434', NULL, NULL, 'Jl. Merdeka no 85', '0321-862123', NULL, NULL, NULL),
(334, NULL, 'A349', 'Aneka Logam', NULL, 'TEBUMEN', '2434', NULL, NULL, 'Jl raya juwana - rem', '0295-471064', NULL, NULL, NULL),
(335, NULL, 'G128', 'Garuda Mas', NULL, 'TEDATON', '2434', NULL, NULL, 'Jl wr supratman 22 (', '0295-471558', NULL, NULL, NULL),
(336, NULL, 'S750', 'Surya Jaya', NULL, 'TEDIRI', '2434', NULL, NULL, 'Jl. A .yani 81', '0358-51166', NULL, NULL, NULL),
(337, NULL, 'K140', 'Ketapang Jaya', NULL, 'TENDARI', '2434', NULL, NULL, 'Jl.gatot subroto no.', '(0333) 423551', NULL, NULL, NULL),
(338, NULL, 'K053', 'Karya, Tk', NULL, 'TEPI', '2434', NULL, NULL, 'Jl. Johar no. 46', '0291-431347', NULL, NULL, NULL),
(339, NULL, 'B304', 'Budi Kasih', NULL, 'TERTOSONO', '2434', NULL, NULL, 'Jl niaga', '0383-21783', NULL, NULL, NULL),
(340, NULL, 'S933', 'Setia Sumber Teknik', NULL, 'TETAPANG', '2434', NULL, NULL, 'Jl diponegoro 89', '0295-473701', NULL, NULL, NULL),
(341, NULL, 'T183', 'Tresno Jaya, Tk', NULL, 'TLATEN', '2434', NULL, NULL, 'Jl sunan ngerang 35', '0295-473183', NULL, NULL, NULL),
(342, NULL, 'M150', 'Manunggal Teknik', NULL, 'TLUNGKUNG', '2434', NULL, NULL, 'Jl.kol.sugiono no.6', '0287-385590', NULL, NULL, NULL),
(343, NULL, 'I085', 'Indo Bangunan, Cv', NULL, 'TOTA BARU', '2434', NULL, NULL, 'Jl. Yos sudarso no. ', '0354-7818999', NULL, NULL, NULL),
(344, NULL, 'I087', 'Inti Kokoh Makmur Sehati, Pt', NULL, 'TRAKSAAN', '2434', NULL, NULL, 'Jl erlangga rt 00 rw', '0354-691727', NULL, NULL, NULL),
(345, NULL, 'M038', 'Maju Lancar', NULL, 'TRIAN', '2434', NULL, NULL, 'Jl.monginsidi no.11', '0354-687791', NULL, NULL, NULL),
(346, NULL, 'S385', 'Sumber Baut', NULL, 'TUALA TUNGKAL', '2434', NULL, NULL, 'Jl.untung suropati n', '0354-687911', NULL, NULL, NULL),
(347, NULL, 'S899', 'Sumber Agung', NULL, 'TUDUS', '2434', NULL, NULL, 'Jl. Yos sudarso 102', '0354-681225,', NULL, NULL, NULL),
(348, NULL, 'C138', 'Cipta Aneka Sarana, Cv', NULL, 'TUNINGAN', '2434', NULL, NULL, 'Jl. Brigjen m. Yoeno', '0401-3192000', NULL, NULL, NULL),
(349, NULL, 'J050', 'Jakarta Motor', NULL, 'TUPANG', '2434', NULL, NULL, 'Jl.dr.sam ratulangi ', '0401-3122253', NULL, NULL, NULL),
(350, NULL, 'M057', 'Mahkota Motor', NULL, 'TUTA', '2434', NULL, NULL, 'Jl.ir.soekarno no.35', '0401.3121208', NULL, NULL, NULL),
(351, NULL, 'P033', 'Pacific Raya', NULL, 'TUTOARJO', '2434', NULL, NULL, 'Jl. Ir. Soekarno no.', '0401-321148', NULL, NULL, NULL),
(352, NULL, 'P034', 'Pare-Pare', NULL, 'TABUAN BAJO', '2434', NULL, NULL, 'Jl.drs.h.abd silonda', '0401-3121966', NULL, NULL, NULL),
(353, NULL, 'P035', 'Pelita Indah', NULL, 'TABUHAN BATU-PRAPAT', '2434', NULL, NULL, 'Jl.konggo asa no.84-', '0401-3121462', NULL, NULL, NULL),
(354, NULL, 'P076', 'Priangan ,Tk', NULL, 'TAMONGAN', '2434', NULL, NULL, 'Jl.ir.soekarno no.84', '0401-3121249', NULL, NULL, NULL),
(355, NULL, 'P190', 'Pelita Indah 2', NULL, 'TARANTUKA', '2434', NULL, NULL, 'Jl. Mt haryono 95 d', '0401-3196605', NULL, NULL, NULL),
(356, NULL, 'R016', 'Roda Mas', NULL, 'TASEM', '2434', NULL, NULL, 'Jl.a.yani 62', '0401-3190546', NULL, NULL, NULL),
(357, NULL, 'S679', 'Sentral Teknik Listrik', NULL, 'TEWOLEBA', '2434', NULL, NULL, 'Jl.mt haryono no.5-9', '0401-3190476; 3', NULL, NULL, NULL),
(358, NULL, 'S952', 'Sinar Abadi, Tk', NULL, 'TOBAR-LOMBOK', '2434', NULL, NULL, 'Jl. Ahmad yani 188 b', '0401-3195471', NULL, NULL, NULL),
(359, NULL, 'J074', 'Jaya Abadi', NULL, 'TUBUK LINGGAU', '2434', NULL, NULL, 'Jl. Lengkong no 5', '0358-555878', NULL, NULL, NULL),
(360, NULL, 'C013', 'Sumber Cahaya Teknik', NULL, 'TUMAJANG', '2434', NULL, NULL, 'Jl.pemuda selatan no', '0272-320655', NULL, NULL, NULL),
(361, NULL, 'C040', 'Cahaya Baru', NULL, 'TUWUK', '2434', NULL, NULL, 'Jl.surya gandamana n', '0518-24313', NULL, NULL, NULL),
(362, NULL, 'C131', 'Central Raya', NULL, 'TADIUN', '2434', NULL, NULL, 'Jl. Surya gandama', '0518-24511', NULL, NULL, NULL),
(363, NULL, 'S355', 'Sumber Niaga', NULL, 'TAGELANG', '2434', NULL, NULL, 'Jl.surya gandamana n', '0518-21235', NULL, NULL, NULL),
(364, NULL, 'T083', 'Trio', NULL, 'TAGETAN', '2434', NULL, NULL, 'Jl.surya gandamana n', '0518-21165', NULL, NULL, NULL),
(365, NULL, 'S072', 'Sinar Jaya', NULL, 'TAKASSAR', '2434', NULL, NULL, 'Jl.raya no.59 kemera', '031-8971032', NULL, NULL, NULL),
(366, NULL, 'S073', 'Sinar Jaya Diesel', NULL, 'TALANG', '2434', NULL, NULL, 'Jl.kh.dewantara no.3', '031-8971958', NULL, NULL, NULL),
(367, NULL, 'S729', 'Rejeki Jaya Diesel', NULL, 'TALINAU-KALTIM', '2434', NULL, NULL, 'Jl. Raya kauman no 1', '031-8972064', NULL, NULL, NULL),
(368, NULL, 'S843', 'Sinar Jaya Ii', NULL, 'TANADO', '2434', NULL, NULL, 'Jl raya krian no.427', '031-60827999', NULL, NULL, NULL),
(369, NULL, 'S860', 'Sumber Jaya Teknik I', NULL, 'TANGGAR', '2434', NULL, NULL, 'Jl ki hajar dewantar', '031-8984396', NULL, NULL, NULL),
(370, NULL, 'R102', 'Raja Jaya Teknik, Tk', NULL, 'TANOKWARI', '2434', NULL, NULL, 'Jl. K.h. agus salim ', '0291-440980', NULL, NULL, NULL),
(371, NULL, 'S934', 'Sinar Jaya', NULL, 'TARISA', '2434', NULL, NULL, 'Jl. Letkol tit sudon', '0291-439848', NULL, NULL, NULL),
(372, NULL, 'T067', 'Tresna Diesel, Tk', NULL, 'TARTAPURA', '2434', NULL, NULL, 'Jl. H. Agus salim no', '0291-436132', NULL, NULL, NULL),
(373, NULL, 'T180', 'Tiga Jaya, Tk', NULL, 'TATARAM', '2434', NULL, NULL, 'Jl. Tanjung no. 3', '0291-3413474', NULL, NULL, NULL),
(374, NULL, 'T181', 'Toko 99', NULL, 'TAUMERE', '2434', NULL, NULL, 'Jl. Johar 99', '0291-432050', NULL, NULL, NULL),
(375, NULL, 'C014', 'Citra Bangunan', NULL, 'TEDAN', '2434', NULL, NULL, 'Jl.nevona raya 101 (', '0380-832676', NULL, NULL, NULL),
(376, NULL, 'C129', 'Cahaya Diesel (Toko Rimba Mas)', NULL, 'TERAUKE', '2434', NULL, NULL, 'Jl. Timor raya km 7,', '0380-8019454', NULL, NULL, NULL),
(377, NULL, 'G117', 'Gunung Mas Indah', NULL, 'TETRO', '2434', NULL, NULL, 'Jl. Sudirman 32', '0380-822015', NULL, NULL, NULL),
(378, NULL, 'G118', 'Graha Bangunan', NULL, 'TOJOKERTO', '2434', NULL, NULL, 'Jl. Timor raya km 7', '0380-8553693', NULL, NULL, NULL),
(379, NULL, 'K018', 'Kusuma Motor (Tnk)', NULL, 'TOJOSARI', '2434', NULL, NULL, 'Jl.jend.sudirman no.', '0380-826142-44', NULL, NULL, NULL),
(380, NULL, 'K039', 'Kusuma Motor (Pbb)', NULL, 'TUARA BUNGO', '2434', NULL, NULL, 'Jl.cendrawasih no.4', '0380-833242', NULL, NULL, NULL),
(381, NULL, 'K151', 'Karunia Indah ,Tk', NULL, 'TABIRE', '2434', NULL, NULL, 'Jl.timor raya km.28', '0380-850276', NULL, NULL, NULL),
(382, NULL, 'K162', 'Kusuma Motor (Ktt)', NULL, 'TEGARA', '2434', NULL, NULL, 'Jl a. Yani 17 oeba', '0380-825643', NULL, NULL, NULL),
(383, NULL, 'L133', 'Lmj', NULL, 'TGANJUK', '2434', NULL, NULL, 'Jl m. Hatta 40', '0380-826188', NULL, NULL, NULL),
(384, NULL, 'M195', 'Metro Bangunan', NULL, 'TGAWI', '2434', NULL, NULL, 'Jl.pulau indah', '0380-832790; 80', NULL, NULL, NULL),
(385, NULL, 'M346', 'Mitra Bangunan', NULL, 'TGUNUT', '2434', NULL, NULL, 'Jl. Moh hatta 52', '0380-833838', NULL, NULL, NULL),
(386, NULL, 'M353', 'Mitra Motor', NULL, 'TUNUKAN', '2434', NULL, NULL, 'Jl. Timor raya 14', '0380-8013188', NULL, NULL, NULL),
(387, NULL, 'P200', 'Prima Bangunan', NULL, 'TADANG', '2434', NULL, NULL, 'Jl. Timor raya km 7', '0380-833081, 85', NULL, NULL, NULL),
(388, NULL, 'S116', 'Sama Jaya', NULL, 'TAGIMANA', '2434', NULL, NULL, 'Jl.jend.sudirman no.', '0380-833616', NULL, NULL, NULL),
(389, NULL, 'S117', 'Simpang', NULL, 'TAITON', '2434', NULL, NULL, 'Jl.siliwangi no.81', '0380-831390', NULL, NULL, NULL),
(390, NULL, 'S833', 'Sinar Bangunan Center, Pt.', NULL, 'TALANGKA RAYA', '2434', NULL, NULL, 'Jl.bundaran pu, tuak', '0380-840161', NULL, NULL, NULL),
(391, NULL, 'S890', 'Sumber Logam', NULL, 'TALEMBANG', '2434', NULL, NULL, 'Jl. Sudirman no. 49', '0380-8022790', NULL, NULL, NULL),
(392, NULL, 'S891', 'Sinar Surya', NULL, 'TALU', '2434', NULL, NULL, 'Jl. Rw monginsidi ru', '0380-823763', NULL, NULL, NULL),
(393, NULL, 'S903', 'Sinar Bangunan', NULL, 'TAMEKASAN', '2434', NULL, NULL, 'Jl. Jend. Sudirman 1', '0380-821247', NULL, NULL, NULL),
(394, NULL, 'T143', 'Tiga Putra Motor', NULL, 'TANDAAN', '2434', NULL, NULL, 'Jl. Panglima sudirma', '', NULL, NULL, NULL),
(395, NULL, 'V005', 'Various', NULL, 'TANDEGLANG', '2434', NULL, NULL, 'Jl.jend sudirman 96', '0380-831015', NULL, NULL, NULL),
(396, NULL, 'P138', 'Palapa Elektronik', NULL, 'TANGKAL PINANG', '2434', NULL, NULL, 'Jl.raya kerobokan no', '0361-736409', NULL, NULL, NULL),
(397, NULL, 'S799', 'Surya Baru ,Tk', NULL, 'TANGKALAN BUN', '2434', NULL, NULL, 'Jl.kerobokan no.50 b', '0361-730034', NULL, NULL, NULL),
(398, NULL, 'M349', 'Mahaputra, Tk', NULL, 'TARE', '2434', NULL, NULL, 'Jl soekarno hatta', '0385-41228', NULL, NULL, NULL),
(399, NULL, 'M350', 'Maranu, Tk', NULL, 'TASURUAN', '2434', NULL, NULL, 'Jl soekarno hatta', '0385-41153', NULL, NULL, NULL),
(400, NULL, 'P203', 'Pacific Prima Motor, Tk', NULL, 'TATI', '2434', NULL, NULL, 'Jl soekarno hatta', '0385-41514', NULL, NULL, NULL),
(401, NULL, 'D108', 'Depo Pagerwojo', NULL, 'TEKALONGAN', '2434', NULL, NULL, 'Jl. Basuki rahmad 20', '0322-323323', NULL, NULL, NULL),
(402, NULL, 'F022', 'Fajar Nelayan 2', NULL, 'TEKANBARU', '2434', NULL, NULL, 'Jl.raya no.102 kranj', '0322-661816', NULL, NULL, NULL),
(403, NULL, 'G010', 'Gresik, Toko', NULL, 'TEMALANG', '2434', NULL, NULL, 'Jl.lamong rejo no.20', '0322-321038', NULL, NULL, NULL),
(404, NULL, 'H128', 'Haji Afan ,Tk', NULL, 'TEMATANG SIANTAR', '2434', NULL, NULL, 'Jl.sunan giri (ruko ', '', NULL, NULL, NULL),
(405, NULL, 'L007', 'Lancar', NULL, 'TINRANG', '2434', NULL, NULL, 'Jl.jend.a.yani no.2', '0322-21258', NULL, NULL, NULL),
(406, NULL, 'C137', 'Central', NULL, 'TONOROGO', '2434', NULL, NULL, 'Jl niaga 61', '0383-21058', NULL, NULL, NULL),
(407, NULL, 'N079', 'Nusantara', NULL, 'TONTIANAK', '2434', NULL, NULL, 'Jl niaga 26', '0383-21037', NULL, NULL, NULL),
(408, NULL, 'P201', 'Putera Bungsu', NULL, 'TORONG', '2434', NULL, NULL, 'Jl sudirman sarotari', '0383-21034', NULL, NULL, NULL),
(409, NULL, 'P209', 'Putera Flores', NULL, 'TRAYA-LOMBOK', '2434', NULL, NULL, 'Jl niaga', '0383-21235', NULL, NULL, NULL);
INSERT INTO `customer` (`id`, `mandt`, `kunnr`, `name1`, `name2`, `ort01`, `pstlz`, `regio`, `sortl`, `stras`, `telf1`, `telfx`, `adrnr`, `mcod1`) VALUES
(410, NULL, 'S938', 'Sumber Laut', NULL, 'TROBOLINGGO', '2434', NULL, NULL, 'Jl. Jatirogo no. 12', '0295-531158', NULL, NULL, NULL),
(411, NULL, 'T179', 'Tunggal Jaya', NULL, 'TURBALINGGA', '2434', NULL, NULL, 'Jl. Raya no. 84 lase', '0295-531171', NULL, NULL, NULL),
(412, NULL, 'A338', 'Anugrah Indah', NULL, 'TURWAKARTA', '2434', NULL, NULL, 'Jl. Trans lembata', '085240113678', NULL, NULL, NULL),
(413, NULL, 'B302', 'Budi Mulia', NULL, 'TURWODADI', '2434', NULL, NULL, 'Jl trans naga wutung', '085239177397', NULL, NULL, NULL),
(414, NULL, 'L138', 'Lima Satu', NULL, 'TURWOKERTO', '2434', NULL, NULL, 'Jl wongatoa', '0383-41351', NULL, NULL, NULL),
(415, NULL, 'P202', 'Panca Tunggal', NULL, 'TURWOREJO', '2434', NULL, NULL, 'Jl komplek tujuh mar', '085230017291', NULL, NULL, NULL),
(416, NULL, 'S895', 'Sumber Bangunan', NULL, 'TABA-BIMA', '2434', NULL, NULL, 'Jl komplek tujuh mar', '082145517227', NULL, NULL, NULL),
(417, NULL, 'Y023', 'Yt', NULL, 'TANGKAS BITUNG', '2434', NULL, NULL, 'Jl trans lembata', '0383-41703', NULL, NULL, NULL),
(418, NULL, 'H145', 'Harapan Baru', NULL, 'TEMBANG', '2434', NULL, NULL, 'Jl dr wahidin 36 (de', '0370 636859', NULL, NULL, NULL),
(419, NULL, 'A321', 'Aneka Olie', NULL, 'TOGOJAMPI', '2434', NULL, NULL, 'Jl brigjen slamet ri', '0334-883646', NULL, NULL, NULL),
(420, NULL, 'B032', 'Bima', NULL, 'TUTENG', '2434', NULL, NULL, 'Jl.p.sudirman no.111', '0334-881579', NULL, NULL, NULL),
(421, NULL, 'B287', 'Buana Jaya, Tk', NULL, 'TALATIGA', '2434', NULL, NULL, 'Jl. Pb. Sudirman 109', '0334-7739158', NULL, NULL, NULL),
(422, NULL, 'R037', 'Rejeki Teknik', NULL, 'TAMARINDA', '2434', NULL, NULL, 'Jl.wachid hasyim no ', '0334-881374', NULL, NULL, NULL),
(423, NULL, 'S522', 'Sumber Logam 2', NULL, 'TAMPANG', '2434', NULL, NULL, 'Jl.dr.sutomo no.51', '0334-893753', NULL, NULL, NULL),
(424, NULL, 'W047', 'Wodjo', NULL, 'TAMPIT', '2434', NULL, NULL, 'Jl bromo 25', '08123209345', NULL, NULL, NULL),
(425, NULL, 'M072', 'Murni Baru', NULL, 'TAROLANGON', '2434', NULL, NULL, 'Jl. A. Yani 15', '0461-21131', NULL, NULL, NULL),
(426, NULL, 'S546', 'Sumber Utama', NULL, 'TAUMLAKI-MALUKU', '2434', NULL, NULL, 'Jl.a.yani no.34', '0461-21124', NULL, NULL, NULL),
(427, NULL, 'S911', 'Setya Jaya Teknik', NULL, 'TEMARANG', '2434', NULL, NULL, 'Jl. Mahakam no. 68', '0334-887008', NULL, NULL, NULL),
(428, NULL, 'A083', 'Anda Baru', NULL, 'TEPANJANG', '2434', NULL, NULL, 'Jl.a.yani no.55', '0461-21857', NULL, NULL, NULL),
(429, NULL, 'A346', 'Agung', NULL, 'TERANG', '2434', NULL, NULL, 'Jl. Ahmad yani no. 1', '0461-22488', NULL, NULL, NULL),
(430, NULL, 'B069', 'Baja Murni Motor', NULL, 'TERPONG', '2434', NULL, NULL, 'Jl. A.yani 11', '0461-21454', NULL, NULL, NULL),
(431, NULL, 'D079', 'Duta Motor', NULL, 'TERUI', '2434', NULL, NULL, 'Jl.urip sumoharjo no', '', NULL, NULL, NULL),
(432, NULL, 'J032', 'Jaya Maju', NULL, 'TIDOARJO', '2434', NULL, NULL, 'Jl.a yani 103', '0461-21571', NULL, NULL, NULL),
(433, NULL, 'S209', 'Sahabat', NULL, 'TINDANGLAYA', '2434', NULL, NULL, 'Jl.sam ratulangi 86', '0461-21083', NULL, NULL, NULL),
(434, NULL, 'S419', 'Sentral Bangunan', NULL, 'TINGARAJA', '2434', NULL, NULL, 'Jl. Urip sumoharjo 5', '0461-325188', NULL, NULL, NULL),
(435, NULL, 'S913', 'Sinar Kasih', NULL, 'TITUBONDO', '2434', NULL, NULL, 'Jl. Jend. A. Yani no', '0461-7010788', NULL, NULL, NULL),
(436, NULL, 'D088', 'Dulur Tani', NULL, 'TOE', '2434', NULL, NULL, 'Jl.raya dolopo no.10', '0351-368962', NULL, NULL, NULL),
(437, NULL, 'D090', 'Depo Remaja', NULL, 'TORONG', '2434', NULL, NULL, 'Jl. Musi no 10 b', '0351-485101', NULL, NULL, NULL),
(438, NULL, 'L132', 'Logam Abadi', NULL, 'TRAGEN', '2434', NULL, NULL, 'Jl raya dolopo 338', '0351-367634', NULL, NULL, NULL),
(439, NULL, 'M042', 'Maju Besi', NULL, 'TRENGAT-BLITAR', '2434', NULL, NULL, 'Jl.cokroaminoto no.2', '0351-463226', NULL, NULL, NULL),
(440, NULL, 'M229', 'Maju Hardware', NULL, 'TUKABUMI', '2434', NULL, NULL, 'Jl. Pahlawan no 40', '0351- 481069', NULL, NULL, NULL),
(441, NULL, 'N010', 'Niaga', NULL, 'TUKOREJO', '2434', NULL, NULL, 'Jl.p.sudirman no.231', '0351-462685', NULL, NULL, NULL),
(442, NULL, 'P144', 'Pranata Makmur', NULL, 'TUMBAWA BESAR', '2434', NULL, NULL, 'Jl. Letkol suwarno h', '0351-453700', NULL, NULL, NULL),
(443, NULL, 'S882', 'Success Warehouse', NULL, 'TUMENEP', '2434', NULL, NULL, 'Jl. Raya nglames km ', '0351-497000', NULL, NULL, NULL),
(444, NULL, 'T076', 'Total Teknik', NULL, 'TURABAYA', '2434', NULL, NULL, 'Jl.h.a.salim no.67', '0351-499668', NULL, NULL, NULL),
(445, NULL, 'N080', 'Nevo Baut & Mur', NULL, 'TURABAYA-', '2434', NULL, NULL, 'Jl. Pemuda 158', '', NULL, NULL, NULL),
(446, NULL, 'M393', 'Mulia, Tb', NULL, 'TURABAYA BARAT', '2434', NULL, NULL, 'Jl. A yani 107  (dep', '', NULL, NULL, NULL),
(447, NULL, 'A298', 'Anugerah Jaya ,Tk', NULL, 'TURABAYA PUSAT', '2434', NULL, NULL, 'Jl.pelita margamas c', '0411-328239', NULL, NULL, NULL),
(448, NULL, 'A306', 'Almas Tehnik Sejati, Ud', NULL, 'TURABAYA SELATAN', '2434', NULL, NULL, 'Jl diponegoro ruko 1', '0411-3653243', NULL, NULL, NULL),
(449, NULL, 'A307', 'Andalas Teknik', NULL, 'TURABAYA TIMUR', '2434', NULL, NULL, 'Jl bandang no. 108', '0411-3616164', NULL, NULL, NULL),
(450, NULL, 'A343', 'Adi Putra Diesel', NULL, 'TURABAYA TIMUR-', '2434', NULL, NULL, 'Jl. Cendrawasih no. ', '0411-8112857', NULL, NULL, NULL),
(451, NULL, 'A350', 'Anak Kunci, Tk', NULL, 'TURABAYA UTARA', '2434', NULL, NULL, 'Jl. Veteran selatan ', '0411-871381', NULL, NULL, NULL),
(452, NULL, 'B265', 'Buana Teknik ,Tk', NULL, 'TURABAYA^', '2434', NULL, NULL, 'Jl.bandang 3 no 10', '0411-3629115', NULL, NULL, NULL),
(453, NULL, 'B274', 'Baja Utama Teknik ,Tk', NULL, 'TURAKARTA', '2434', NULL, NULL, 'Jl.dr w husodo no.14', '0411-3632488', NULL, NULL, NULL),
(454, NULL, 'C117', 'Cahaya Satu Lima', NULL, 'TWETA', '2434', NULL, NULL, 'Jl tentara pelajar n', '0411-3626300', NULL, NULL, NULL),
(455, NULL, 'C128', 'Cipta Sejati', NULL, 'TABANAN', '2434', NULL, NULL, 'Jl. Toddopuli  raya ', '0411-5095070', NULL, NULL, NULL),
(456, NULL, 'C141', 'Cendrawasih Electric', NULL, 'TANGERANG', '2434', NULL, NULL, 'Pergudangan lantebun', '0411-859819', NULL, NULL, NULL),
(457, NULL, 'D100', 'Delta Mas', NULL, 'TANJUNG PINANG', '2434', NULL, NULL, 'Jl ir sutami 38 , ko', '0411-3634391', NULL, NULL, NULL),
(458, NULL, 'F026', 'Faraday Elektronics', NULL, 'TANJUNG SELOR', '2434', NULL, NULL, 'Jl andalas no. 133 e', '0411-3621997', NULL, NULL, NULL),
(459, NULL, 'G116', 'Gunung Mas', NULL, 'TARAKAN', '2434', NULL, NULL, 'Pergudangan lantebun', '0411-4723604', NULL, NULL, NULL),
(460, NULL, 'G124', 'Giat Jaya', NULL, 'TASIKMALAYA', '2434', NULL, NULL, 'Jl. Gunung nona baru', '0411-5082838', NULL, NULL, NULL),
(461, NULL, 'I010', 'Indo Makmur', NULL, 'TEGAL', '2434', NULL, NULL, 'Jl.kalimantan no.4b', '0411- 335290', NULL, NULL, NULL),
(462, NULL, 'J048', 'Jameson\'s Hardware Supermarket', NULL, 'TEMANGGUNG', '2434', NULL, NULL, 'Jl. Dr.w.sudirohusod', '0411- 326128', NULL, NULL, NULL),
(463, NULL, 'J129', 'Jaya Putra', NULL, 'TENGGARONG', '2434', NULL, NULL, 'Jl. Wahidin sudirohu', '0411-2997862', NULL, NULL, NULL),
(464, NULL, 'K019', 'Karya Citra', NULL, 'TERNATE', '2434', NULL, NULL, 'Jl.malengkeri 17a', '0411-883038', NULL, NULL, NULL),
(465, NULL, 'K020', 'Koti', NULL, 'TIMIKA', '2434', NULL, NULL, 'Jl.sulawesi no.83', '0411-320625', NULL, NULL, NULL),
(466, NULL, 'K079', 'Karya Harapan', NULL, 'TRENGGALEK', '2434', NULL, NULL, 'Jl.p.diponegoro no.4', '0411-322235', NULL, NULL, NULL),
(467, NULL, 'K107', 'Karya Bersama', NULL, 'TUBAN', '2434', NULL, NULL, 'Jl.cendrawasih no.38', '0411-8112946', NULL, NULL, NULL),
(468, NULL, 'M375', 'Mitra 3', NULL, 'TULUNG AGUNG', '2434', NULL, NULL, 'Jl. Sulawesi no. 364', '0411-3637389', NULL, NULL, NULL),
(469, NULL, 'M382', 'Mahkota Baut', NULL, 'TBUD', '2434', NULL, NULL, 'Jl. Sungai sadang no', '0411-5062253,', NULL, NULL, NULL),
(470, NULL, 'P063', 'Pelita Baru', NULL, 'TAIWERANG', '2434', NULL, NULL, 'Jl.sulawesi no.374', '0411- 322681', NULL, NULL, NULL),
(471, NULL, 'R089', 'Rejeki Motor', NULL, 'TARINGIN TIMUR', '2434', NULL, NULL, 'Jl veteran selatan n', '0411-874647', NULL, NULL, NULL),
(472, NULL, 'R096', 'Rajaya', NULL, 'TARU', '2434', NULL, NULL, 'Jl. Gajah 40.b', '0411-831308', NULL, NULL, NULL),
(473, NULL, 'S089', 'Sinar Makmur', NULL, 'TATES', '2434', NULL, NULL, 'Jl.lamputang no.7', '0411-3632165', NULL, NULL, NULL),
(474, NULL, 'S126', 'Sama Jaya', NULL, 'TLINGI', '2434', NULL, NULL, 'Jl.sulawesi no.358-3', '0411-315307', NULL, NULL, NULL),
(506, NULL, 'S129', 'Sinar Jaya', NULL, 'TONOSOBO', '2434', NULL, NULL, 'Jl.irian no.160', '0411-3617460,', NULL, NULL, NULL),
(507, NULL, 'S132', 'Surya Perkasa', NULL, 'TUA-WUA-KENDARI', '2434', NULL, NULL, 'Jl.irian no.91 a', '0411-314295', NULL, NULL, NULL),
(508, NULL, 'S133', 'Sumber Balangnipa', NULL, 'TOGYAKARTA', '2434', NULL, NULL, 'Jl.sulawesi no.302', '0411- 314645', NULL, NULL, NULL),
(509, NULL, 'S318', 'Setia Makmur', NULL, 'TUNGAILIAT', '2434', NULL, NULL, 'Jl.lamputang no.14 g', '0411- 320903', NULL, NULL, NULL),
(510, NULL, 'S439', 'Surya Jaya Sakti', NULL, 'TAHAT', '2434', NULL, NULL, 'Jl. Irian no. 163', '0411-313530; 31', NULL, NULL, NULL),
(511, NULL, 'S562', 'Sekawan', NULL, 'TAMBAS - KALIMANTAN BARAT 79462', '2434', NULL, NULL, 'Jl.emi saelan no.15 ', '0411-884081', NULL, NULL, NULL),
(512, NULL, 'S824', 'Surya Bangunan, Ud', NULL, 'TUKIT TINGGI', '2434', NULL, NULL, 'Jl. Flores no. 7', '0411-3628483', NULL, NULL, NULL),
(513, NULL, 'S827', 'Sinar Utama Teknik', NULL, 'TOMBANG', '2434', NULL, NULL, 'Jl.sulawesi no.285', '0411-3617928', NULL, NULL, NULL),
(514, NULL, 'S839', 'Surya Makmur', NULL, 'TLAS-SUMBAWA', '2434', NULL, NULL, 'Jl. Gunung tinggi ma', '0411-310330', NULL, NULL, NULL),
(515, NULL, 'S858', 'Sinar Utama', NULL, 'TMBON', '2434', NULL, NULL, 'Jl. Veteran utara 58', '0411 - 3624061', NULL, NULL, NULL),
(516, NULL, 'S862', 'Sekawan Baut', NULL, 'TMBULU', '2434', NULL, NULL, 'Jl. Perintis kemerde', '0411-6156693', NULL, NULL, NULL),
(517, NULL, 'S866', 'Sentosa Jaya', NULL, 'TTAMBUA', '2434', NULL, NULL, 'Jl bandang no.142', '0411-3621347', NULL, NULL, NULL),
(518, NULL, 'T046', 'Tunas Baja', NULL, 'TABAT', '2434', NULL, NULL, 'Jl.muna no.12', '0411- 3611126', NULL, NULL, NULL),
(519, NULL, 'T108', 'Tunas Wijaya', NULL, 'TADUNG-BALI', '2434', NULL, NULL, 'Jl. Tupai no. 96', '0411-859602', NULL, NULL, NULL),
(520, NULL, 'T145', 'Tujuh Enam', NULL, 'TAJAWA', '2434', NULL, NULL, 'Jl. Bandang no 76', '0411- 3611531', NULL, NULL, NULL),
(521, NULL, 'T168', 'Terang Bangunan', NULL, 'TALIKPAPAN', '2434', NULL, NULL, 'Jl. Anuang 63d', '0411-857841', NULL, NULL, NULL),
(522, NULL, 'U029', 'Utama', NULL, 'TALUNG-JEMBER', '2434', NULL, NULL, 'Jl.toddo puli no 27', '0411- 444228', NULL, NULL, NULL),
(523, NULL, 'U046', 'Usaha Motor', NULL, 'TANDA ACEH', '2434', NULL, NULL, 'Jl bandang no. 26 (s', '0411-3623250', NULL, NULL, NULL),
(524, NULL, 'U050', 'Utama Jaya Bangunan', NULL, 'TANDARLAMPUNG', '2434', NULL, NULL, 'Jl. Ruko cakalang in', '0411-5738880', NULL, NULL, NULL),
(525, NULL, 'K177', 'Karya Rejeki', NULL, 'TANDUNG', '2434', NULL, NULL, 'Jl goa ria', '0411-2092385', NULL, NULL, NULL),
(526, NULL, 'S950', 'Sentral Baut', NULL, 'TANGIL', '2434', NULL, NULL, 'Jl. Perintis kemerde', '0411-4772338', NULL, NULL, NULL),
(527, NULL, 'M321', 'Multi Teknik Mandiri', NULL, 'TANGKALAN', '2434', NULL, NULL, 'Jl. Timor no.123', '0411-321684, 36', NULL, NULL, NULL),
(528, NULL, 'A019', 'Alam Subur', NULL, 'TANGKO', '2434', NULL, NULL, 'Jl.moch.yamin iv/77', '0341-362040', NULL, NULL, NULL),
(529, NULL, 'B028', 'Brilliant, Ud', NULL, 'TANJAR-CIAMIS', '2434', NULL, NULL, 'Jl.kh.hasyim ashari ', '0341-62202;6224', NULL, NULL, NULL),
(530, NULL, 'B253', 'Brilliant, Cv', NULL, 'TANJARMASIN', '2434', NULL, NULL, 'Jl. Peltu sujono no ', '0341-366969', NULL, NULL, NULL),
(531, NULL, 'B269', 'Agung Makmur, Tk', NULL, 'TANYUWANGI', '2434', NULL, NULL, 'Jl.prof.moh yamin no', '0341-326438/706', NULL, NULL, NULL),
(532, NULL, 'B289', 'Bangun Indah Graha', NULL, 'TATAM', '2434', NULL, NULL, 'Jl. Soekarno hatta 6', '0341-478300 , 4', NULL, NULL, NULL),
(533, NULL, 'D038', 'Dinamika', NULL, 'TATU', '2434', NULL, NULL, 'Jl.moch yamin ruko p', '0341-327312', NULL, NULL, NULL),
(534, NULL, 'D109', 'Dinoyo Jaya', NULL, 'TATU LICIN', '2434', NULL, NULL, 'Jl. Mayjend haryono ', '0341-552239', NULL, NULL, NULL),
(535, NULL, 'E039', 'Este Diesel ,Tk', NULL, 'TAU-BAU', '2434', NULL, NULL, 'Jl. Sultan syahrir n', '0341-357546', NULL, NULL, NULL),
(536, NULL, 'H150', 'Harapan Jaya', NULL, 'TEKASI', '2434', NULL, NULL, 'Jl. Diponegoro 31 ba', '0341-461129, 81', NULL, NULL, NULL),
(537, NULL, 'J137', 'Jaya Makmur', NULL, 'TENGKULU', '2434', NULL, NULL, 'Jl. Raya wendit timu', '0341-7329090, 7', NULL, NULL, NULL),
(538, NULL, 'K158', 'Intan Teknik', NULL, 'TERAU', '2434', NULL, NULL, 'Jl.raden intan kav 1', '0341-476065', NULL, NULL, NULL),
(539, NULL, 'K161', 'Karunia Abadi', NULL, 'TESUKI', '2434', NULL, NULL, 'Jl taman sulfat blok', '0341-478752', NULL, NULL, NULL),
(540, NULL, 'K171', 'Kerinci Jaya', NULL, 'TIAK', '2434', NULL, NULL, 'Jl. Danau kerinci f3', '0341-722657, 70', NULL, NULL, NULL),
(541, NULL, 'L008', 'Logam Mas Teknik', NULL, 'TIMA', '2434', NULL, NULL, 'Jl.moch.yamin no.109', '0341-361380', NULL, NULL, NULL),
(542, NULL, 'M079', 'Margono Semi Asih Jaya', NULL, 'TINTUNI', '2434', NULL, NULL, 'Jl.ade irma suryani ', '0341-323439', NULL, NULL, NULL),
(543, NULL, 'M331', 'Makmur Kita , Ud', NULL, 'TITUNG', '2434', NULL, NULL, 'Jl soekarno hatta 68', '0341-418888/489', NULL, NULL, NULL),
(544, NULL, 'M332', 'Modern', NULL, 'TLITAR', '2434', NULL, NULL, 'Jl danau maninjau ra', '0341-717631', NULL, NULL, NULL),
(545, NULL, 'M360', 'Mega Teknik, Ud', NULL, 'TLORA', '2434', NULL, NULL, 'Jl. Sartono sh 2c', '0341-9199898,99', NULL, NULL, NULL),
(546, NULL, 'M385', 'Malang Hardware Mart', NULL, 'TOGOR', '2434', NULL, NULL, 'Jl sunandar p sudarm', '0341- 495560', NULL, NULL, NULL),
(547, NULL, 'N071', 'Naga Mas, Tk', NULL, 'TOJONEGORO', '2434', NULL, NULL, 'Jl galunggung 67 b -', '0341584295', NULL, NULL, NULL),
(548, NULL, 'P193', 'Puncak Mas', NULL, 'TONDOWOSO', '2434', NULL, NULL, 'Jl. Soekarno hatta 1', '0341-471770', NULL, NULL, NULL),
(549, NULL, 'R079', 'Rukun Jaya Teknik', NULL, 'TONTANG BARU', '2434', NULL, NULL, 'Jl. Kolonel sugiono ', '', NULL, NULL, NULL),
(550, NULL, 'S220', 'Sanjaya', NULL, 'TULELENG', '2434', NULL, NULL, 'Jl. Mt. Haryono 6', '0341-567936', NULL, NULL, NULL),
(551, NULL, 'S802', 'Subur ,Tk', NULL, 'TAKRANEGARA', '2434', NULL, NULL, 'Jl. Sultan syahrir n', '0341-334867', NULL, NULL, NULL),
(552, NULL, 'S876', 'Setia Agung', NULL, 'TARUBAN', '2434', NULL, NULL, 'Jl. Sutan syahrir 31', '0341-347178', NULL, NULL, NULL),
(553, NULL, 'S886', 'Sumber Teknik Jaya', NULL, 'TEPU', '2434', NULL, NULL, 'Jl. Sunandar priyo s', '0341-412789', NULL, NULL, NULL),
(554, NULL, 'T153', 'Trisakti ,Tk', NULL, 'TIANJUR', '2434', NULL, NULL, 'Jl.laks martadinata ', '0341-320337/366', NULL, NULL, NULL),
(555, NULL, 'A020', 'Anyar, Tk', NULL, 'TIAWI', '2434', NULL, NULL, 'Jl. Letjen s parman ', '0341-491480', NULL, NULL, NULL),
(556, NULL, 'S944', 'Sinar Harapan', NULL, 'TIKAMPEK', '2434', NULL, NULL, 'Jl. Semeru selatan 2', '0341-896200', NULL, NULL, NULL),
(557, NULL, 'M391', 'Maestro', NULL, 'TIKARANG', '2434', NULL, NULL, 'Jl. Raya talangagung', '0341-7571788', NULL, NULL, NULL),
(558, NULL, 'S943', 'Sutiwijaya', NULL, 'TILACAP', '2434', NULL, NULL, 'Jl. Raya sulfat 59 b', '0341-470104', NULL, NULL, NULL),
(559, NULL, 'N081', 'Nopoto, Tk', NULL, 'TILEGON', '2434', NULL, NULL, 'Jl. A yani no. 51 tu', '0341-826006', NULL, NULL, NULL),
(560, NULL, 'T184', 'Tri Makmur', NULL, 'TILEUNGSI', '2434', NULL, NULL, 'Jl. Panglima sudirma', '0341-824054', NULL, NULL, NULL),
(561, NULL, 'M392', 'Makmur, Tk', NULL, 'TIREBON', '2434', NULL, NULL, 'Jl. Jend a yani no. ', '085646440377', NULL, NULL, NULL),
(562, NULL, 'C146', 'Cakra Motor', NULL, 'TISARUA', '2434', NULL, NULL, 'Jl. Raya sidodadi 16', '0341-7633703', NULL, NULL, NULL),
(563, NULL, 'A315', 'Anugrah Jaya', NULL, 'TURUP', '2434', NULL, NULL, 'Jl. Mega smart iii /', '0431-3838225', NULL, NULL, NULL),
(564, NULL, 'D110', 'Dolly Pontoh', NULL, 'TELANGGU', '2434', NULL, NULL, 'Lingkungan iii rt 00', '0431-865289', NULL, NULL, NULL),
(565, NULL, 'G026', 'Gampang Ingat', NULL, 'TELI SERDANG', '2434', NULL, NULL, 'Jl.lembong no.18', '0431-851580', NULL, NULL, NULL),
(566, NULL, 'M170', 'Multi Cipta Teknik', NULL, 'TENPASAR', '2434', NULL, NULL, 'Jl.walanda maramis n', '0431-864038', NULL, NULL, NULL),
(567, NULL, 'M176', 'Mitra Jaya', NULL, 'TEPOK', '2434', NULL, NULL, 'Jl.lembong no.30', '0431-862789', NULL, NULL, NULL),
(568, NULL, 'M200', 'Makmur Jaya', NULL, 'TOMPU-NTB', '2434', NULL, NULL, 'Jl.walanda maramis n', '0431-864967', NULL, NULL, NULL),
(569, NULL, 'M211', 'Mitra Manado', NULL, 'TONGGALA', '2434', NULL, NULL, 'Jl. Itc marina plaza', '0431-8880048', NULL, NULL, NULL),
(570, NULL, 'M339', 'Mega Sentral, Cv', NULL, 'TONGKEK-SUMENEP', '2434', NULL, NULL, 'Kawasan megamas, jl.', '0431-879466', NULL, NULL, NULL),
(571, NULL, 'M365', 'Mitra Teknik', NULL, 'TNDE', '2434', NULL, NULL, 'Jl. Walanda maramis ', '0431-862771', NULL, NULL, NULL),
(572, NULL, 'S151', 'Semeru Teknik', NULL, 'TARUT', '2434', NULL, NULL, 'Jl.sisingamangaraja ', '0431-863442', NULL, NULL, NULL),
(573, NULL, 'S863', 'Sumber Alam Jaya', NULL, 'TENTENG', '2434', NULL, NULL, 'Jl. Sawangan 12', '0431-3869000', NULL, NULL, NULL),
(574, NULL, 'S904', 'Simple Jaya, Ud', NULL, 'TIANYAR', '2434', NULL, NULL, 'Jl. A.a maramis', '0431-811212', NULL, NULL, NULL),
(575, NULL, 'U048', 'Uni Makmur', NULL, 'TOMBONG', '2434', NULL, NULL, 'Jl. Sam ratulangi no', '0431-863026', NULL, NULL, NULL),
(576, NULL, 'A136', 'Jaya Abadi', NULL, 'TORONTALO', '2434', NULL, NULL, 'Jl.yos sudarso no.43', '0986-214458', NULL, NULL, NULL),
(577, NULL, 'A212', 'Arema', NULL, 'TRESIK', '2434', NULL, NULL, 'Jl.trikora wosi jemb', '0986-215913', NULL, NULL, NULL),
(578, NULL, 'A256', 'Aneka Jaya ,Cv', NULL, 'TAJAG', '2434', NULL, NULL, 'Jl.trikora no.88', '0986-211910', NULL, NULL, NULL),
(579, NULL, 'A301', 'Aneka Bangunan ,Tk', NULL, 'TAKARTA BARAT', '2434', NULL, NULL, 'Jl.trikora ruko wosi', '0986-213096', NULL, NULL, NULL),
(580, NULL, 'E019', 'Eka Jaya', NULL, 'TAKARTA PUSAT', '2434', NULL, NULL, 'Jl.yos sudarso no.18', '0986-211572', NULL, NULL, NULL),
(581, NULL, 'G069', 'Gemilang Motor', NULL, 'TAKARTA SELATAN', '2434', NULL, NULL, 'Jl.jend.sudirman no ', '0986- 211539', NULL, NULL, NULL),
(582, NULL, 'G070', 'Gunung Meja', NULL, 'TAKARTA TIMUR', '2434', NULL, NULL, 'Jl.toba no 1', '0986- 212009', NULL, NULL, NULL),
(583, NULL, 'H142', 'Hermanus B.I Winarto', NULL, 'TAKARTA UTARA', '2434', NULL, NULL, 'Jl. Jend. Sudirman n', '0986-211825', NULL, NULL, NULL),
(584, NULL, 'M244', 'Makmur Sejati', NULL, 'TAMBI', '2434', NULL, NULL, 'Jl.trikora wosi no.1', '0986-214018; 21', NULL, NULL, NULL),
(585, NULL, 'P133', 'Pangestu', NULL, 'TAYAPURA', '2434', NULL, NULL, 'Jl.esausesa no.4', '0986- 213066', NULL, NULL, NULL),
(586, NULL, 'RO58', 'Restu Motor', NULL, 'TEMBER', '2434', NULL, NULL, 'Jl.trikora wosi no.1', '0986-212800;212', NULL, NULL, NULL),
(587, NULL, 'S912', 'Sinar Harmony Usaha', NULL, 'TEPARA', '2434', NULL, NULL, 'Jl. Trikora wosi 04', '0986-212696', NULL, NULL, NULL),
(588, NULL, 'T174', 'Trigase Pratama', NULL, 'TUWANA', '2434', NULL, NULL, 'Jl. Trikora wosi 81', '0986-21558', NULL, NULL, NULL),
(589, NULL, 'M390', 'Maju Bangunan, Tk', NULL, 'TARANGJATI-BALIKPAPAN', '2434', NULL, NULL, 'Jl. Trans sulawesi 1', '0443-240042', NULL, NULL, NULL),
(590, NULL, 'B308', 'Budi Luhur', NULL, 'TARAWANG', '2434', NULL, NULL, 'Jl lalu mesir 72', '0370-6611685', NULL, NULL, NULL),
(591, NULL, 'D080', 'Bale Citra Lestari, Pt', NULL, 'TARTOSURO', '2434', NULL, NULL, 'Jl. Brawijaya no 112', '0370-673456', NULL, NULL, NULL),
(592, NULL, 'L139', 'Lanvin Suryadi Gani', NULL, 'TASIYAN-JEMBER', '2434', NULL, NULL, 'Jl. Sandubaya no. 1 ', '0370-6175488', NULL, NULL, NULL),
(593, NULL, 'S700', 'Sumber Listrik', NULL, 'TEBUMEN', '2434', NULL, NULL, 'Jl. Ermasu', '(0971) 323090', NULL, NULL, NULL),
(594, NULL, 'T090', 'Tujuh', NULL, 'TEDATON', '2434', NULL, NULL, 'Jl. Raya mandala', '0971-321105', NULL, NULL, NULL),
(595, NULL, 'D039', 'Dipa Jaya', NULL, 'TEDIRI', '2434', NULL, NULL, 'Jl.perintis', '0984-21826', NULL, NULL, NULL),
(596, NULL, 'N024', 'Naga Jaya', NULL, 'TENDARI', '2434', NULL, NULL, 'Jl.tgh faisal 28-30 ', '0370-672048', NULL, NULL, NULL),
(597, NULL, 'S371', 'Sumber Urip', NULL, 'TEPI', '2434', NULL, NULL, 'Jl.teguh faisal no.3', '0370-671980', NULL, NULL, NULL),
(598, NULL, 'S648', 'Super Store', NULL, 'TERTOSONO', '2434', NULL, NULL, 'Jl..sandubaya no.1,s', '0370-6175488', NULL, NULL, NULL),
(599, NULL, 'S907', 'Sinar Bangunan', NULL, 'TETAPANG', '2434', NULL, NULL, 'Jl raya tanjung (dep', '0370 637665', NULL, NULL, NULL),
(600, NULL, 'K175', 'Karya Terang', NULL, 'TLATEN', '2434', NULL, NULL, 'Jl cakalang 34', '0382-21631', NULL, NULL, NULL),
(601, NULL, 'M347', 'Mitra Agung', NULL, 'TLUNGKUNG', '2434', NULL, NULL, 'Jl cakalang', '0382-2705740', NULL, NULL, NULL),
(602, NULL, 'S199', 'Sinar Agung', NULL, 'TOTA BARU', '2434', NULL, NULL, 'Jl.bandeng no.3', '0382-21321', NULL, NULL, NULL),
(603, NULL, 'S200', 'Sumber Utama', NULL, 'TRAKSAAN', '2434', NULL, NULL, 'Jl. Cakalang', '0382-21183', NULL, NULL, NULL),
(604, NULL, 'S889', 'Sumber Terang', NULL, 'TRIAN', '2434', NULL, NULL, 'Jl. Moa toda 10', '0382-21521', NULL, NULL, NULL),
(605, NULL, 'S892', 'Sampurna', NULL, 'TUALA TUNGKAL', '2434', NULL, NULL, 'Jl anggrek', '0382-22627', NULL, NULL, NULL),
(606, NULL, 'S894', 'Sumber Hidup', NULL, 'TUDUS', '2434', NULL, NULL, 'Jl anggrek', '0382-23875', NULL, NULL, NULL),
(607, NULL, 'U011', 'Usaha Bersama', NULL, 'TUNINGAN', '2434', NULL, NULL, 'Jl.hasanudin 67-69', '0382-21085', NULL, NULL, NULL),
(608, NULL, 'E026', 'Elite', NULL, 'TUPANG', '2434', NULL, NULL, 'Jl.warni 28-28a', '061-4519960;415', NULL, NULL, NULL),
(609, NULL, 'F028', 'Fang Hin', NULL, 'TUTA', '2434', NULL, NULL, 'Jl jendral sudirman ', '061-8821603/882', NULL, NULL, NULL),
(610, NULL, 'R051', 'Rapi', NULL, 'TUTOARJO', '2434', NULL, NULL, 'Jl.sutomo no.76', '061-7342239', NULL, NULL, NULL),
(611, NULL, 'C055', 'Central', NULL, 'TABUAN BAJO', '2434', NULL, NULL, 'Jl.raya mandala', '0971-322614', NULL, NULL, NULL),
(612, NULL, 'K076', 'Karunia', NULL, 'TABUHAN BATU-PRAPAT', '2434', NULL, NULL, 'Jl.raya mandala', '0971-324389', NULL, NULL, NULL),
(613, NULL, 'F029', 'Faedah', NULL, 'TAMONGAN', '2434', NULL, NULL, 'Jl. Bogor no. 40', '061-4568886', NULL, NULL, NULL),
(614, NULL, 'G072', 'Glc', NULL, 'TARANTUKA', '2434', NULL, NULL, 'Jl. Mustafa no 64 c ', '061-6626712;664', NULL, NULL, NULL),
(615, NULL, 'G112', 'Garuda Mas', NULL, 'TASEM', '2434', NULL, NULL, 'Jl bogor no.33', '061-4573236', NULL, NULL, NULL),
(616, NULL, 'K086', 'Karya Utama', NULL, 'TEWOLEBA', '2434', NULL, NULL, 'Jl.pandu 2l-89', '(061)4573562;45', NULL, NULL, NULL),
(617, NULL, 'K087', 'Karya Jaya', NULL, 'TOBAR-LOMBOK', '2434', NULL, NULL, 'Jl.pandu no.91', '(061) 4143788', NULL, NULL, NULL),
(618, NULL, 'K113', 'Karya Maju', NULL, 'TUBUK LINGGAU', '2434', NULL, NULL, 'Jl.negara 15', '(061)4148019;41', NULL, NULL, NULL),
(619, NULL, 'K114', 'Kawan Baru', NULL, 'TUMAJANG', '2434', NULL, NULL, 'Jl. Aksara baru ii /', '061-7332957, 73', NULL, NULL, NULL),
(620, NULL, 'M294', 'Megamas Plaza Bangunan, Pt', NULL, 'TUWUK', '2434', NULL, NULL, 'Jl. Jendral gatot su', '(061)4147968', NULL, NULL, NULL),
(621, NULL, 'M334', 'Mitra Jaya Teknik', NULL, 'TADIUN', '2434', NULL, NULL, 'Jl sutomo no.36-i', '061-4511747', NULL, NULL, NULL),
(622, NULL, 'N050', 'Niaga Teknik', NULL, 'TAGELANG', '2434', NULL, NULL, 'Jl.senangin 33a', '(061) 4575327', NULL, NULL, NULL),
(623, NULL, 'N074', 'New Diesel/Atak', NULL, 'TAGETAN', '2434', NULL, NULL, 'Komplek katamso vist', '061-7867168', NULL, NULL, NULL),
(624, NULL, 'S464', 'Surya Jaya Teknik', NULL, 'TAKASSAR', '2434', NULL, NULL, 'Jl.bogor no.110', '(061)4549581', NULL, NULL, NULL),
(625, NULL, 'S482', 'Semesta', NULL, 'TALANG', '2434', NULL, NULL, 'Jl.sutrisno no.58', '061-7356017-733', NULL, NULL, NULL),
(626, NULL, 'T099', 'Tas', NULL, 'TALINAU-KALTIM', '2434', NULL, NULL, 'Jl.ansari no.77', '(061)7320090;73', NULL, NULL, NULL),
(627, NULL, 'M190', 'Makmur Motor', NULL, 'TANADO', '2434', NULL, NULL, 'Jl.martadinata', '0984-25808', NULL, NULL, NULL),
(628, NULL, 'T167', 'Taruna', NULL, 'TANGGAR', '2434', NULL, NULL, 'Jl.jend.sudirman', '0984-22034', NULL, NULL, NULL),
(629, NULL, 'R043', 'Rukun Tani', NULL, 'TANOKWARI', '2434', NULL, NULL, 'Jl.suryo no.1', '0351-744994', NULL, NULL, NULL),
(630, NULL, 'A134', 'Anugerah', NULL, 'TARISA', '2434', NULL, NULL, 'Jl.taman makam pahla', '0971-322316', NULL, NULL, NULL),
(631, NULL, 'A191', 'Adil', NULL, 'TARTAPURA', '2434', NULL, NULL, 'Jl.raya mandala 85', '', NULL, NULL, NULL),
(632, NULL, 'B135', 'Bintang Terang Motor', NULL, 'TATARAM', '2434', NULL, NULL, 'Jl.paulus napi no.8', '0971-321281;324', NULL, NULL, NULL),
(633, NULL, 'B313', 'Berkat Baru', NULL, 'TAUMERE', '2434', NULL, NULL, 'Jl parakomando', '', NULL, NULL, NULL),
(634, NULL, 'F024', 'Fortuna', NULL, 'TEDAN', '2434', NULL, NULL, 'Jl.tmp polder no.33 ', '0971-323989', NULL, NULL, NULL),
(635, NULL, 'H064', 'Harian Motor', NULL, 'TERAUKE', '2434', NULL, NULL, 'Jl.raya mandala no.1', '0971-321966', NULL, NULL, NULL),
(636, NULL, 'N054', 'Nobel', NULL, 'TETRO', '2434', NULL, NULL, 'Jl.prajurit no.12', '0971-323630', NULL, NULL, NULL),
(637, NULL, 'S413', 'Sahabat Jaya', NULL, 'TOJOKERTO', '2434', NULL, NULL, 'Jl.raya mandala no.1', '0971-321241', NULL, NULL, NULL),
(638, NULL, 'S502', 'Sumber Jaya', NULL, 'TOJOSARI', '2434', NULL, NULL, 'Jl.aru no.11 a', '0971-321733', NULL, NULL, NULL),
(639, NULL, 'S519', 'Sumber Aneka', NULL, 'TUARA BUNGO', '2434', NULL, NULL, 'Jl.mandala muli', '0971-327084;323', NULL, NULL, NULL),
(640, NULL, 'E038', 'Eko Joyo, Ud', NULL, 'TABIRE', '2434', NULL, NULL, 'Jl. Benteng pancasil', '0321-325960', NULL, NULL, NULL),
(641, NULL, 'H101', 'Harapan Jaya', NULL, 'TEGARA', '2434', NULL, NULL, 'Jl. Pb. Sudirman 7 a', '(0321) 392062', NULL, NULL, NULL),
(642, NULL, 'J109', 'Jaya Raya Diesel', NULL, 'TGANJUK', '2434', NULL, NULL, 'Jl. Pb sudirman no 4', '0321-329953', NULL, NULL, NULL),
(643, NULL, 'M367', 'Maju Jaya Teknik', NULL, 'TGAWI', '2434', NULL, NULL, 'Jl mojopahit 195', '0321 321736', NULL, NULL, NULL),
(644, NULL, 'N008', 'Niaga I', NULL, 'TGUNUT', '2434', NULL, NULL, 'Jl.mojopahit no.85', '(0321) 3215261', NULL, NULL, NULL),
(645, NULL, 'C068', 'Cahaya Jaya', NULL, 'TUNUKAN', '2434', NULL, NULL, 'Jl.pahlawan', '0556-21155', NULL, NULL, NULL),
(646, NULL, 'J063', 'July Jaya', NULL, 'TADANG', '2434', NULL, NULL, 'Jl. Trunojoyo no.75', '0324-327212, 32', NULL, NULL, NULL),
(647, NULL, 'M156', 'Megaria', NULL, 'TAGIMANA', '2434', NULL, NULL, 'Jl. Trunojoyo 34 b', '0324-322602', NULL, NULL, NULL),
(648, NULL, 'R073', 'Ridlatama Bangun Usaha', NULL, 'TAITON', '2434', NULL, NULL, 'Jl.raden patah no.9 ', '(0321)596167', NULL, NULL, NULL),
(649, NULL, 'S731', 'Sentosa,Ud', NULL, 'TALANGKA RAYA', '2434', NULL, NULL, 'Jl.mojopahit no.533', '(0321) 327143', NULL, NULL, NULL),
(650, NULL, 'S803', 'Sumber Sari, Tk', NULL, 'TALEMBANG', '2434', NULL, NULL, 'Jl. Pahlawan no.15', '0321-322015', NULL, NULL, NULL),
(651, NULL, 'L126', 'Logam Abadi ,Tk', NULL, 'TALU', '2434', NULL, NULL, 'Jl.niaga no.37 a', '0321-597480', NULL, NULL, NULL),
(652, NULL, 'A138', 'Alam', NULL, 'TAMEKASAN', '2434', NULL, NULL, 'Jl.yos sudarso (komp', '(0984) 21077', NULL, NULL, NULL),
(653, NULL, 'B138', 'Bukit Barisan', NULL, 'TANDAAN', '2434', NULL, NULL, 'Jl.yos sudarso no.9', '(0984)21217', NULL, NULL, NULL),
(654, NULL, 'D062', 'Dwi Jaya', NULL, 'TANDEGLANG', '2434', NULL, NULL, 'Jl.jend.sudirman (de', '0984- 25329;251', NULL, NULL, NULL),
(655, NULL, 'G083', 'Gel-Gel Mobile Teknik ', NULL, 'TANGKAL PINANG', '2434', NULL, NULL, 'Jl.perintis keluraha', '0984-22668', NULL, NULL, NULL),
(656, NULL, 'M148', 'Megah', NULL, 'TANGKALAN BUN', '2434', NULL, NULL, 'Jl.jendral sudirman ', '(0984)23276', NULL, NULL, NULL),
(657, NULL, 'M371', 'Multi Bangunan', NULL, 'TARE', '2434', NULL, NULL, 'Jl. Yos sudarso no. ', '0984-23190', NULL, NULL, NULL),
(658, NULL, 'P089', 'Panca Niaga', NULL, 'TASURUAN', '2434', NULL, NULL, 'Jl.yos sudarso', '(0984)21159/221', NULL, NULL, NULL),
(659, NULL, 'S434', 'Sinar Surya', NULL, 'TATI', '2434', NULL, NULL, 'Jl.sam ratulangi', '0984 - 25456', NULL, NULL, NULL),
(660, NULL, 'G122', 'Gangsar', NULL, 'TEKALONGAN', '2434', NULL, NULL, 'Jl. Raya nglirang - ', '0358-7623700', NULL, NULL, NULL),
(661, NULL, 'K169', 'Karya Agung', NULL, 'TEKANBARU', '2434', NULL, NULL, 'Jl. Jend. Gatot subr', '0358-321823', NULL, NULL, NULL),
(662, NULL, 'L039', 'Luhur', NULL, 'TEMALANG', '2434', NULL, NULL, 'Jl. Gatot subroto no', '(0358) 321523', NULL, NULL, NULL),
(663, NULL, 'S820', 'Sumber Lancar Teknik', NULL, 'TEMATANG SIANTAR', '2434', NULL, NULL, 'Jl jend a yani 63', '0358-327878', NULL, NULL, NULL),
(664, NULL, 'A164', 'Alam Tani', NULL, 'TINRANG', '2434', NULL, NULL, 'Talok ds.putih kec.k', '(0351)661264', NULL, NULL, NULL),
(665, NULL, 'E017', 'Empat Delapan Motor/Diesel', NULL, 'TONOROGO', '2434', NULL, NULL, 'Jl. Jendral sudirman', '(0351)746800', NULL, NULL, NULL),
(666, NULL, 'K066', 'Kawan Tani', NULL, 'TONTIANAK', '2434', NULL, NULL, 'Jl.p.sudirman no.54', '(0351) 746407;7', NULL, NULL, NULL),
(667, NULL, 'M293', 'Murah Baru', NULL, 'TORONG', '2434', NULL, NULL, 'Jl.a.yani no.184', '0351-7833514', NULL, NULL, NULL),
(668, NULL, 'P154', 'Panglima Diesel', NULL, 'TRAYA-LOMBOK', '2434', NULL, NULL, 'Jl.caruban - ngawi (', '0351-661975', NULL, NULL, NULL),
(669, NULL, 'P161', 'Putri Rejeki', NULL, 'TROBOLINGGO', '2434', NULL, NULL, 'Jl.a.yani no.40', '0351-7770441, 7', NULL, NULL, NULL),
(670, NULL, 'A119', 'Alim (Cahaya Makmur)', NULL, 'TURBALINGGA', '2434', NULL, NULL, 'Jl.a.yani rt 1 no.9', '0556-22332', NULL, NULL, NULL),
(671, NULL, 'H061', 'Harapan', NULL, 'TURWAKARTA', '2434', NULL, NULL, 'Jl.sudirman rt 03', '0556-21075', NULL, NULL, NULL),
(672, NULL, 'R042', 'Rita', NULL, 'TURWODADI', '2434', NULL, NULL, 'Jl.manunggal', '0556-21078', NULL, NULL, NULL),
(673, NULL, 'R065', 'Rajawali', NULL, 'TURWOKERTO', '2434', NULL, NULL, 'Jl.pasar baru no 75', '0556 -2025372', NULL, NULL, NULL),
(674, NULL, 'M359', 'Marga Raya Motor', NULL, 'TURWOREJO', '2434', NULL, NULL, 'Jl trans sulawesi', '', NULL, NULL, NULL),
(675, NULL, 'D106', 'Dua Bersaudara', NULL, 'TABA-BIMA', '2434', NULL, NULL, 'Jl. Darmosugondo no.', '0536-3232405', NULL, NULL, NULL),
(676, NULL, 'G125', 'Golden Star 2', NULL, 'TANGKAS BITUNG', '2434', NULL, NULL, 'Jl. Bawean ( simpang', '085347930000', NULL, NULL, NULL),
(677, NULL, 'S925', 'Sanjaya', NULL, 'TEMBANG', '2434', NULL, NULL, 'Jl. Raya sumenep no.', '0324-326458', NULL, NULL, NULL),
(678, NULL, 'T036', 'Timbul', NULL, 'TOGOJAMPI', '2434', NULL, NULL, 'Jl.kandangan no.5', '391335', NULL, NULL, NULL),
(679, NULL, 'B314', 'Bintang Mas 2', NULL, 'TUTENG', '2434', NULL, NULL, 'Jl pemuda 27/6b', '0295 384852', NULL, NULL, NULL),
(680, NULL, 'G126', 'Golden Star', NULL, 'TALATIGA', '2434', NULL, NULL, 'Jl. Sumatera no. 9', '0536-3237267', NULL, NULL, NULL),
(681, NULL, 'M361', 'Mahkota', NULL, 'TAMARINDA', '2434', NULL, NULL, 'Jl. A. Yani no. 91', '0536-3221671,32', NULL, NULL, NULL),
(682, NULL, 'S317', 'Sinar Baru', NULL, 'TAMPANG', '2434', NULL, NULL, 'Jl. Darmo sugondo no', '0536-3221618,32', NULL, NULL, NULL),
(683, NULL, 'S914', 'Samudra', NULL, 'TAMPIT', '2434', NULL, NULL, 'Jl rajawali km 4,5 n', '0536-3220199', NULL, NULL, NULL),
(684, NULL, 'S941', 'Sinar Mulia Ii, Tk', NULL, 'TAROLANGON', '2434', NULL, NULL, 'Jl. Rajawali km. 5,5', '0536-3233709', NULL, NULL, NULL),
(685, NULL, 'S942', 'Sumber Mawar', NULL, 'TAUMLAKI-MALUKU', '2434', NULL, NULL, 'Jl. Rta milono km 1,', '0536-3229379', NULL, NULL, NULL),
(686, NULL, 'B321', 'Budi Annor', NULL, 'TEMARANG', '2434', NULL, NULL, 'Jl. Cilik riwut km. ', '0536-3225258', NULL, NULL, NULL),
(687, NULL, 'M389', 'Mulya Jaya', NULL, 'TEPANJANG', '2434', NULL, NULL, 'Jl. Cilik riwut no. ', '0536-3221459', NULL, NULL, NULL),
(688, NULL, 'W055', 'Wira Gemilang', NULL, 'TERANG', '2434', NULL, NULL, 'Jl. Rta milono km 7 ', '0811522128', NULL, NULL, NULL),
(689, NULL, 'B326', 'Berkat Malik, Tk', NULL, 'TERPONG', '2434', NULL, NULL, 'Jl. Rajawali km. 6', '0536-3231372', NULL, NULL, NULL),
(690, NULL, 'W054', 'Wiyata Jaya, Tk', NULL, 'TERUI', '2434', NULL, NULL, 'Jl. Rajawali km. 6', '081349149149', NULL, NULL, NULL),
(691, NULL, 'G132', 'Gemilang Jaya', NULL, 'TIDOARJO', '2434', NULL, NULL, 'Jl. Sumatera (sebela', '081254987411', NULL, NULL, NULL),
(692, NULL, 'T186', 'Tamara, Tk', NULL, 'TINDANGLAYA', '2434', NULL, NULL, 'Jl. Ks tubun, palang', '0536-3225105', NULL, NULL, NULL),
(693, NULL, 'B327', 'Budi Niaga', NULL, 'TINGARAJA', '2434', NULL, NULL, 'Jl. Cilik riwut km. ', '0536-3221700', NULL, NULL, NULL),
(694, NULL, 'H153', 'Harapan Jaya', NULL, 'TITUBONDO', '2434', NULL, NULL, 'Jl. Rajawali km 4.5', '', NULL, NULL, NULL),
(695, NULL, 'S928', 'Surya Sukses Cemerlang, Pt', NULL, 'TOE', '2434', NULL, NULL, 'Komp. Griya bahagia ', '0711-430357, 43', NULL, NULL, NULL),
(696, NULL, 'S929', 'Surya Kencana Keramindo, Pt', NULL, 'TORONG', '2434', NULL, NULL, 'Jl. Kol. H. Burlian ', '0711-5610657', NULL, NULL, NULL),
(697, NULL, 'A110', 'Aneka Bangunan Baru', NULL, 'TRAGEN', '2434', NULL, NULL, 'Jl.teuku umar no.130', '(0451) 421446', NULL, NULL, NULL),
(698, NULL, 'A267', 'Auto Prima (Ikm)', NULL, 'TRENGAT-BLITAR', '2434', NULL, NULL, 'Jl. Sungai gumbosa i', '(0451)425272;42', NULL, NULL, NULL),
(699, NULL, 'B216', 'Bumi Nyiur Swalayan', NULL, 'TUKABUMI', '2434', NULL, NULL, 'Jl.s.parman 44', '(0451)426267; 4', NULL, NULL, NULL),
(700, NULL, 'G036', 'Gading Kencana', NULL, 'TUKOREJO', '2434', NULL, NULL, 'Jl.danau lindu no.16', '(0451)458236', NULL, NULL, NULL),
(701, NULL, 'J134', 'Valentino Lengkong', NULL, 'TUMBAWA BESAR', '2434', NULL, NULL, 'Jl s.lewara no 1 rt ', '(0451) 421626', NULL, NULL, NULL),
(702, NULL, 'M130', 'Marco', NULL, 'TUMENEP', '2434', NULL, NULL, 'Jl.gajahmada 159-161', '(0451) 421647;4', NULL, NULL, NULL),
(703, NULL, 'P206', 'Perkasa Jaya', NULL, 'TURABAYA', '2434', NULL, NULL, 'Jl danau poso 3', '(0451) 423016', NULL, NULL, NULL),
(704, NULL, 'S206', 'Sumber Rejeki Motor', NULL, 'TURABAYA-', '2434', NULL, NULL, 'Jl.monginsidi 80', '0451-425166', NULL, NULL, NULL),
(705, NULL, 'S255', 'Sumber Jaya', NULL, 'TURABAYA BARAT', '2434', NULL, NULL, 'Jl.gajah mada no.92', '0451-423198', NULL, NULL, NULL),
(706, NULL, 'S363', 'Sinar Rejeki', NULL, 'TURABAYA PUSAT', '2434', NULL, NULL, 'Jl.emmy saelan 21', '0451-483129', NULL, NULL, NULL),
(707, NULL, 'S639', 'Sumber Bangunan - Talise', NULL, 'TURABAYA SELATAN', '2434', NULL, NULL, 'Jl.yos sudarso no.39', '0451-457293', NULL, NULL, NULL),
(708, NULL, 'S676', 'Sinar Sakti', NULL, 'TURABAYA TIMUR', '2434', NULL, NULL, 'Jl.monginsidi no.80', '0451-422051', NULL, NULL, NULL),
(709, NULL, 'S705', 'Semeru Electric', NULL, 'TURABAYA TIMUR-', '2434', NULL, NULL, 'Jl. Imam bonjol 40', '(0451) 455041', NULL, NULL, NULL),
(710, NULL, 'W027', 'Windra', NULL, 'TURABAYA UTARA', '2434', NULL, NULL, 'Jl.lorong bhakti no ', '081340886552', NULL, NULL, NULL),
(711, NULL, 'M311', 'Madura Diesel ,Tk', NULL, 'TURABAYA^', '2434', NULL, NULL, 'Jl. Ronggo sukowati ', '0324-321562', NULL, NULL, NULL),
(712, NULL, 'M387', 'Mana Suka, Tk', NULL, 'TURAKARTA', '2434', NULL, NULL, 'Jl. Trunojoyo 134', '0324-322105', NULL, NULL, NULL),
(713, NULL, 'N043', 'New Inti 2', NULL, 'TWETA', '2434', NULL, NULL, 'Jl. Raya sumenep no.', '0324-322760', NULL, NULL, NULL),
(714, NULL, 'R104', 'Rutaka, Tk', NULL, 'TABANAN', '2434', NULL, NULL, 'Jl. Asam manis no. 3', '0324-321088', NULL, NULL, NULL),
(715, NULL, 'C100', 'Central Niaga', NULL, 'TANGERANG', '2434', NULL, NULL, 'Jl. Raya kasri 321', '(0343) 637338, ', NULL, NULL, NULL),
(716, NULL, 'F030', 'Fajar Indah Material, Pt', NULL, 'TANJUNG PINANG', '2434', NULL, NULL, 'Jl. Depati hamzah rt', '0717-422621', NULL, NULL, NULL),
(717, NULL, 'B098', 'Bakrie', NULL, 'TANJUNG SELOR', '2434', NULL, NULL, 'Jl.p.antasari no.73', '0532- 21024', NULL, NULL, NULL),
(718, NULL, 'H151', 'Hnf Diesel', NULL, 'TARAKAN', '2434', NULL, NULL, 'Jl. Pasar said no. 1', '0532-28042', NULL, NULL, NULL),
(719, NULL, 'J133', 'Jaya Abadi', NULL, 'TASIKMALAYA', '2434', NULL, NULL, 'Jl pangeran antasari', '(0532) 24254', NULL, NULL, NULL),
(720, NULL, 'K047', 'Kalimantan', NULL, 'TEGAL', '2434', NULL, NULL, 'Jl.pangeran antasari', '0532-21038;2118', NULL, NULL, NULL),
(721, NULL, 'N032', 'Naga Jaya Diesel', NULL, 'TEMANGGUNG', '2434', NULL, NULL, 'Jl.rangga santrek no', '0532-28553', NULL, NULL, NULL),
(722, NULL, 'P205', 'Ponti Suri Diesel', NULL, 'TENGGARONG', '2434', NULL, NULL, 'Jl. Udan saih no. 1-', '0532-27482', NULL, NULL, NULL),
(723, NULL, 'W053', 'Wisen Teknik', NULL, 'TERNATE', '2434', NULL, NULL, 'Jl iskandar 132', '0532-21888', NULL, NULL, NULL),
(724, NULL, 'S948', 'Sumber Hasil Teknik', NULL, 'TIMIKA', '2434', NULL, NULL, 'Jl. Letnan suwaji 33', '0293-597335', NULL, NULL, NULL),
(725, NULL, 'J136', 'Jaya Abadi Teknik', NULL, 'TRENGGALEK', '2434', NULL, NULL, 'Jl. Wr. Supratman 58', '0354-392983', NULL, NULL, NULL),
(726, NULL, 'T061', 'Tunggal Jaya', NULL, 'TUBAN', '2434', NULL, NULL, 'Jl.muria no.7', '0354-391456;392', NULL, NULL, NULL),
(727, NULL, 'T158', 'Timur Jaya ,Tb', NULL, 'TULUNG AGUNG', '2434', NULL, NULL, 'Jl.gajah mada no.20', '0354-391171', NULL, NULL, NULL),
(728, NULL, 'B310', 'Bangun', NULL, 'TBUD', '2434', NULL, NULL, 'Jl. Raya gondang leg', '0343-656116', NULL, NULL, NULL),
(729, NULL, 'C142', 'Cipta Indah Pratama', NULL, 'TAIWERANG', '2434', NULL, NULL, 'Jl. Dr wahidin utara', '', NULL, NULL, NULL),
(730, NULL, 'N073', 'Naga Mas Jaya', NULL, 'TARINGIN TIMUR', '2434', NULL, NULL, 'Jl kh wachid hasyim ', '0343-421905', NULL, NULL, NULL),
(731, NULL, 'W044', 'Warna Warni Electric', NULL, 'TARU', '2434', NULL, NULL, 'Jl.kh wachid hasyim ', '0343-419556', NULL, NULL, NULL),
(732, NULL, 'T185', 'Trijaya Putra Teknik', NULL, 'TATES', '2434', NULL, NULL, 'Jl. Raya erlangga 16', '0343-422209', NULL, NULL, NULL),
(733, NULL, 'B315', 'Bintang Mas 1', NULL, 'TLINGI', '2434', NULL, NULL, 'Jl hos cokroaminoto ', '0295 381402', NULL, NULL, NULL),
(734, NULL, 'L042', 'Laksana Motor, Tk', NULL, 'TONOSOBO', '2434', NULL, NULL, 'Jl. Pemuda no. 292', '0295-381194', NULL, NULL, NULL),
(735, NULL, 'R101', 'Rejo Mulyo', NULL, 'TUA-WUA-KENDARI', '2434', NULL, NULL, 'Jl pati juwana km 3', '', NULL, NULL, NULL),
(736, NULL, 'S362', 'Santosa Jaya', NULL, 'TOGYAKARTA', '2434', NULL, NULL, 'Jl. Pemuda no. 339', '0295-381389', NULL, NULL, NULL),
(737, NULL, 'U052', 'Utama Tbm, Tk', NULL, 'TUNGAILIAT', '2434', NULL, NULL, 'Jl. Tondonegoro 3a', '0295-381411', NULL, NULL, NULL),
(738, NULL, 'A093', 'Anugerah Teknik', NULL, 'TAHAT', '2434', NULL, NULL, 'Jl.jend.sudirman no ', '0285-426171', NULL, NULL, NULL),
(739, NULL, 'D095', 'Duta Teknik, Tk', NULL, 'TAMBAS - KALIMANTAN BARAT 79462', '2434', NULL, NULL, 'Jl. Dr. Cipto no. 63', '0285-410900', NULL, NULL, NULL),
(740, NULL, 'L127', 'Lancar ,Tk', NULL, 'TUKIT TINGGI', '2434', NULL, NULL, 'Jl.sultan agung no.1', '0285-422641', NULL, NULL, NULL),
(741, NULL, 'S322', 'Sinar Jaya Teknik', NULL, 'TOMBANG', '2434', NULL, NULL, 'Jl.gajahmada no.19', '0285-423249', NULL, NULL, NULL),
(742, NULL, 'S324', 'Sukses', NULL, 'TLAS-SUMBAWA', '2434', NULL, NULL, 'Jl.hasanudin no 100', '0285-422874', NULL, NULL, NULL),
(743, NULL, 'S931', 'Sumber Teknik', NULL, 'TMBON', '2434', NULL, NULL, 'Jl. Gajah mada no. 8', '0285-423615', NULL, NULL, NULL),
(744, NULL, 'S937', 'Sumber Makmur, Cv', NULL, 'TMBULU', '2434', NULL, NULL, 'Jl. R.a. kartini no ', '0285-434988', NULL, NULL, NULL),
(745, NULL, 'K052', 'Jaya Tani', NULL, 'TTAMBUA', '2434', NULL, NULL, 'Jl.jend.sudirman 7', '(0352) 481666', NULL, NULL, NULL),
(746, NULL, 'K143', 'Kurnia Besi', NULL, 'TABAT', '2434', NULL, NULL, 'Jl. Gajah mada no. 2', '0352-481272', NULL, NULL, NULL),
(747, NULL, 'P160', 'Putra Berlian', NULL, 'TADUNG-BALI', '2434', NULL, NULL, 'Jl.gatot subroto no.', '0352-482128', NULL, NULL, NULL),
(748, NULL, 'P217', 'Putra Persatuan', NULL, 'TAJAWA', '2434', NULL, NULL, 'Jl. Sultan agung no.', '0352-481557', NULL, NULL, NULL),
(749, NULL, 'C147', 'Cahaya Abadi ', NULL, 'TALIKPAPAN', '2434', NULL, NULL, 'Jl. Jend sudirman no', '', NULL, NULL, NULL),
(750, NULL, 'S915', 'Sukses', NULL, 'TALUNG-JEMBER', '2434', NULL, NULL, 'Jl mahakam 6a', '(0561) 736484', NULL, NULL, NULL),
(751, NULL, 'S930', 'Sambas Teknik', NULL, 'TANDA ACEH', '2434', NULL, NULL, 'Jl a.yani 21', '', NULL, NULL, NULL),
(752, NULL, 'O014', 'Orion', NULL, 'TANDARLAMPUNG', '2434', NULL, NULL, 'Jl eltari 22', '0385 21417', NULL, NULL, NULL),
(753, NULL, 'A086', 'Aneka Makmur/Istana Teknik', NULL, 'TANDUNG', '2434', NULL, NULL, 'Jl.ciujung utara no.', '0561- 730326', NULL, NULL, NULL),
(754, NULL, 'A087', 'Aneka Logam', NULL, 'TANGIL', '2434', NULL, NULL, 'Jl.ciujung utara no.', '0561- 736335;73', NULL, NULL, NULL),
(755, NULL, 'B197', 'Baja Sakti', NULL, 'TANGKALAN', '2434', NULL, NULL, 'Jl. A.yani 2 ruko ko', '0561- 761824', NULL, NULL, NULL),
(756, NULL, 'C016', 'Central Prima', NULL, 'TANGKO', '2434', NULL, NULL, 'Jl.ciujung utara no.', '(0561)740978/74', NULL, NULL, NULL),
(757, NULL, 'C077', 'City Hardware', NULL, 'TANJAR-CIAMIS', '2434', NULL, NULL, 'Komp.pontianak mall ', '0561- 743847', NULL, NULL, NULL),
(758, NULL, 'D053', 'Duta Karya', NULL, 'TANJARMASIN', '2434', NULL, NULL, 'Jl.pangsuma no.67-69', '0561-732659;742', NULL, NULL, NULL),
(759, NULL, 'K050', 'Kurnia Jaya', NULL, 'TANYUWANGI', '2434', NULL, NULL, 'Jl.ciujung utara no.', '0561-732820;736', NULL, NULL, NULL),
(760, NULL, 'K054', 'Kiat', NULL, 'TATAM', '2434', NULL, NULL, 'Jl.ciujung utara no.', '0561- 734036', NULL, NULL, NULL),
(761, NULL, 'K059', 'Kurnia Logam', NULL, 'TATU', '2434', NULL, NULL, 'Jl. Ciujung utara no', '0561-734469', NULL, NULL, NULL),
(762, NULL, 'M105', 'Maha Jaya Teknik', NULL, 'TATU LICIN', '2434', NULL, NULL, 'Jl.mahakam no.35 c', '0561-732367;733', NULL, NULL, NULL),
(763, NULL, 'M106', 'Mahakam Jaya', NULL, 'TAU-BAU', '2434', NULL, NULL, 'Jl.mahakam ii no.45-', '0561-734750;738', NULL, NULL, NULL),
(764, NULL, 'M325', 'Multi Depo, Pt', NULL, 'TEKASI', '2434', NULL, NULL, 'Jl r. Soeprapto no.1', '0561.730699', NULL, NULL, NULL),
(765, NULL, 'P124', 'Posia', NULL, 'TENGKULU', '2434', NULL, NULL, 'Jl. Ciujung utara no', '0561- 739561;73', NULL, NULL, NULL),
(766, NULL, 'P204', 'Power', NULL, 'TERAU', '2434', NULL, NULL, 'Jl tanjungpura gg la', '(0561) 744521', NULL, NULL, NULL),
(767, NULL, 'S492', 'Sumber Teknik Jaya', NULL, 'TESUKI', '2434', NULL, NULL, 'Jl. Indragiri timur ', '0561-736683;735', NULL, NULL, NULL),
(768, NULL, 'V012', 'Vita Jaya', NULL, 'TIAK', '2434', NULL, NULL, 'Jl.purnama no.9 a (s', '0561- 766937', NULL, NULL, NULL),
(769, NULL, 'W045', 'Willy Jaya', NULL, 'TIMA', '2434', NULL, NULL, 'Jl.seiraya dalam gg ', '0561-7097591', NULL, NULL, NULL),
(770, NULL, 'M030', 'Megah Jaya', NULL, 'TINTUNI', '2434', NULL, NULL, 'Jl.raya jenggolo no.', '0343-851300/851', NULL, NULL, NULL),
(771, NULL, 'M289', 'Megah Baru', NULL, 'TITUNG', '2434', NULL, NULL, 'Jl. Raya jenggolo no', '0343-852177', NULL, NULL, NULL),
(772, NULL, 'S726', 'Surabaya, Ud', NULL, 'TLITAR', '2434', NULL, NULL, 'Jl. Raya porong no 1', '0343-851138', NULL, NULL, NULL),
(773, NULL, 'A318', 'Andi Husada', NULL, 'TLORA', '2434', NULL, NULL, 'Jl gatot subroto no.', '0335-421877, 42', NULL, NULL, NULL),
(774, NULL, 'B030', 'Bintang Cemerlang Abadi (Bca)', NULL, 'TOGOR', '2434', NULL, NULL, 'Jl.raya p.sudirman n', '0335-424435', NULL, NULL, NULL),
(775, NULL, 'C105', 'Cerah', NULL, 'TOJONEGORO', '2434', NULL, NULL, 'Jl. Raya depan telko', '0335-7747771', NULL, NULL, NULL),
(776, NULL, 'J036', 'Jaya Mulya Diesel', NULL, 'TONDOWOSO', '2434', NULL, NULL, 'Jl.gatot subroto no.', '0335-428636', NULL, NULL, NULL),
(777, NULL, 'K172', 'Karya Mandiri, Ud', NULL, 'TONTANG BARU', '2434', NULL, NULL, 'Jl. Ikan paus no. 5 ', '0335-423688', NULL, NULL, NULL),
(778, NULL, 'M377', 'Mekar Jaya Abadi', NULL, 'TULELENG', '2434', NULL, NULL, 'Jl. Gatot subroto no', '0335-430296, 43', NULL, NULL, NULL),
(779, NULL, 'A348', 'Adi Martani Teknik', NULL, 'TAKRANEGARA', '2434', NULL, NULL, 'Jl a.yani 70', '0281 892118', NULL, NULL, NULL),
(780, NULL, 'G129', 'Garuda Teknik, Tk', NULL, 'TARUBAN', '2434', NULL, NULL, 'Jl. Raya blora no. 5', '0292-426400, 42', NULL, NULL, NULL),
(781, NULL, 'M379', 'Mitra Teknik, Tk', NULL, 'TEPU', '2434', NULL, NULL, 'Jl. Diponegoro no. 4', '0292-422867', NULL, NULL, NULL),
(782, NULL, 'S935', 'Sinar Alam, Tk', NULL, 'TIANJUR', '2434', NULL, NULL, 'Jl. R. Suprapto no. ', '0292-423645', NULL, NULL, NULL),
(783, NULL, 'A094', 'Aneka Teknik', NULL, 'TIAWI', '2434', NULL, NULL, 'Jl. Gerilya no. 106', '0281-624387', NULL, NULL, NULL),
(784, NULL, 'A097', 'Aneka Logam', NULL, 'TIKAMPEK', '2434', NULL, NULL, 'Jl.jend.sudirman 526', '0281-635041 ', NULL, NULL, NULL),
(785, NULL, 'A354', 'Anton Jaya, Tk', NULL, 'TIKARANG', '2434', NULL, NULL, 'Jl. Jend. Sudirman t', '081327030288', NULL, NULL, NULL),
(786, NULL, 'L055', 'Logam Jaya', NULL, 'TILACAP', '2434', NULL, NULL, 'Jl.jend.sudirman no.', '0281-632072', NULL, NULL, NULL),
(787, NULL, 'P210', 'Perkakas Indo Agung', NULL, 'TILEGON', '2434', NULL, NULL, 'Jl gatot subroto a38', '0281 638140', NULL, NULL, NULL),
(788, NULL, 'P211', 'Penta Elektrik', NULL, 'TILEUNGSI', '2434', NULL, NULL, 'Jl. Jend. Suprapto 8', '0281-636694', NULL, NULL, NULL),
(789, NULL, 'S330', 'Sumber Teknik', NULL, 'TIREBON', '2434', NULL, NULL, 'Jl.gerilya no.560-56', '0281-638158', NULL, NULL, NULL),
(790, NULL, 'S927', 'Surya Fajar', NULL, 'TISARUA', '2434', NULL, NULL, 'K.h much syafe\'i d1', '0281 7605868', NULL, NULL, NULL),
(791, NULL, 'T070', 'Trinaga', NULL, 'TURUP', '2434', NULL, NULL, 'Jl. Wahid hasyim no ', '0281-637511', NULL, NULL, NULL),
(792, NULL, 'T178', 'Teguh Jaya', NULL, 'TELANGGU', '2434', NULL, NULL, 'Jl. D.i panjaitan no', '0281-628158', NULL, NULL, NULL),
(793, NULL, 'K178', 'Karang Turi Mandiri', NULL, 'TELI SERDANG', '2434', NULL, NULL, 'Jl. Kombas no. 18', '0281-626557', NULL, NULL, NULL),
(794, NULL, 'S804', 'Sentra Motor ,Tk', NULL, 'TENPASAR', '2434', NULL, NULL, 'Jl.kol sugiono no.52', '0275-321940', NULL, NULL, NULL),
(795, NULL, 'P168', 'Putra Jaya Diesel ,Ud', NULL, 'TEPOK', '2434', NULL, NULL, 'Jl.diponegoro no.60', '0333-635824', NULL, NULL, NULL),
(796, NULL, 'B316', 'Berlian', NULL, 'TOMPU-NTB', '2434', NULL, NULL, 'Jl niaga 11a', '0385 21198 ', NULL, NULL, NULL),
(797, NULL, 'S936', 'Sumber Berlian', NULL, 'TONGGALA', '2434', NULL, NULL, 'Jl bhayangkara', '0385 21109', NULL, NULL, NULL),
(798, NULL, 'M378', 'Mahkota Jaya Teknik, Tk', NULL, 'TONGKEK-SUMENEP', '2434', NULL, NULL, 'Kompleks pertokoan m', '', NULL, NULL, NULL),
(799, NULL, 'A035', 'Abadi', NULL, 'TNDE', '2434', NULL, NULL, 'Jl. Pelabuhan no. 54', '0541-7090808,74', NULL, NULL, NULL),
(800, NULL, 'A150', 'Sumber Griya', NULL, 'TARUT', '2434', NULL, NULL, 'Jl. Sultan sulaiman ', '0541- 7176638', NULL, NULL, NULL),
(801, NULL, 'A302', 'Aneka Baut ,Ud', NULL, 'TENTENG', '2434', NULL, NULL, 'Jl dr sutomo no. 15 ', '0541-735185', NULL, NULL, NULL),
(802, NULL, 'A320', 'Aneka Logam', NULL, 'TIANYAR', '2434', NULL, NULL, 'Jl. Imam bonjol no. ', '0541-743138', NULL, NULL, NULL),
(803, NULL, 'B054', 'Bahagia', NULL, 'TOMBONG', '2434', NULL, NULL, 'Jl.mulawarman no.19', '0541-742964', NULL, NULL, NULL),
(804, NULL, 'B117', 'Berkat Jaya', NULL, 'TORONTALO', '2434', NULL, NULL, 'Jl.k.h abdul hasan n', '0541-732487', NULL, NULL, NULL),
(805, NULL, 'B206', 'Berlian Jaya', NULL, 'TRESIK', '2434', NULL, NULL, 'Jl.yos sudarso no.8 ', '0541-7241755', NULL, NULL, NULL),
(806, NULL, 'C011', 'Citra', NULL, 'TAJAG', '2434', NULL, NULL, 'Jl.niaga barat blok ', '0541- 738777', NULL, NULL, NULL),
(807, NULL, 'C144', 'Cahaya Timur Baru', NULL, 'TAKARTA BARAT', '2434', NULL, NULL, 'Jl. Hj. Agus salim n', '0541-735516', NULL, NULL, NULL),
(808, NULL, 'D014', 'Diesel Persada Utama', NULL, 'TAKARTA PUSAT', '2434', NULL, NULL, 'Jl.pelabuhan no 6-8', '0541-743896', NULL, NULL, NULL),
(809, NULL, 'D015', 'Dwijaya', NULL, 'TAKARTA SELATAN', '2434', NULL, NULL, 'Jl.yos sudarso rt ii', '0541-743785', NULL, NULL, NULL),
(810, NULL, 'E043', 'Eka Hutama', NULL, 'TAKARTA TIMUR', '2434', NULL, NULL, 'Jl. Niaga selatan no', '0541-7028550', NULL, NULL, NULL),
(811, NULL, 'G101', 'Ganda', NULL, 'TAKARTA UTARA', '2434', NULL, NULL, 'Jl. Batu cermin semp', '0541-7918767', NULL, NULL, NULL),
(812, NULL, 'H055', 'Hasil Makmur', NULL, 'TAMBI', '2434', NULL, NULL, 'Jl.yos sudarso 42', '0541- 748479', NULL, NULL, NULL),
(813, NULL, 'H139', 'Harapan Utama', NULL, 'TAYAPURA', '2434', NULL, NULL, 'Jl. Yos sudarso rt.2', '0541-743877', NULL, NULL, NULL),
(814, NULL, 'H141', 'Hadi Surya', NULL, 'TEMBER', '2434', NULL, NULL, 'Jl. P. Sulawesi 6a', '0541-741372', NULL, NULL, NULL),
(815, NULL, 'I031', 'Indo Mas', NULL, 'TEPARA', '2434', NULL, NULL, 'Jl. Gajah mada 7 - 9', '0541-735941', NULL, NULL, NULL),
(816, NULL, 'I034', 'Indo Diesel', NULL, 'TUWANA', '2434', NULL, NULL, 'Jl.gajah mada blok a', '0541- 742686', NULL, NULL, NULL),
(817, NULL, 'K126', 'Kevin Parts', NULL, 'TARANGJATI-BALIKPAPAN', '2434', NULL, NULL, 'Jl. Aw syahrani no.1', '0541- 7777224', NULL, NULL, NULL),
(818, NULL, 'M059', 'Mulia', NULL, 'TARAWANG', '2434', NULL, NULL, 'Jl.gajah mada no 05 ', '0541-749225-27', NULL, NULL, NULL),
(819, NULL, 'M215', 'Maseba Teknik', NULL, 'TARTOSURO', '2434', NULL, NULL, 'Jl. Yos sudarso no 7', '0541-743954', NULL, NULL, NULL),
(820, NULL, 'M286', 'Maju Jaya Steel', NULL, 'TASIYAN-JEMBER', '2434', NULL, NULL, 'Jl.bung tomo no 1 (s', '0541- 7746000', NULL, NULL, NULL),
(821, NULL, 'M356', 'Mutiara Diesel Utama, Ud', NULL, 'TEBUMEN', '2434', NULL, NULL, 'Jl pelabuhan 93', '0541-738644', NULL, NULL, NULL),
(822, NULL, 'C114', 'Cahaya Indah ,Ud', NULL, 'TEDATON', '2434', NULL, NULL, 'Jl.surapati no.56', '0362-32819', NULL, NULL, NULL),
(823, NULL, 'S645', 'Sama Jaya', NULL, 'TEDIRI', '2434', NULL, NULL, 'Jl.a.yani no.196', '0362-21854', NULL, NULL, NULL);
INSERT INTO `customer` (`id`, `mandt`, `kunnr`, `name1`, `name2`, `ort01`, `pstlz`, `regio`, `sortl`, `stras`, `telf1`, `telfx`, `adrnr`, `mcod1`) VALUES
(824, NULL, 'N044', 'Nusantara', NULL, 'TENDARI', '2434', NULL, NULL, 'Jl.gajah mada sk 6/1', '0541- 741686', NULL, NULL, NULL),
(825, NULL, 'P036', 'Pancar Surya', NULL, 'TEPI', '2434', NULL, NULL, 'Jl.mulawarman no.38', '0541 -743009', NULL, NULL, NULL),
(826, NULL, 'P078', 'Purnama Jaya', NULL, 'TERTOSONO', '2434', NULL, NULL, 'Jl.veteran no.ia rt-', '0541-742626', NULL, NULL, NULL),
(827, NULL, 'P212', 'Perdana Raya', NULL, 'TETAPANG', '2434', NULL, NULL, 'Jl. A.w syahranie no', '0541-6252613', NULL, NULL, NULL),
(828, NULL, 'R098', 'Rukun Abadi Jaya', NULL, 'TLATEN', '2434', NULL, NULL, 'Jl. P. Sebatik 12/ j', '0541-7032385', NULL, NULL, NULL),
(829, NULL, 'S224', 'Setia Abadi', NULL, 'TLUNGKUNG', '2434', NULL, NULL, 'Jl.p hidayatullah no', '0541-732896', NULL, NULL, NULL),
(830, NULL, 'S399', 'Sumber Mitra', NULL, 'TOTA BARU', '2434', NULL, NULL, 'Jl.achmad yani no.5', '0541-742481', NULL, NULL, NULL),
(831, NULL, 'S565', 'Sumber Raya', NULL, 'TRAKSAAN', '2434', NULL, NULL, 'Jl.panglima batur no', '0541- 7008001', NULL, NULL, NULL),
(832, NULL, 'S570', 'Sumber Mahakam Jaya', NULL, 'TRIAN', '2434', NULL, NULL, 'Jl.pondok surya inda', '0541-7074668', NULL, NULL, NULL),
(833, NULL, 'S798', 'Sentra Teknik ,Cv', NULL, 'TUALA TUNGKAL', '2434', NULL, NULL, 'Jl.nahkoda no.32', '0541-748603', NULL, NULL, NULL),
(834, NULL, 'S814', 'Sungai Mas ,Tk', NULL, 'TUDUS', '2434', NULL, NULL, 'Jl.niaga selatan  f ', '0541-742525', NULL, NULL, NULL),
(835, NULL, 'S872', 'Sari Teknik', NULL, 'TUNINGAN', '2434', NULL, NULL, 'Jl. Veteran 45 (depa', '0541-742894', NULL, NULL, NULL),
(836, NULL, 'S874', 'Sinar Citra', NULL, 'TUPANG', '2434', NULL, NULL, 'Jl. Kh. Agus salim 7', '0541-742012', NULL, NULL, NULL),
(837, NULL, 'S877', 'Surinda Jaya', NULL, 'TUTA', '2434', NULL, NULL, 'Jl. Gajah mada no.21', '0541-736806', NULL, NULL, NULL),
(838, NULL, 'S878', 'Santosa Jaya, Ud', NULL, 'TUTOARJO', '2434', NULL, NULL, 'Jl. Dermaga no.69', '0541-746879', NULL, NULL, NULL),
(839, NULL, 'S884', 'Satya Teknik', NULL, 'TABUAN BAJO', '2434', NULL, NULL, 'Jl. P. Suryanata no.', '0541-290387', NULL, NULL, NULL),
(840, NULL, 'S901', 'Salim, Tk', NULL, 'TABUHAN BATU-PRAPAT', '2434', NULL, NULL, 'Jl. Jend. A. Yani ii', '0541-771268', NULL, NULL, NULL),
(841, NULL, 'S902', 'Surya Kencana', NULL, 'TAMONGAN', '2434', NULL, NULL, 'Jl p.suryanata rt 35', '081346534325', NULL, NULL, NULL),
(842, NULL, 'T029', 'Tiga Berlian', NULL, 'TARANTUKA', '2434', NULL, NULL, 'Jl.yos sudarso no.4 ', '0541-743302', NULL, NULL, NULL),
(843, NULL, 'T175', 'Tools Mart, Ud', NULL, 'TASEM', '2434', NULL, NULL, 'Jl. Untung suropati,', '0541-7027005', NULL, NULL, NULL),
(844, NULL, 'U005', 'Aneka Bangunan', NULL, 'TEWOLEBA', '2434', NULL, NULL, 'Untung s.pati perumg', '0541-273934', NULL, NULL, NULL),
(845, NULL, 'U023', 'Union', NULL, 'TOBAR-LOMBOK', '2434', NULL, NULL, 'Jl.pangeran diponego', '0541-743337', NULL, NULL, NULL),
(846, NULL, 'U024', 'Union Raya', NULL, 'TUBUK LINGGAU', '2434', NULL, NULL, 'Jl.gajah mada no.11-', '0541-742588', NULL, NULL, NULL),
(847, NULL, 'W010', 'Weng Kie', NULL, 'TUMAJANG', '2434', NULL, NULL, 'Jl. Mulawarman no. 1', '0541-743652', NULL, NULL, NULL),
(848, NULL, 'C148', 'Chi Chi Jaya', NULL, 'TUWUK', '2434', NULL, NULL, 'Jl. Bung tomo 80 rt.', '0541-262467', NULL, NULL, NULL),
(849, NULL, 'M345', 'Mitra Sejati', NULL, 'TADIUN', '2434', NULL, NULL, 'Jl. Aw syahrani no.1', '0541-733642', NULL, NULL, NULL),
(850, NULL, 'T144', 'Timur Raya Diesel', NULL, 'TAGELANG', '2434', NULL, NULL, 'Jl. Kh wachid hasyim', '', NULL, NULL, NULL),
(851, NULL, 'K064', 'Setia Wijaya', NULL, 'TAGETAN', '2434', NULL, NULL, 'Jl.pelita no 107 a r', '(0531) 30963', NULL, NULL, NULL),
(852, NULL, 'M115', 'Marga Jaya', NULL, 'TAKASSAR', '2434', NULL, NULL, 'Jl.letjend suprapto ', '0531- 21246', NULL, NULL, NULL),
(853, NULL, 'R034', 'Rahmat', NULL, 'TALANG', '2434', NULL, NULL, 'Jl.rahadi usman no.9', '(0531) 31123', NULL, NULL, NULL),
(854, NULL, 'S537', 'Sinar Bahagia', NULL, 'TALINAU-KALTIM', '2434', NULL, NULL, 'Jl.rahadi usman', '0531-6708866', NULL, NULL, NULL),
(855, NULL, 'S926', 'Sinar Harapan Utama', NULL, 'TANADO', '2434', NULL, NULL, 'Jl. H. M. Arsyad 131', '0531-21463', NULL, NULL, NULL),
(856, NULL, 'A297', 'Asaya Jaya Bersama Sejahtera', NULL, 'TANGGAR', '2434', NULL, NULL, 'Jl.majapahit no.256-', '024-6734111', NULL, NULL, NULL),
(857, NULL, 'A352', 'Anda,Tb', NULL, 'TANOKWARI', '2434', NULL, NULL, 'Jl telaga asmara no.', '(024) 6722345', NULL, NULL, NULL),
(858, NULL, 'B277', 'Budi Kencana ,Tb', NULL, 'TARISA', '2434', NULL, NULL, 'Jl.petolongan no.3', '024-3514949-354', NULL, NULL, NULL),
(859, NULL, 'B317', 'Bing', NULL, 'TARTAPURA', '2434', NULL, NULL, 'Jl citandui i no 7', '(024) 3584408', NULL, NULL, NULL),
(860, NULL, 'C143', 'Combo Putra', NULL, 'TATARAM', '2434', NULL, NULL, 'Jl cemara raya 14', '(024) 7472345', NULL, NULL, NULL),
(861, NULL, 'I028', 'Istana Besi ,Pd', NULL, 'TAUMERE', '2434', NULL, NULL, 'Jl.h.agus salim(pert', '(024)3550752;35', NULL, NULL, NULL),
(862, NULL, 'N033', 'Naga Sakti', NULL, 'TEDAN', '2434', NULL, NULL, 'Jl.agus salim no 49 ', '(024)3518289-35', NULL, NULL, NULL),
(863, NULL, 'P069', 'Pusat Teknik ,Tk', NULL, 'TERAUKE', '2434', NULL, NULL, 'Jl.h.agus salim 49 k', '(024) 550762;55', NULL, NULL, NULL),
(864, NULL, 'P077', 'Purnama, Pd', NULL, 'TETRO', '2434', NULL, NULL, 'Jl.gang tengah 58', '(024) 3549868', NULL, NULL, NULL),
(865, NULL, 'P100', 'Perkasa Teknik', NULL, 'TOJOKERTO', '2434', NULL, NULL, 'Jl.kh.agus salim kom', '024-3546322,356', NULL, NULL, NULL),
(866, NULL, 'R014', 'Rapid Agung Mandiri', NULL, 'TOJOSARI', '2434', NULL, NULL, 'Jl.pert.jurnatan cen', '024-545798', NULL, NULL, NULL),
(867, NULL, 'R097', 'Rejo Makmur', NULL, 'TUARA BUNGO', '2434', NULL, NULL, 'Jl. Pekojan 75', '024-3545025,354', NULL, NULL, NULL),
(868, NULL, 'S348', 'Sumber Makmur', NULL, 'TABIRE', '2434', NULL, NULL, 'Jl.kh.agus salim no.', '(024)3549933', NULL, NULL, NULL),
(869, NULL, 'S377', 'Sentosa Teknik ,Tk', NULL, 'TEGARA', '2434', NULL, NULL, 'Jl.agus salim(pertk.', '(024) 3548157:3', NULL, NULL, NULL),
(870, NULL, 'S387', 'Sumber Teknik', NULL, 'TGANJUK', '2434', NULL, NULL, 'Jl.agus salim no.49 ', '(024)3550771', NULL, NULL, NULL),
(871, NULL, 'S623', 'Santosa Gas ,Pd', NULL, 'TGAWI', '2434', NULL, NULL, 'Jl.suari 7a (purwodi', '(024)3548826;70', NULL, NULL, NULL),
(872, NULL, 'U021', 'Utama Teknik', NULL, 'TGUNUT', '2434', NULL, NULL, 'Jl. H.agus salim no ', '024-3543333', NULL, NULL, NULL),
(873, NULL, 'I091', 'Indah Jaya Mandiri', NULL, 'TUNUKAN', '2434', NULL, NULL, 'Ruko mutiara gama no', '024-6704123', NULL, NULL, NULL),
(874, NULL, 'M283', 'Makmur Jaya Diesel,Ud', NULL, 'TADANG', '2434', NULL, NULL, 'Jl.raya kletek no.18', '7861127', NULL, NULL, NULL),
(875, NULL, 'S774', 'Surya', NULL, 'TAGIMANA', '2434', NULL, NULL, 'Jl.wonocolo 62 taman', '031-7881578', NULL, NULL, NULL),
(876, NULL, 'A277', 'Aa', NULL, 'TAITON', '2434', NULL, NULL, 'Jl.brigjend katamso ', '70985063', NULL, NULL, NULL),
(877, NULL, 'A314', 'Arga Bangun Ideal, Pt', NULL, 'TALANGKA RAYA', '2434', NULL, NULL, 'Jl. Sekawan raya bum', '031 - 8054599', NULL, NULL, NULL),
(878, NULL, 'G123', 'Gedangan Teknik', NULL, 'TALEMBANG', '2434', NULL, NULL, 'Jl a.yani 158', '', NULL, NULL, NULL),
(879, NULL, 'H076', 'Harapan Jaya', NULL, 'TALU', '2434', NULL, NULL, 'Jl.raya gedangan no.', '8541066;8541327', NULL, NULL, NULL),
(880, NULL, 'I079', 'Imanuel Teknik ,Tk', NULL, 'TAMEKASAN', '2434', NULL, NULL, 'Bumi citra fajar sek', '8949601', NULL, NULL, NULL),
(881, NULL, 'K125', 'Kembang Kalijati Motor', NULL, 'TANDAAN', '2434', NULL, NULL, 'Jl. Raya mojopahit r', '8961537', NULL, NULL, NULL),
(882, NULL, 'M343', 'Mekar Jaya', NULL, 'TANDEGLANG', '2434', NULL, NULL, 'Jl. Suko salam 31', '(031) 8968225', NULL, NULL, NULL),
(883, NULL, 'M362', 'Merlin Bangun Persada, Cv', NULL, 'TANGKAL PINANG', '2434', NULL, NULL, 'Jl. Raya geluran rt ', '031-7878487', NULL, NULL, NULL),
(884, NULL, 'M370', 'Megadepo Indonesia, Pt', NULL, 'TANGKALAN BUN', '2434', NULL, NULL, 'Jl. Raya ahmad yani ', '031-8552898', NULL, NULL, NULL),
(885, NULL, 'S070', 'Sumber Bangunan', NULL, 'TARE', '2434', NULL, NULL, 'Jl.raya gedangan no.', '8911682', NULL, NULL, NULL),
(886, NULL, 'S789', 'Sumber Mas Diesel ,Tk', NULL, 'TASURUAN', '2434', NULL, NULL, 'Jl.raya sumorame - c', '031-70377003', NULL, NULL, NULL),
(887, NULL, 'S830', 'Sumber Sari', NULL, 'TATI', '2434', NULL, NULL, 'Jl bebekan pereng no', '0317872777', NULL, NULL, NULL),
(888, NULL, 'S875', 'Satu Jaya', NULL, 'TEKALONGAN', '2434', NULL, NULL, 'Jl. Embong malang no', '031-60213131/80', NULL, NULL, NULL),
(889, NULL, 'A244', 'Anggara Putra Motor', NULL, 'TEKANBARU', '2434', NULL, NULL, 'Jl. Wr supratman no.', '0362-7008564', NULL, NULL, NULL),
(890, NULL, 'A263', 'Alaska', NULL, 'TEMALANG', '2434', NULL, NULL, 'Jl.a.yani no 188 c', '0362-7034248', NULL, NULL, NULL),
(891, NULL, 'D075', 'Duta Harapan Selaras', NULL, 'TEMATANG SIANTAR', '2434', NULL, NULL, 'Jl. Pejarakan gerokg', '0362-94678', NULL, NULL, NULL),
(892, NULL, 'M276', 'Multi Tehnik', NULL, 'TINRANG', '2434', NULL, NULL, 'Jl.ngurah rai no.55', '(0362) 26367', NULL, NULL, NULL),
(893, NULL, 'M355', 'Mandari Baut', NULL, 'TONOROGO', '2434', NULL, NULL, 'Jl. Ahmad yani no. 1', '0362-21537', NULL, NULL, NULL),
(894, NULL, 'P179', 'Panji Teknik', NULL, 'TONTIANAK', '2434', NULL, NULL, 'Jl. A. Yani barat 18', '0362-3435279', NULL, NULL, NULL),
(895, NULL, 'S660', 'Sakti Listrik', NULL, 'TORONG', '2434', NULL, NULL, 'Jl. Suropati no. 52 ', '(0362) 32855', NULL, NULL, NULL),
(896, NULL, 'Y019', 'Yanmar, Ud', NULL, 'TRAYA-LOMBOK', '2434', NULL, NULL, 'Jl.erlangga no.7', '0362-23667-3188', NULL, NULL, NULL),
(897, NULL, 'K164', 'Karunia Mega Bangunan', NULL, 'TROBOLINGGO', '2434', NULL, NULL, 'Jl. Argopuro no. 17', '0338-677951', NULL, NULL, NULL),
(898, NULL, 'R087', 'Rejeki Kaca', NULL, 'TURBALINGGA', '2434', NULL, NULL, 'Jl. Ijen no 99', '0338.71898', NULL, NULL, NULL),
(899, NULL, 'G119', 'Gloria', NULL, 'TURWAKARTA', '2434', NULL, NULL, 'Jl. Diponegoro 18', '0388-21081', NULL, NULL, NULL),
(900, NULL, 'M046', 'Mubatar', NULL, 'TURWODADI', '2434', NULL, NULL, 'Jl. Diponegoro no. 8', '0388-22988', NULL, NULL, NULL),
(901, NULL, 'B099', 'Baut Mas Ii', NULL, 'TURWOKERTO', '2434', NULL, NULL, 'Jl.yos sudarso 254 k', '0271-648511;201', NULL, NULL, NULL),
(902, NULL, 'B111', 'Baut Jaya', NULL, 'TURWOREJO', '2434', NULL, NULL, 'Jl.veteran no 163', '(0271) 7010648', NULL, NULL, NULL),
(903, NULL, 'B122', 'Borneo,Ud', NULL, 'TABA-BIMA', '2434', NULL, NULL, 'Jl.yosodipuro no.69', '0271-715099', NULL, NULL, NULL),
(904, NULL, 'C098', 'Cokro', NULL, 'TANGKAS BITUNG', '2434', NULL, NULL, 'Jl.yos sudarso no 82', '0271-645744', NULL, NULL, NULL),
(905, NULL, 'I054', 'Indo Baut', NULL, 'TEMBANG', '2434', NULL, NULL, 'Jl. Adi sumarno 62 (', '(0271) 728045,7', NULL, NULL, NULL),
(906, NULL, 'P022', 'Prima Jaya', NULL, 'TOGOJAMPI', '2434', NULL, NULL, 'Jl. Veteran no.203', '0271-646370, 65', NULL, NULL, NULL),
(907, NULL, 'R012', 'Raharjo Teknik', NULL, 'TUTENG', '2434', NULL, NULL, 'Jl.suryo pranoto 61', '(0271)653216;63', NULL, NULL, NULL),
(908, NULL, 'S301', 'Sumber Teknik', NULL, 'TALATIGA', '2434', NULL, NULL, 'Jl.raya solo permai ', '(0271) 625461', NULL, NULL, NULL),
(909, NULL, 'S358', 'Siyem', NULL, 'TAMARINDA', '2434', NULL, NULL, 'Jl.gatot subroto no.', '(0271)632067,63', NULL, NULL, NULL),
(910, NULL, 'S435', 'Sumber Rejeki', NULL, 'TAMPANG', '2434', NULL, NULL, 'Jl.veteran no.167', '0271-663913', NULL, NULL, NULL),
(911, NULL, 'T069', 'Taruna,Ud', NULL, 'TAMPIT', '2434', NULL, NULL, 'Jl.sugiyopranoto no ', '0271-648185', NULL, NULL, NULL),
(912, NULL, 'T177', 'Tunggal Pantes', NULL, 'TAROLANGON', '2434', NULL, NULL, 'Jl surya pranoto 14', '', NULL, NULL, NULL),
(913, NULL, 'A135', 'Anugerah', NULL, 'TAUMLAKI-MALUKU', '2434', NULL, NULL, 'Jl.basuki rachmat km', '(0951)333657', NULL, NULL, NULL),
(914, NULL, 'B132', 'Bangunan Abadi', NULL, 'TEMARANG', '2434', NULL, NULL, 'Jl.basuki rachmat km', '(0951)327733,32', NULL, NULL, NULL),
(915, NULL, 'B176', 'Banjar', NULL, 'TEPANJANG', '2434', NULL, NULL, 'Jl.basuki rachmat km', '(0951) 329956', NULL, NULL, NULL),
(916, NULL, 'B185', 'Bingah', NULL, 'TERANG', '2434', NULL, NULL, 'Jl.basuki rachmat km', '0951-335432', NULL, NULL, NULL),
(917, NULL, 'M139', 'Makmur Abadi', NULL, 'TERPONG', '2434', NULL, NULL, 'Jl.tanjung dofior 18', '(0951)332333;32', NULL, NULL, NULL),
(918, NULL, 'M194', 'Makmur Sejahtera', NULL, 'TERUI', '2434', NULL, NULL, 'Jl.sudirman no.33-39', '0411-450077, 45', NULL, NULL, NULL),
(919, NULL, 'M341', 'Multimart', NULL, 'TIDOARJO', '2434', NULL, NULL, 'Jl panglima sudirman', '031-7499068', NULL, NULL, NULL),
(920, NULL, 'M368', 'Multi Bangunan', NULL, 'TINDANGLAYA', '2434', NULL, NULL, 'Jl. Basuki rahmat km', '0951-335732', NULL, NULL, NULL),
(921, NULL, 'P187', 'Papua Abadi , Cv', NULL, 'TINGARAJA', '2434', NULL, NULL, 'Jl basuki rahmat rt ', '', NULL, NULL, NULL),
(922, NULL, 'S396', 'Sumber Bangunan', NULL, 'TITUBONDO', '2434', NULL, NULL, 'Jl.r.a kartini no.6', '0951- 321781', NULL, NULL, NULL),
(923, NULL, 'S397', 'Sabena Motor', NULL, 'TOE', '2434', NULL, NULL, 'Jl.sam ratulangi no.', '0951-322464,323', NULL, NULL, NULL),
(924, NULL, 'S908', 'Selecta', NULL, 'TORONG', '2434', NULL, NULL, 'Jl. Pasar sentral - ', '0951-321619', NULL, NULL, NULL),
(925, NULL, 'S919', 'Samudra Motor', NULL, 'TRAGEN', '2434', NULL, NULL, 'Jl basuki rahmat km ', '0951 328043', NULL, NULL, NULL),
(926, NULL, 'T138', 'Tiga Jaya', NULL, 'TRENGAT-BLITAR', '2434', NULL, NULL, 'Jl. Pasar sentral no', '', NULL, NULL, NULL),
(927, NULL, 'S954', 'Sanjaya Teknik', NULL, 'TUKABUMI', '2434', NULL, NULL, 'Jl. Basuki rahmat km', '082238283737', NULL, NULL, NULL),
(928, NULL, 'M388', 'Multi Indah Lestari, Pt', NULL, 'TUKOREJO', '2434', NULL, NULL, 'Jl. Jend sudirman (s', '031-7499068', NULL, NULL, NULL),
(929, NULL, 'L010', 'Langgeng Jaya', NULL, 'TUMBAWA BESAR', '2434', NULL, NULL, 'Jl.raya sukowati no.', '0271-891184', NULL, NULL, NULL),
(930, NULL, 'D086', 'Dharma Raya', NULL, 'TUMENEP', '2434', NULL, NULL, 'Jl. Garuda km. 6 dep', '0371-2700255', NULL, NULL, NULL),
(931, NULL, 'E048', 'Evo Motor', NULL, 'TURABAYA', '2434', NULL, NULL, 'Jl kebayan 49a', '0371-626382', NULL, NULL, NULL),
(932, NULL, 'A146', 'Abadi Diesel (Tan Poo Kok)', NULL, 'TURABAYA-', '2434', NULL, NULL, 'Jl.trunojaya 33', '(0328)662495', NULL, NULL, NULL),
(933, NULL, 'S746', 'Santoso Iii, Tk', NULL, 'TURABAYA BARAT', '2434', NULL, NULL, 'Jl. Cokroaminoto', '(0328) 661695', NULL, NULL, NULL),
(934, NULL, 'S924', 'Sinar Jaya', NULL, 'TURABAYA PUSAT', '2434', NULL, NULL, 'Jl hp kusuma 92', '', NULL, NULL, NULL),
(935, NULL, 'H044', 'Harapan Baru', NULL, 'TURABAYA SELATAN', '2434', NULL, NULL, 'Jl.kartini no.33', '0371- 22175', NULL, NULL, NULL),
(936, NULL, 'L142', 'Liberty Jaya', NULL, 'TURABAYA TIMUR', '2434', NULL, NULL, 'Jl setia budi 3', '0371-22512', NULL, NULL, NULL),
(937, NULL, 'M292', 'Mitra Teknik', NULL, 'TURABAYA TIMUR-', '2434', NULL, NULL, 'Jl. Sultan kaharudin', '0371-21862', NULL, NULL, NULL),
(938, NULL, 'P083', 'Persatuan', NULL, 'TURABAYA UTARA', '2434', NULL, NULL, 'Jl.sudirman no.7', '0371-22136', NULL, NULL, NULL),
(939, NULL, 'P150', 'Persatuan Bangunan', NULL, 'TURABAYA^', '2434', NULL, NULL, 'Jl. Tongkol no 15', '0371-23128', NULL, NULL, NULL),
(940, NULL, 'S686', 'Setia Jaya', NULL, 'TURAKARTA', '2434', NULL, NULL, 'Jl.garuda no.128', '0371-22563', NULL, NULL, NULL),
(941, NULL, 'T058', 'Tujuh Tujuh Jaya', NULL, 'TWETA', '2434', NULL, NULL, 'Jl.ra kartini 93', '0371-21177', NULL, NULL, NULL),
(942, NULL, 'T062', 'Titian Motor', NULL, 'TABANAN', '2434', NULL, NULL, 'Jl.dr.wahidin no.15 ', '0371-21068', NULL, NULL, NULL),
(943, NULL, 'R103', 'Randy , Ud', NULL, 'TANGERANG', '2434', NULL, NULL, 'Jl. Niaga no. 393 al', '0372-9291235', NULL, NULL, NULL),
(944, NULL, 'P215', 'Pratama Teknik', NULL, 'TANJUNG PINANG', '2434', NULL, NULL, 'Jl. Pahlawan no. 11 ', '081339826240', NULL, NULL, NULL),
(945, NULL, 'C145', 'Cahaya Baru', NULL, 'TANJUNG SELOR', '2434', NULL, NULL, 'Jl. Pahlawan no.63 a', '', NULL, NULL, NULL),
(946, NULL, 'S720', 'Sinar', NULL, 'TARAKAN', '2434', NULL, NULL, 'Jl. Diponegoro no. 1', '0328-662139', NULL, NULL, NULL),
(947, NULL, 'A058', 'Aneka Jaya Baut Sejahtera,Pt', NULL, 'TASIKMALAYA', '2434', NULL, NULL, 'Jl.semarang no.116 d', '031-5453560', NULL, NULL, NULL),
(948, NULL, 'A132', 'Artha Makmur', NULL, 'TEGAL', '2434', NULL, NULL, 'Jl.ruko villa bukit ', '031-5610991', NULL, NULL, NULL),
(949, NULL, 'A173', 'Anak Jaya Bapak Sejahtera ,Pt', NULL, 'TEMANGGUNG', '2434', NULL, NULL, 'Jl.ratna no. 14 blok', '031-2952700', NULL, NULL, NULL),
(950, NULL, 'B023', 'Sumber Jaya Teknik', NULL, 'TENGGARONG', '2434', NULL, NULL, 'Jl. Kenjeran no.39', '031-3765380', NULL, NULL, NULL),
(951, NULL, 'C020', 'Customer Cash', NULL, 'TERNATE', '2434', NULL, NULL, '-', '-', NULL, NULL, NULL),
(952, NULL, 'H089', 'Karya Abadi Teknik', NULL, 'TIMIKA', '2434', NULL, NULL, 'Jl. Nirwana eksekuti', '031-8715185', NULL, NULL, NULL),
(953, NULL, 'I012', 'Inkatama,Pt', NULL, 'TRENGGALEK', '2434', NULL, NULL, 'Jl.margomulyo indah ', '031-7481720', NULL, NULL, NULL);

-- --------------------------------------------------------

--
-- Table structure for table `delivery_order`
--

CREATE TABLE `delivery_order` (
  `id` int(11) NOT NULL,
  `delivery_no` varchar(25) NOT NULL,
  `plan_delivery_date` date NOT NULL
) ENGINE=InnoDB DEFAULT CHARSET=latin1;

--
-- Dumping data for table `delivery_order`
--

INSERT INTO `delivery_order` (`id`, `delivery_no`, `plan_delivery_date`) VALUES
(1, 'DO01-14070001', '2017-09-08'),
(2, 'DO01-14070045', '2017-09-21'),
(3, 'DO01-14070002', '2017-09-25'),
(4, 'DO01-14070003', '2017-09-22'),
(5, 'DO01-14070004', '2017-09-25'),
(6, 'DO01-14070005', '2018-03-07'),
(7, 'DO01-14070006', '2017-09-08'),
(8, 'DO01-14070007', '2017-09-21'),
(9, 'DO01-14070008', '2017-09-25'),
(10, 'DO01-14070011', '2017-09-22'),
(11, 'DO01-14070012', '2017-09-25'),
(12, 'DO01-14070016', '2018-03-07'),
(13, 'DO01-14070018', '2017-09-08'),
(14, 'DO01-14070019', '2017-09-21'),
(15, 'DO01-14070020', '2017-09-25'),
(16, 'DO01-14070024', '2017-09-22'),
(17, 'DO01-14070027', '2017-09-25'),
(18, 'DO01-14070028', '2018-03-07'),
(19, 'DO01-14070030', '2017-09-25'),
(20, 'DO01-14070032', '2017-09-25'),
(21, 'DO01-14070034', '2017-09-08'),
(22, 'DO01-14070035', '2017-09-21'),
(23, 'DO01-14070036', '2017-09-25'),
(24, 'DO01-14070037', '2017-09-22'),
(25, 'DO01-14070038', '2017-09-22'),
(26, 'DO01-14070039', '2017-09-25'),
(27, 'DO01-14070040', '2018-03-07'),
(28, 'DO01-14070043', '2017-09-08'),
(29, 'DO01-14070045', '2017-09-21'),
(30, 'DO01-14070046', '2017-09-25'),
(31, 'DO01-14070047', '2017-09-22'),
(32, 'DO01-14070053', '2017-09-25'),
(33, 'DO01-14070054', '2018-03-07'),
(34, 'DO01-14070055', '2017-09-25'),
(35, 'DO01-14070056', '2017-09-25'),
(36, 'DO01-14070057', '2017-09-08');

-- --------------------------------------------------------

--
-- Table structure for table `delivery_order_detail`
--

CREATE TABLE `delivery_order_detail` (
  `id` int(11) NOT NULL,
  `id_delivery_order` int(11) DEFAULT NULL,
  `id_sales_order_detail` int(11) DEFAULT NULL,
  `id_picking_order_detail` int(11) DEFAULT NULL
) ENGINE=InnoDB DEFAULT CHARSET=latin1;

--
-- Dumping data for table `delivery_order_detail`
--

INSERT INTO `delivery_order_detail` (`id`, `id_delivery_order`, `id_sales_order_detail`, `id_picking_order_detail`) VALUES
(1, 1, 1, NULL),
(2, 2, 2, NULL),
(3, 3, 3, NULL),
(4, 4, 4, NULL),
(5, 5, 5, NULL),
(6, 6, 6, NULL),
(7, 7, 7, NULL),
(8, 8, 8, NULL),
(9, 9, 9, NULL),
(10, 10, 10, NULL),
(11, 11, 11, NULL),
(12, 12, 12, NULL),
(13, 13, 13, NULL),
(14, 14, 14, NULL),
(15, 15, 15, NULL),
(16, 16, 16, NULL),
(17, 17, 17, NULL),
(18, 18, 18, NULL),
(19, 19, 19, NULL),
(20, 20, 20, NULL),
(21, 21, 21, NULL),
(22, 22, 22, NULL),
(23, 23, 23, NULL),
(24, 24, 507, NULL),
(25, 25, 508, NULL),
(26, 26, 509, NULL),
(27, 27, 510, NULL),
(28, 28, 511, NULL),
(29, 29, 512, NULL),
(30, 30, 513, NULL),
(31, 31, 514, NULL),
(32, 32, 515, NULL),
(33, 33, 516, NULL),
(34, 34, 517, NULL),
(35, 35, 518, NULL),
(36, 36, 519, NULL),
(37, 1, 520, NULL),
(38, 2, 521, NULL),
(39, 3, 522, NULL),
(40, 4, 523, NULL),
(41, 5, 524, NULL),
(42, 6, 525, NULL),
(43, 7, 526, NULL),
(44, 8, 44, NULL),
(45, 9, 45, NULL),
(46, 10, 46, NULL),
(47, 11, 47, NULL),
(48, 12, 48, NULL),
(49, 13, 49, NULL),
(50, 14, 711, NULL),
(51, 15, 712, NULL),
(52, 16, 713, NULL),
(53, 17, 714, NULL),
(54, 18, 715, NULL),
(55, 19, 716, NULL),
(56, 20, 717, NULL),
(57, 21, 718, NULL),
(58, 22, 719, NULL),
(59, 23, 720, NULL),
(60, 24, 721, NULL),
(61, 25, 722, NULL),
(62, 26, 723, NULL),
(63, 27, 724, NULL),
(64, 28, 725, NULL),
(65, 29, 726, NULL),
(66, 30, 727, NULL),
(67, 31, 728, NULL),
(68, 32, 729, NULL),
(69, 33, 730, NULL),
(70, 1, 731, NULL),
(71, 2, 732, NULL),
(72, 3, 733, NULL),
(73, 4, 734, NULL),
(74, 5, 735, NULL),
(75, 6, 736, NULL),
(76, 7, 76, NULL),
(77, 8, 102, NULL),
(78, 9, 103, NULL),
(79, 10, 104, NULL),
(80, 11, 105, NULL),
(81, 12, 106, NULL),
(82, 13, 107, NULL),
(83, 14, 108, NULL),
(84, 1, 109, NULL),
(85, 2, 110, NULL),
(86, 3, 111, NULL),
(87, 4, 112, NULL),
(88, 5, 113, NULL),
(89, 6, 114, NULL),
(90, 7, 115, NULL),
(91, 8, 116, NULL),
(92, 9, 117, NULL),
(93, 10, 118, NULL),
(94, 11, 119, NULL),
(95, 12, 120, NULL),
(96, 13, 121, NULL),
(97, 14, 122, NULL),
(98, 15, 123, NULL),
(99, 16, 124, NULL),
(100, 17, 125, NULL),
(101, 18, 126, NULL),
(102, 19, 127, NULL),
(103, 20, 128, NULL),
(104, 21, 1030, NULL),
(105, 22, 1031, NULL),
(106, 23, 1032, NULL),
(107, 1, 1033, NULL),
(108, 2, 1034, NULL),
(109, 3, 1035, NULL),
(110, 4, 1036, NULL),
(111, 5, 1037, NULL),
(112, 6, 1038, NULL),
(113, 7, 1039, NULL),
(114, 8, 1040, NULL),
(115, 9, 1041, NULL),
(116, 10, 1042, NULL),
(117, 11, 1043, NULL),
(118, 12, 1044, NULL),
(119, 13, 1045, NULL),
(120, 14, 1046, NULL),
(121, 15, 1047, NULL),
(122, 16, 147, NULL),
(123, 17, 148, NULL),
(124, 18, 149, NULL),
(125, 19, 150, NULL),
(126, 20, 151, NULL),
(127, 21, 152, NULL),
(128, 22, 153, NULL),
(129, 1, 154, NULL),
(130, 2, 1120, NULL),
(131, 3, 1121, NULL),
(132, 4, 1122, NULL),
(133, 5, 1123, NULL),
(134, 6, 1124, NULL),
(135, 7, 1125, NULL),
(136, 8, 1126, NULL),
(137, 9, 1127, NULL),
(138, 10, 1128, NULL),
(139, 11, 1129, NULL),
(140, 12, 1130, NULL),
(141, 13, 1131, NULL),
(142, 14, 1132, NULL),
(143, 15, 1133, NULL),
(144, 16, 1134, NULL),
(145, 1, 1135, NULL),
(146, 2, 171, NULL),
(147, 3, 172, NULL),
(148, 4, 173, NULL),
(149, 5, 174, NULL),
(150, 6, 175, NULL);

-- --------------------------------------------------------

--
-- Table structure for table `marketing`
--

CREATE TABLE `marketing` (
  `id` int(11) NOT NULL,
  `mandt` varchar(3) DEFAULT NULL COMMENT 'Client : Penanda Data Dev/Prd',
  `pernr` varchar(8) DEFAULT NULL COMMENT 'ID Karyawan',
  `sname` varchar(30) DEFAULT NULL COMMENT 'Nama Karyawan',
  `ename` varchar(40) DEFAULT NULL COMMENT 'Nama Karyawan',
  `gsber` varchar(4) DEFAULT NULL COMMENT 'Business Area'
) ENGINE=InnoDB DEFAULT CHARSET=latin1;

--
-- Dumping data for table `marketing`
--

INSERT INTO `marketing` (`id`, `mandt`, `pernr`, `sname`, `ename`, `gsber`) VALUES
(1, '1', 'TIP0097', 'Cuki Fantri Saragih', 'Cuki Fantri Saragih', NULL),
(2, '1', 'TIP0021', 'Charli Afrizal', 'Charli Afrizal', NULL),
(3, '1', 'TIP0012', 'Suharjo ( harjo )', 'Suharjo ( harjo )', NULL),
(4, '1', 'TIP 1058', 'Suryo Condro', 'Suryo Condro', NULL),
(5, '1', 'TIP0046', 'Ryan Andrianto', 'Ryan Andrianto', NULL),
(6, '1', 'TIP1046', 'Asharianto', 'Asharianto', NULL),
(7, '1', 'TIP0116', 'Ivan Octora', 'Ivan Octora', NULL),
(8, '1', 'R020', 'Rosada', 'Rosada', NULL),
(9, '1', 'TIP1004', 'Saukani', 'Saukani', NULL),
(10, '1', 'TIP0094', 'Abdul somad', 'Abdul somad', NULL);

-- --------------------------------------------------------

--
-- Table structure for table `material`
--

CREATE TABLE `material` (
  `id` int(11) NOT NULL,
  `mandt` varchar(3) DEFAULT NULL COMMENT 'Client : Penanda Data Dev/Prd',
  `matnr` varchar(18) DEFAULT NULL COMMENT 'No Material',
  `mtart` varchar(4) DEFAULT NULL COMMENT 'Tipe Material',
  `matkl` varchar(9) DEFAULT NULL COMMENT 'Material Group',
  `meins` varchar(3) DEFAULT NULL COMMENT 'Satuan',
  `maktx` varchar(40) DEFAULT NULL COMMENT 'Deskripsi Material',
  `wgbez60` varchar(60) DEFAULT NULL COMMENT 'Deskripsi Material Grup'
) ENGINE=InnoDB DEFAULT CHARSET=latin1;

--
-- Dumping data for table `material`
--

INSERT INTO `material` (`id`, `mandt`, `matnr`, `mtart`, `matkl`, `meins`, `maktx`, `wgbez60`) VALUES
(1, '1', '376-007', NULL, NULL, NULL, 'Pompa Sepeda + Meter \"Hq\"', NULL),
(2, '1', '901-924', NULL, NULL, NULL, 'Knob Saklar Rotary Kn', NULL),
(3, '1', '901-923', NULL, NULL, NULL, 'Amper Panel Meter', NULL),
(4, '1', '901-914', NULL, NULL, NULL, 'Travo Las Inverter Dc Mma', NULL),
(5, '1', '901-907', NULL, NULL, NULL, 'Battery Charger', NULL),
(6, '1', '901-370', NULL, NULL, NULL, 'Planer 40w', NULL),
(7, '1', '901-360', NULL, NULL, NULL, 'Router', NULL),
(8, '1', '901-350', NULL, NULL, NULL, 'Trimmer  Heavy Duty', NULL),
(9, '1', '901-340', NULL, NULL, NULL, 'Trimmer', NULL),
(10, '1', '901-330', NULL, NULL, NULL, 'Circular Saw', NULL),
(11, '1', '901-320', NULL, NULL, NULL, 'Cordless Driver Drill With 2 Bat.', NULL),
(12, '1', '901-310', NULL, NULL, NULL, 'Drill Driver', NULL),
(14, '1', '901-305', NULL, NULL, NULL, 'Cb Cup Trimmer', NULL),
(15, '1', '901-304', NULL, NULL, NULL, 'Switch Trimmer', NULL),
(16, '1', '901-303', NULL, NULL, NULL, 'Stator Trimmer', NULL),
(17, '1', '901-302', NULL, NULL, NULL, 'Cb Trimmer', NULL),
(18, '1', '901-301', NULL, NULL, NULL, 'Armature Trimmer', NULL),
(19, '1', '901-300', NULL, NULL, NULL, 'Trimmer   440w', NULL),
(20, '1', '901-295', NULL, NULL, NULL, 'Switch Rotary Hammer', NULL),
(21, '1', '901-294', NULL, NULL, NULL, 'Stator Rotary Hammer', NULL),
(22, '1', '901-293', NULL, NULL, NULL, 'Gear Rotary Hammer', NULL),
(23, '1', '901-292', NULL, NULL, NULL, 'Cb Rotary Hammer', NULL),
(24, '1', '901-290', NULL, NULL, NULL, 'Rotary Hammer 2850w', NULL),
(25, '1', '901-281', NULL, NULL, NULL, 'Armature Rotary Hammer', NULL),
(29, '1', '901-280', NULL, NULL, NULL, 'Rotary Hammer', NULL),
(30, '1', '901-275', NULL, NULL, NULL, 'Cb Cup Portable Blower', NULL),
(31, '1', '901-274', NULL, NULL, NULL, 'Switch Portable Blower', NULL),
(32, '1', '901-273', NULL, NULL, NULL, 'Stator Portable Blower', NULL),
(33, '1', '901-272', NULL, NULL, NULL, 'Cb Portable Blower', NULL),
(34, '1', '901-271', NULL, NULL, NULL, 'Armature Portable Blower', NULL),
(35, '1', '901-270', NULL, NULL, NULL, 'Portable Blower', NULL),
(36, '1', '376-007', NULL, NULL, NULL, 'Tanah Jl. Margomulyo Indah I Blok A No. ', NULL),
(37, '1', '901-924', NULL, NULL, NULL, 'Tanah Jl. Margomulyo Indah Blok C No. 22', NULL),
(38, '1', '901-923', NULL, NULL, NULL, 'Tanah Jl. Bukit Trawas Garden Blok E-107', NULL),
(39, '1', '901-914', NULL, NULL, NULL, 'Tanah Jl. Bukit Golf  I-4 No. 1 Citralan', NULL),
(40, '1', '901-907', NULL, NULL, NULL, 'Tanah Jl. Dr. Wahidin Sudirohusodo Gresi', NULL),
(41, '1', '901-370', NULL, NULL, NULL, 'Tangunan Gdg dan Ktr Jl. Margomulyo Inda', NULL),
(42, '1', '901-360', NULL, NULL, NULL, 'Tamaha Vega 09 L-5619-VS', NULL),
(43, '1', '901-350', NULL, NULL, NULL, 'Tamaha Vega 07 L-4370-DS', NULL),
(44, '1', '901-340', NULL, NULL, NULL, 'Tamaha Vega 03 L-5183-MI', NULL),
(45, '1', '901-330', NULL, NULL, NULL, 'Tamaha Vega L-6920-CL', NULL),
(46, '1', '901-320', NULL, NULL, NULL, 'Tamaha Vega L-6046-VZ', NULL),
(47, '1', '901-310', NULL, NULL, NULL, 'Tamaha Vega L-6322-VY', NULL),
(48, '1', '901-305', NULL, NULL, NULL, 'Tonda Revo Fit L….', NULL),
(49, '1', '901-304', NULL, NULL, NULL, 'Titsubshi Box L-8026-FN', NULL),
(50, '1', '901-303', NULL, NULL, NULL, 'Truk Diesel  L-7201-GO', NULL),
(51, '1', '901-302', NULL, NULL, NULL, 'Toyota Inova 2005 B-8667-HW', NULL),
(52, '1', '901-301', NULL, NULL, NULL, 'Tonda CRV 2008 L-1851-A', NULL),
(60, '1', '901-300', NULL, NULL, NULL, 'Titsubshi Diesel 2008 L-9290-V', NULL),
(61, '1', '901-295', NULL, NULL, NULL, 'Toyota Alphard 2008 L-86-RT', NULL),
(62, '1', '901-294', NULL, NULL, NULL, 'Toyota Lexus 2010 L-86-RI', NULL),
(63, '1', '901-293', NULL, NULL, NULL, 'Tuzuki Carry Box 2007 L-9008-BZ', NULL),
(64, '1', '901-292', NULL, NULL, NULL, 'Toyota Vellfire Putih 2011 B-86-RT', NULL),
(65, '1', '901-290', NULL, NULL, NULL, 'Titsubishi Colt Diesel 2011 L-9989-VC', NULL),
(66, '1', '901-281', NULL, NULL, NULL, 'Toyota Inova 2011 L-86-SD', NULL),
(67, '1', '901-280', NULL, NULL, NULL, 'Taihatsu Xenia X-Deluxe 2012 L-1541-VG', NULL),
(68, '1', '901-275', NULL, NULL, NULL, 'Tissan Grand Livina Ultimate 2012 L-1612', NULL),
(69, '1', '901-274', NULL, NULL, NULL, 'Toyota Dyna 6 Roda 130 PS + Bak Besi L-9', NULL),
(70, '1', '901-273', NULL, NULL, NULL, 'Toyota Dyna 4 Roda 110 PS + Box Aluminiu', NULL),
(71, '1', '901-272', NULL, NULL, NULL, 'Taihatsu Xenia X-Deluxe 2012 L-1883-WN (', NULL),
(72, '1', '901-271', NULL, NULL, NULL, 'Taihatsu Xenia X-Deluxe 2013 L-1720-WU (', NULL),
(73, '1', '901-270', NULL, NULL, NULL, 'Taihatsu Xenia X-Deluxe 2013 L-1820-XF (', NULL),
(74, '1', '376-007', NULL, NULL, NULL, 'Taihatsu Xenia X-Deluxe 2013 L-1644-XH (', NULL),
(75, '1', '901-924', NULL, NULL, NULL, 'Taihatsu Xenia R A/T 2014 L-1585-XU (SAL', NULL),
(76, '1', '901-923', NULL, NULL, NULL, 'Tesin Strapping Band', NULL),
(77, '1', '901-914', NULL, NULL, NULL, 'Tesin Cut Off (Makita)', NULL),
(78, '1', '901-907', NULL, NULL, NULL, 'Tak Gudang ', NULL),
(79, '1', '901-370', NULL, NULL, NULL, 'Timbangan Barang', NULL),
(80, '1', '901-360', NULL, NULL, NULL, 'Tesin Circular Saw Makita', NULL),
(81, '1', '901-350', NULL, NULL, NULL, 'Tand Pallet Nansin 3 Ton (Warehouse)', NULL),
(82, '1', '901-340', NULL, NULL, NULL, 'Tand Truck PH 150 P7 (Warehouse)', NULL),
(83, '1', '901-330', NULL, NULL, NULL, 'Timbangan Digital Utk Warehouse', NULL),
(84, '1', '901-320', NULL, NULL, NULL, 'Torklift Nissan YG-1F2M30V-2W300', NULL),
(85, '1', '901-310', NULL, NULL, NULL, 'Tolding Handle Scop 1 Cavity', NULL),
(86, '1', '901-305', NULL, NULL, NULL, 'Telective Pallet Rack', NULL),
(87, '1', '901-304', NULL, NULL, NULL, 'Tledekan', NULL),
(88, '1', '901-303', NULL, NULL, NULL, 'Tledekan', NULL),
(89, '1', '901-302', NULL, NULL, NULL, 'Timbangan Digital Star SBS (Gudang B)', NULL),
(90, '1', '901-301', NULL, NULL, NULL, 'Ttrapping Machine Taipack TP-91 (Gudang ', NULL),
(91, '1', '901-300', NULL, NULL, NULL, 'Timbangan Digital Star SBS Kap. 150 Kg S', NULL),
(92, '1', '901-295', NULL, NULL, NULL, 'Teja & Kursi', NULL),
(93, '1', '901-294', NULL, NULL, NULL, 'Tomputer + 1 Unit Printer LQ 2170', NULL),
(94, '1', '901-293', NULL, NULL, NULL, 'Tomputer + Printer HPdeskjet ', NULL),
(95, '1', '901-292', NULL, NULL, NULL, 'Tomputer + 1 Unit Printer LQ 2180', NULL),
(96, '1', '901-290', NULL, NULL, NULL, 'Tesin Tik Electric Thn 89', NULL),
(97, '1', '901-281', NULL, NULL, NULL, 'Tesin Tik Electric Thn 96', NULL),
(98, '1', '901-280', NULL, NULL, NULL, 'Tesin Penghancur Kertas', NULL),
(99, '1', '901-275', NULL, NULL, NULL, 'Tesin + Rak Absensi Amano', NULL),
(100, '1', '901-274', NULL, NULL, NULL, 'Tran Cash', NULL),
(101, '1', '901-273', NULL, NULL, NULL, 'Tamera Monitor', NULL),
(102, '1', '901-272', NULL, NULL, NULL, 'Teja CB-12', NULL),
(103, '1', '901-271', NULL, NULL, NULL, 'Teja MT 132 (Super)', NULL),
(104, '1', '901-270', NULL, NULL, NULL, 'Teja Maestro', NULL),
(105, '1', '376-007', NULL, NULL, NULL, 'Tilling Cabinet LSF4 (grey)', NULL),
(106, '1', '901-924', NULL, NULL, NULL, 'Tapan Tulis', NULL),
(107, '1', '901-923', NULL, NULL, NULL, 'Tager Motorolla', NULL),
(123, '1', '901-914', NULL, NULL, NULL, 'TC Split Mitsubishi', NULL),
(124, '1', '901-907', NULL, NULL, NULL, 'Tan National Exhaust', NULL),
(125, '1', '901-370', NULL, NULL, NULL, 'Tipas Angin', NULL),
(126, '1', '901-360', NULL, NULL, NULL, 'Ten Set Yamaha', NULL),
(127, '1', '901-350', NULL, NULL, NULL, 'Tesawat Faximile', NULL),
(128, '1', '901-340', NULL, NULL, NULL, 'Tispencer Air', NULL),
(129, '1', '901-330', NULL, NULL, NULL, 'Ttavolt 500 VA Kenika ', NULL),
(130, '1', '901-320', NULL, NULL, NULL, 'TPS Kenika upc-1000', NULL),
(131, '1', '901-310', NULL, NULL, NULL, 'Trinter Epson LX-300', NULL),
(132, '1', '901-305', NULL, NULL, NULL, 'Tadio Komunikasi Jkt-Sby', NULL),
(133, '1', '901-304', NULL, NULL, NULL, 'Tompresor Angin', NULL),
(134, '1', '901-303', NULL, NULL, NULL, 'Teja ND-503S (grey)', NULL),
(135, '1', '901-302', NULL, NULL, NULL, 'Tlmari Warna', NULL),
(136, '1', '901-301', NULL, NULL, NULL, 'Tamera Digital Fuji+Adaptor', NULL),
(137, '1', '901-300', NULL, NULL, NULL, 'Tlmari Es', NULL),
(138, '1', '901-295', NULL, NULL, NULL, 'TP Nokia 5110+(3) Kartu Perdana', NULL),
(139, '1', '901-294', NULL, NULL, NULL, 'Tesin Tik Manual', NULL),
(140, '1', '901-293', NULL, NULL, NULL, 'Tlmari Alumunium', NULL),
(141, '1', '901-292', NULL, NULL, NULL, 'Tlmari Besi ', NULL),
(142, '1', '901-290', NULL, NULL, NULL, 'Tesawat TV JVC 21\"', NULL),
(143, '1', '901-281', NULL, NULL, NULL, 'Turbine Ventilator', NULL),
(144, '1', '901-280', NULL, NULL, NULL, 'Tlat Detektor u/Satpam', NULL),
(145, '1', '901-275', NULL, NULL, NULL, 'Teja 1 Biro \"Grand\" 5035 (Grey)', NULL),
(146, '1', '901-274', NULL, NULL, NULL, 'TP Nokia 3310', NULL),
(147, '1', '901-273', NULL, NULL, NULL, 'TP Nokia 3310+Kartu Perdana', NULL),
(148, '1', '901-272', NULL, NULL, NULL, 'Teja Gudang', NULL),
(149, '1', '901-271', NULL, NULL, NULL, 'Tamera Digital Olympus (Ing-ing)', NULL),
(150, '1', '901-270', NULL, NULL, NULL, 'Tcanner Agfa', NULL);

-- --------------------------------------------------------

--
-- Table structure for table `migrations`
--

CREATE TABLE `migrations` (
  `id` int(10) UNSIGNED NOT NULL,
  `migration` varchar(255) COLLATE utf8_unicode_ci NOT NULL,
  `batch` int(11) NOT NULL
) ENGINE=InnoDB DEFAULT CHARSET=utf8 COLLATE=utf8_unicode_ci;

--
-- Dumping data for table `migrations`
--

INSERT INTO `migrations` (`id`, `migration`, `batch`) VALUES
(1, '2014_10_12_000000_create_users_table', 1),
(2, '2014_10_12_100000_create_password_resets_table', 1),
(3, '2016_10_12_025055_create_roles_table', 1),
(4, '2016_10_12_025203_create_users_roles_table', 1),
(5, '2016_11_20_063657_create_foods_table', 1),
(6, '2016_11_20_063738_create_drinks_table', 1),
(7, '2016_11_23_063827_create_events_table', 2),
(8, '2016_11_23_063904_create_event_images_table', 2),
(9, '2017_05_02_071527_create_module_table', 3),
(10, '2017_05_02_071550_create_action_table', 3);

-- --------------------------------------------------------

--
-- Table structure for table `module`
--

CREATE TABLE `module` (
  `id` int(10) UNSIGNED NOT NULL,
  `name` varchar(255) COLLATE utf8_unicode_ci NOT NULL,
  `description` varchar(255) COLLATE utf8_unicode_ci DEFAULT NULL,
  `created_at` timestamp NULL DEFAULT NULL,
  `updated_at` timestamp NULL DEFAULT NULL,
  `deleted_at` timestamp NULL DEFAULT NULL
) ENGINE=InnoDB DEFAULT CHARSET=utf8 COLLATE=utf8_unicode_ci;

--
-- Dumping data for table `module`
--

INSERT INTO `module` (`id`, `name`, `description`, `created_at`, `updated_at`, `deleted_at`) VALUES
(1, 'user', 'Manajemen User', '2017-05-02 01:44:36', '2017-05-02 01:45:34', NULL),
(2, 'module', 'Module', NULL, NULL, NULL),
(3, 'action', 'Action', NULL, NULL, NULL),
(4, 'privilege', 'Privilege', NULL, NULL, NULL),
(23, 'news', 'news', '2017-08-13 14:16:05', '2017-08-13 14:16:05', NULL),
(24, 'banner', 'banner', '2017-08-13 14:16:14', '2017-08-13 14:16:14', NULL),
(25, 'companyprofile', 'companyprofile', '2017-08-17 05:43:29', '2017-08-17 05:43:29', NULL),
(26, 'callcenter', 'callcenter', '2017-08-20 00:08:33', '2017-08-20 00:08:33', NULL),
(27, 'broadcastmessage', 'broadcastmessage', '2017-10-11 23:49:37', '2017-10-11 23:49:37', NULL),
(28, 'background', 'background', '2017-10-12 06:32:44', '2017-10-12 06:32:44', NULL),
(29, 'promotion', 'promotion', '2017-10-15 09:14:33', '2017-10-15 09:14:33', NULL);

-- --------------------------------------------------------

--
-- Table structure for table `news`
--

CREATE TABLE `news` (
  `id` int(10) UNSIGNED NOT NULL,
  `title` varchar(255) COLLATE utf8_unicode_ci NOT NULL,
  `content` text COLLATE utf8_unicode_ci NOT NULL,
  `image` varchar(255) COLLATE utf8_unicode_ci DEFAULT NULL,
  `created_by` int(10) UNSIGNED DEFAULT NULL,
  `updated_by` int(10) UNSIGNED DEFAULT NULL,
  `deleted_by` int(10) UNSIGNED DEFAULT NULL,
  `created_at` timestamp NULL DEFAULT NULL,
  `updated_at` timestamp NULL DEFAULT NULL,
  `deleted_at` timestamp NULL DEFAULT NULL
) ENGINE=InnoDB DEFAULT CHARSET=utf8 COLLATE=utf8_unicode_ci;

--
-- Dumping data for table `news`
--

INSERT INTO `news` (`id`, `title`, `content`, `image`, `created_by`, `updated_by`, `deleted_by`, `created_at`, `updated_at`, `deleted_at`) VALUES
(1, '10 hal yang perlu dipersiapkan supaya agan dan sista lolos casting pembawa acara TVseperti yang udah agan dan sista ketahui, bahwa pada dasarnya seorang pembawa acara televisi adalah seorang penghibur, walaupun acara yang dibawakannya bukanlah acara hibur', '<p>seperti yang udah agan dan sista ketahui, bahwa pada dasarnya seorang pembawa acara televisi adalah seorang penghibur, walaupun acara yang dibawakannya bukanlah acara hiburan. Tapi untuk bisa mendapatkan lebih banyak penonton atau unsur hiburan tetap diperlukan. unsur hiburan di sini tidak harus kehebohan, teriak-teriak, bercanda, siram siraman, dorong-dorongan, saling mencela ataupun semacamnya. tapi juga bisa dalam teknik membawakan acara nya misalnya dengan jenis pertanyaan, unsur kejutan, ciri khas pembawa acara sampai topik terhangat.</p>\r\n\r\n<p>&nbsp;</p>\r\n\r\n<p>pentingnya seorang pembawa acara punya rasa ingin tahu yang tinggi tujuannya untuk membuat acara hidup, dengan keingintahuan suatu situasi atau wawancara akan menarik perhatian orang dan membuat rasa penasaran penonton semakin tinggi. Kuncinya adalah pembawa acara harus menjadi bagian atau mewakili penonton yang tidak bisa hadir langsung di studio untuk bertanya.<br />\r\n&nbsp;</p>\r\n\r\n<p>&nbsp;</p>\r\n\r\n<p>&nbsp;</p>\r\n\r\n<p>&nbsp;</p>\r\n', '12-10-2017 12-56-27forest-3840x2160-5k-4k-wallpaper-fog-eagle-landscape-wallpaper-3441 (1).jpg', NULL, NULL, NULL, NULL, '2017-10-12 05:56:29', NULL),
(2, 'Pemerintah Rilis Prangko Khusus Raimuna Nasional', '<p>Pemerintah meluncurkan prangko khusus bertema Raimuna Nasional yang ditandatangani Presiden Joko Widodo. Prangko edisi khusus tersebut dirilis bertepatan saat perayaan Hari Pramuka sekaligus pembukaan kegiatan Raimuna Nasional di Lapangan Utama Bumi Perkemahan Cibubur, Jakarta, Senin (14/8/2017).<br />\r\n<br />\r\nKetua Panita Peringatan Hari Pramuka ke-56, Kodrat Pramudho mengatakan, peluncuran prangko Raimuna Nasional XI Tahun 2017 merupakan inisiasi dari Kwarnas Gerakan Pramuka dan Kementerian Kominfo bekerjasama dengan PT. Pos Indonesia. Perangko itu dibuat sebagai pengingat Hari Pramuka dan Raimuna Nasional.&nbsp;<br />\r\n<br />\r\n&ldquo;Saat ini penggunaan prangko sudah jarang, karena perkembangan teknologi yang maju. Maka dari itu kita menerbitkan prangko khusus ini sebagai pengingat adanya kegiatan Raimuna nasional,&rdquo; ungkapnya.<br />\r\n<br />\r\nPrangko bernilai Rp5000 tersebut bergambar logo Raimuna Nasional XI. Logo siluet Garuda mengandung arti bahwa peserta Raimuna Nasional XI haruslah Pramuka Garuda. Dua sayap Garuda terbentang melambangkan penyelenggaraan Raimuna Nasional ke-11, sementara warna ungu adalah warna WSOM (organisasi kepanduan dunia) yang mengambarkan kesejukan. Kemudian kepala Garuda menghadap ke kanan artinya generasi muda menatap masa depan.&nbsp;<br />\r\n<br />\r\n&ldquo;Logo Garuda itu juga melambangkan dasar negara Indonesia yang mempunyai nilai-nilai kebangsaan,&rdquo; tambah Kodrat.<br />\r\n<br />\r\nSelain prangko, Pemerintah juga meluncurkan sampul surat (amplop) dengan desain bergambar maskot Raimuna Nasional, yaitu Badak Bercula Satu bernama &ldquo;Ino&rdquo;. Maskot &ldquo;Ino&rdquo; melambangkan hewan yang dilindungi. Artinya, Raimuna Nasional mengajak anggota Pramuka peduli pada isu-isu lingkungan. (*)</p>\r\n', '12-10-2017 12-56-49forest-3840x2160-5k-4k-wallpaper-fog-eagle-landscape-wallpaper-3441.jpg', NULL, NULL, NULL, NULL, '2017-10-12 05:56:50', NULL),
(3, 'Test ', '<p><strong><em>sadasdasdsd</em></strong></p>\r\n', '16-08-2017 07-44-480019fecacc1ae87154d85efbc3ac2522.jpg', NULL, NULL, NULL, '2017-08-16 00:44:48', '2017-09-17 03:18:48', '2017-09-17 03:18:48');

-- --------------------------------------------------------

--
-- Table structure for table `password_resets`
--

CREATE TABLE `password_resets` (
  `email` varchar(255) COLLATE utf8_unicode_ci NOT NULL,
  `token` varchar(255) COLLATE utf8_unicode_ci NOT NULL,
  `created_at` timestamp NULL DEFAULT NULL
) ENGINE=InnoDB DEFAULT CHARSET=utf8 COLLATE=utf8_unicode_ci;

--
-- Dumping data for table `password_resets`
--

INSERT INTO `password_resets` (`email`, `token`, `created_at`) VALUES
('husni.mubarok@outlook.com', '6a86bd642faa7c9ad87bb1e4c1f5f553908fc409f2dc854273bd041ffdb31d8b', '2017-10-14 22:21:48');

-- --------------------------------------------------------

--
-- Table structure for table `picking_order`
--

CREATE TABLE `picking_order` (
  `id` int(11) NOT NULL,
  `picking_no` varchar(100) DEFAULT NULL,
  `picking_date` datetime DEFAULT NULL ON UPDATE CURRENT_TIMESTAMP
) ENGINE=InnoDB DEFAULT CHARSET=latin1;

--
-- Dumping data for table `picking_order`
--

INSERT INTO `picking_order` (`id`, `picking_no`, `picking_date`) VALUES
(1, 'PICK-14090005', '2017-10-07 07:21:16'),
(2, 'PICK-14100017', '2017-10-07 07:21:18'),
(3, 'PICK-14110029', '2017-10-07 07:21:21'),
(4, 'PICK-14100012', '2017-10-07 07:21:22'),
(5, 'PICK-14100029', '2017-10-07 07:21:24'),
(6, 'PICK-14100047', '2017-10-07 07:21:26');

-- --------------------------------------------------------

--
-- Table structure for table `picking_order_detail`
--

CREATE TABLE `picking_order_detail` (
  `id` int(10) NOT NULL,
  `id_picking` int(10) DEFAULT NULL,
  `id_sales_order_detail` int(10) DEFAULT NULL
) ENGINE=InnoDB DEFAULT CHARSET=latin1 ROW_FORMAT=COMPACT;

--
-- Dumping data for table `picking_order_detail`
--

INSERT INTO `picking_order_detail` (`id`, `id_picking`, `id_sales_order_detail`) VALUES
(1, 1, 1),
(2, 1, 2),
(3, 1, 3),
(4, 1, 4),
(5, 1, 5),
(6, 1, 6),
(7, 1, 7),
(8, 1, 8),
(9, 2, 9),
(10, 2, 10),
(11, 2, 11),
(12, 2, 12),
(13, 2, 13),
(14, 2, 14),
(15, 3, 15),
(16, 3, 16),
(17, 3, 17),
(18, 3, 18),
(19, 3, 19),
(20, 3, 20),
(21, 3, 21),
(22, 3, 1),
(23, 3, 2),
(24, 3, 3),
(25, 3, 4),
(26, 3, 5),
(27, 3, 6),
(28, 3, 7),
(29, 3, 8),
(30, 3, 9),
(31, 3, 10),
(32, 3, 11),
(33, 4, 12),
(34, 4, 13),
(35, 4, 14),
(36, 4, 15),
(37, 4, 16),
(38, 4, 17),
(39, 4, 1),
(40, 4, 2),
(41, 4, 3),
(42, 4, 4),
(43, 4, 5),
(44, 4, 6),
(45, 4, 7),
(46, 4, 8),
(47, 4, 9),
(48, 4, 10),
(49, 4, 11),
(50, 4, 12),
(51, 4, 13),
(52, 4, 14),
(53, 4, 15),
(54, 4, 16),
(55, 4, 17),
(56, 4, 18),
(57, 4, 19),
(58, 4, 20),
(59, 4, 21),
(60, 4, 1),
(61, 4, 2),
(62, 4, 3),
(63, 4, 4),
(64, 5, 5),
(65, 5, 6),
(66, 5, 7),
(67, 5, 8),
(68, 5, 9),
(69, 5, 10),
(70, 5, 11),
(71, 5, 12),
(72, 5, 13),
(73, 5, 14),
(74, 5, 15),
(75, 5, 16),
(76, 5, 17),
(102, 5, 1),
(103, 5, 2),
(104, 5, 3),
(105, 6, 4),
(106, 6, 5),
(107, 6, 6),
(108, 6, 7),
(109, 6, 8),
(110, 6, 9),
(111, 6, 10),
(112, 6, 11),
(113, 6, 12),
(114, 6, 13),
(115, 6, 14),
(116, 6, 15),
(117, 6, 16),
(118, 6, 17),
(119, 6, 18),
(120, 6, 19),
(121, 6, 20),
(122, 6, 21),
(123, 6, 1),
(124, 6, 2),
(125, 6, 3),
(126, 6, 4),
(127, 6, 5),
(128, 6, 6),
(129, 6, 7),
(130, 6, 8),
(131, 6, 9),
(132, 6, 10),
(133, 6, 11),
(134, 6, 12),
(2644, NULL, 19),
(2645, NULL, 20),
(2646, NULL, 21),
(2647, NULL, 1),
(2648, NULL, 2),
(2649, NULL, 3),
(2650, NULL, 4),
(2651, NULL, 5),
(2652, NULL, 6),
(2653, NULL, 7),
(2654, NULL, 8),
(2655, NULL, 9),
(2656, NULL, 10),
(2657, NULL, 11),
(2658, NULL, 12),
(2659, NULL, 13),
(2660, NULL, 14),
(2661, NULL, 15),
(2662, NULL, 16),
(2663, NULL, 17),
(2664, NULL, 1),
(2665, NULL, 2),
(2666, NULL, 3),
(2667, NULL, 4),
(2668, NULL, 5),
(2669, NULL, 6),
(2670, NULL, 7),
(2671, NULL, 8),
(2672, NULL, 9),
(2673, NULL, 10),
(2674, NULL, 11),
(2675, NULL, 12),
(2676, NULL, 13),
(2677, NULL, 14),
(2678, NULL, 15),
(2679, NULL, 16),
(2680, NULL, 17),
(2681, NULL, 18),
(2682, NULL, 19),
(2683, NULL, 20),
(2684, NULL, 21),
(2685, NULL, 1),
(2686, NULL, 2),
(2687, NULL, 3),
(2688, NULL, 4),
(2689, NULL, 5),
(2690, NULL, 6),
(2691, NULL, 7),
(2692, NULL, 8),
(2693, NULL, 9),
(2694, NULL, 10),
(2695, NULL, 11),
(2696, NULL, 12),
(2697, NULL, 13),
(2698, NULL, 14),
(2699, NULL, 15),
(2700, NULL, 16),
(2701, NULL, 17),
(2702, NULL, 1),
(2703, NULL, 2),
(2704, NULL, 3),
(2705, NULL, 4),
(2706, NULL, 5),
(2707, NULL, 6),
(2708, NULL, 7),
(2709, NULL, 8),
(2710, NULL, 9),
(2711, NULL, 10),
(2712, NULL, 11),
(2713, NULL, 12),
(2714, NULL, 13),
(2715, NULL, 14),
(2716, NULL, 15),
(2717, NULL, 16),
(2718, NULL, 17),
(2719, NULL, 18),
(2720, NULL, 19),
(2721, NULL, 20),
(2722, NULL, 21),
(2723, NULL, 1),
(2724, NULL, 2),
(2725, NULL, 3),
(2726, NULL, 4),
(2727, NULL, 5),
(2728, NULL, 6),
(2729, NULL, 7),
(2730, NULL, 8),
(2731, NULL, 9),
(2732, NULL, 10),
(2733, NULL, 11),
(2734, NULL, 12),
(2735, NULL, 13),
(2736, NULL, 14),
(2737, NULL, 15),
(2738, NULL, 16),
(2739, NULL, 17),
(2740, NULL, 1),
(2741, NULL, 2),
(2742, NULL, 3),
(2743, NULL, 4),
(2744, NULL, 5),
(2745, NULL, 6),
(2746, NULL, 7),
(2747, NULL, 8),
(2748, NULL, 9),
(2749, NULL, 10),
(2750, NULL, 11),
(2751, NULL, 12),
(2752, NULL, 13),
(2753, NULL, 14),
(2754, NULL, 15),
(2755, NULL, 16),
(2756, NULL, 17),
(2757, NULL, 18),
(2758, NULL, 19),
(2759, NULL, 20),
(2760, NULL, 21),
(2761, NULL, 1),
(2762, NULL, 2),
(2763, NULL, 3),
(2764, NULL, 4),
(2765, NULL, 5),
(2766, NULL, 6),
(2767, NULL, 7),
(2768, NULL, 8),
(2769, NULL, 9),
(2770, NULL, 10),
(2771, NULL, 11),
(2772, NULL, 12),
(2773, NULL, 13),
(2774, NULL, 14),
(2775, NULL, 15),
(2776, NULL, 16),
(2777, NULL, 17),
(2778, NULL, 1),
(2779, NULL, 2),
(2780, NULL, 3),
(2781, NULL, 4),
(2782, NULL, 5),
(2783, NULL, 6),
(2784, NULL, 7),
(2785, NULL, 8),
(2786, NULL, 9),
(2787, NULL, 10),
(2788, NULL, 11),
(2789, NULL, 12),
(2790, NULL, 13),
(2791, NULL, 14),
(2792, NULL, 15),
(2793, NULL, 16),
(2794, NULL, 17),
(2795, NULL, 18),
(2796, NULL, 19),
(2797, NULL, 20),
(2798, NULL, 21),
(2799, NULL, 1),
(2800, NULL, 2),
(2801, NULL, 3),
(2802, NULL, 4),
(2803, NULL, 5),
(2804, NULL, 6),
(2805, NULL, 7),
(2806, NULL, 8),
(2807, NULL, 9),
(2808, NULL, 10),
(2809, NULL, 11),
(2810, NULL, 12),
(2811, NULL, 13),
(2812, NULL, 14),
(2813, NULL, 15),
(2814, NULL, 16),
(2815, NULL, 17),
(2816, NULL, 1),
(2817, NULL, 2),
(2818, NULL, 3),
(2819, NULL, 4),
(2820, NULL, 5),
(2821, NULL, 6),
(2822, NULL, 7),
(2823, NULL, 8),
(2824, NULL, 9),
(2825, NULL, 10),
(2826, NULL, 11),
(2827, NULL, 12),
(2828, NULL, 13),
(2829, NULL, 14),
(2830, NULL, 15),
(2831, NULL, 16),
(2832, NULL, 17),
(2833, NULL, 18),
(2834, NULL, 19),
(2835, NULL, 20),
(2836, NULL, 21),
(2837, NULL, 1),
(2838, NULL, 2),
(2839, NULL, 3),
(2840, NULL, 4),
(2841, NULL, 5),
(2842, NULL, 6),
(2843, NULL, 7),
(2844, NULL, 8),
(2845, NULL, 9),
(2846, NULL, 10),
(2847, NULL, 11),
(2848, NULL, 12),
(2849, NULL, 13),
(2850, NULL, 14),
(2851, NULL, 15),
(2852, NULL, 16),
(2853, NULL, 17),
(2854, NULL, 1),
(2855, NULL, 2),
(2856, NULL, 3),
(2857, NULL, 4),
(2858, NULL, 5),
(2859, NULL, 6),
(2860, NULL, 7),
(2861, NULL, 8),
(2862, NULL, 9),
(2863, NULL, 10),
(2864, NULL, 11),
(2865, NULL, 12),
(2866, NULL, 13),
(2867, NULL, 14),
(2868, NULL, 15),
(2869, NULL, 16),
(2870, NULL, 17),
(2871, NULL, 18),
(2872, NULL, 19),
(2873, NULL, 20),
(2874, NULL, 21),
(2875, NULL, 1),
(2876, NULL, 2),
(2877, NULL, 3),
(2878, NULL, 4),
(2879, NULL, 5),
(2880, NULL, 6),
(2881, NULL, 7),
(2882, NULL, 8),
(2883, NULL, 9),
(2884, NULL, 10),
(2885, NULL, 11),
(2886, NULL, 12),
(2887, NULL, 13),
(2888, NULL, 14),
(2889, NULL, 15),
(2890, NULL, 16),
(2891, NULL, 17),
(2892, NULL, 1),
(2893, NULL, 2),
(2894, NULL, 3),
(2895, NULL, 4),
(2896, NULL, 5),
(2897, NULL, 6),
(2898, NULL, 7),
(2899, NULL, 8),
(2900, NULL, 9),
(2901, NULL, 10),
(2902, NULL, 11),
(2903, NULL, 12),
(2904, NULL, 13),
(2905, NULL, 14),
(2906, NULL, 15),
(2907, NULL, 16),
(2908, NULL, 17),
(2909, NULL, 18),
(2910, NULL, 19),
(2911, NULL, 20),
(2912, NULL, 21),
(2913, NULL, 1),
(2914, NULL, 2),
(2915, NULL, 3),
(2916, NULL, 4),
(2917, NULL, 5),
(2918, NULL, 6),
(2919, NULL, 7),
(2920, NULL, 8),
(2921, NULL, 9),
(2922, NULL, 10),
(2923, NULL, 11),
(2924, NULL, 12),
(2925, NULL, 13),
(2926, NULL, 14),
(2927, NULL, 15),
(2928, NULL, 16),
(2929, NULL, 17),
(2930, NULL, 1),
(2931, NULL, 2),
(2932, NULL, 3),
(2933, NULL, 4),
(2934, NULL, 5),
(2935, NULL, 6),
(2936, NULL, 7),
(2937, NULL, 8),
(2938, NULL, 9),
(2939, NULL, 10),
(2940, NULL, 11),
(2941, NULL, 12),
(2942, NULL, 13),
(2943, NULL, 14),
(2944, NULL, 15),
(2945, NULL, 16),
(2946, NULL, 17),
(2947, NULL, 18),
(2948, NULL, 19),
(2949, NULL, 20),
(2950, NULL, 21),
(2951, NULL, 1),
(2952, NULL, 2),
(2953, NULL, 3),
(2954, NULL, 4),
(2955, NULL, 5),
(2956, NULL, 6),
(2957, NULL, 7),
(2958, NULL, 8),
(2959, NULL, 9),
(2960, NULL, 10),
(2961, NULL, 11),
(2962, NULL, 12),
(2963, NULL, 13),
(2964, NULL, 14),
(2965, NULL, 15),
(2966, NULL, 16),
(2967, NULL, 17),
(2968, NULL, 1),
(2969, NULL, 2),
(2970, NULL, 3),
(2971, NULL, 4),
(2972, NULL, 5),
(2973, NULL, 6),
(2974, NULL, 7),
(2975, NULL, 8),
(2976, NULL, 9),
(2977, NULL, 10),
(2978, NULL, 11),
(2979, NULL, 12),
(2980, NULL, 13),
(2981, NULL, 14),
(2982, NULL, 15),
(2983, NULL, 16),
(2984, NULL, 17),
(2985, NULL, 18),
(2986, NULL, 19),
(2987, NULL, 20),
(2988, NULL, 21),
(2989, NULL, 1),
(2990, NULL, 2),
(2991, NULL, 3),
(2992, NULL, 4),
(2993, NULL, 5),
(2994, NULL, 6),
(2995, NULL, 7),
(2996, NULL, 8),
(2997, NULL, 9),
(2998, NULL, 10),
(2999, NULL, 11),
(3000, NULL, 12),
(3001, NULL, 13),
(3002, NULL, 14),
(3003, NULL, 15),
(3004, NULL, 16),
(3005, NULL, 17),
(3006, NULL, 1),
(3007, NULL, 2),
(3008, NULL, 3),
(3009, NULL, 4),
(3010, NULL, 5),
(3011, NULL, 6),
(3012, NULL, 7),
(3013, NULL, 8),
(3014, NULL, 9),
(3015, NULL, 10),
(3016, NULL, 11),
(3017, NULL, 12),
(3018, NULL, 13),
(3019, NULL, 14),
(3020, NULL, 15),
(3021, NULL, 16),
(3022, NULL, 17),
(3023, NULL, 18),
(3024, NULL, 19),
(3025, NULL, 20),
(3026, NULL, 21),
(3027, NULL, 1),
(3028, NULL, 2),
(3029, NULL, 3),
(3030, NULL, 4),
(3031, NULL, 5),
(3032, NULL, 6),
(3033, NULL, 7),
(3034, NULL, 8),
(3035, NULL, 9),
(3036, NULL, 10),
(3037, NULL, 11),
(3038, NULL, 12),
(3039, NULL, 13),
(3040, NULL, 14),
(3041, NULL, 15),
(3042, NULL, 16),
(3043, NULL, 17),
(3044, NULL, 1),
(3045, NULL, 2),
(3046, NULL, 3),
(3047, NULL, 4),
(3048, NULL, 5),
(3049, NULL, 6),
(3050, NULL, 7),
(3051, NULL, 8),
(3052, NULL, 9),
(3053, NULL, 10),
(3054, NULL, 11),
(3055, NULL, 12),
(3056, NULL, 13),
(3057, NULL, 14),
(3058, NULL, 15),
(3059, NULL, 16),
(3060, NULL, 17),
(3061, NULL, 18),
(3062, NULL, 19),
(3063, NULL, 20),
(3064, NULL, 21),
(3065, NULL, 1),
(3066, NULL, 2),
(3067, NULL, 3),
(3068, NULL, 4),
(3069, NULL, 5),
(3070, NULL, 6),
(3071, NULL, 7),
(3072, NULL, 8),
(3073, NULL, 9),
(3074, NULL, 10),
(3075, NULL, 11),
(3076, NULL, 12),
(3077, NULL, 13),
(3078, NULL, 14),
(3079, NULL, 15),
(3080, NULL, 16),
(3081, NULL, 17),
(3082, NULL, 1),
(3083, NULL, 2),
(3084, NULL, 3),
(3085, NULL, 4),
(3086, NULL, 5),
(3087, NULL, 6),
(3088, NULL, 7),
(3089, NULL, 8),
(3090, NULL, 9),
(3091, NULL, 10),
(3092, NULL, 11),
(3093, NULL, 12),
(3094, NULL, 13),
(3095, NULL, 14),
(3096, NULL, 15),
(3097, NULL, 16),
(3098, NULL, 17),
(3099, NULL, 18),
(3100, NULL, 19),
(3101, NULL, 20),
(3102, NULL, 21),
(3103, NULL, 1),
(3104, NULL, 2),
(3105, NULL, 3),
(3106, NULL, 4),
(3107, NULL, 5),
(3108, NULL, 6),
(3109, NULL, 7),
(3110, NULL, 8),
(3111, NULL, 9),
(3112, NULL, 10),
(3113, NULL, 11),
(3114, NULL, 12),
(3115, NULL, 13),
(3116, NULL, 14),
(3117, NULL, 15),
(3118, NULL, 16),
(3119, NULL, 17),
(3120, NULL, 1),
(3121, NULL, 2),
(3122, NULL, 3),
(3123, NULL, 4),
(3124, NULL, 5),
(3125, NULL, 6),
(3126, NULL, 7),
(3127, NULL, 8),
(3128, NULL, 9),
(3129, NULL, 10),
(3130, NULL, 11),
(3131, NULL, 12),
(3132, NULL, 13),
(3133, NULL, 14),
(3134, NULL, 15),
(3135, NULL, 16),
(3136, NULL, 17),
(3137, NULL, 18),
(3138, NULL, 19),
(3139, NULL, 20),
(3140, NULL, 21),
(3141, NULL, 1),
(3142, NULL, 2),
(3143, NULL, 3),
(3144, NULL, 4),
(3145, NULL, 5),
(3146, NULL, 6),
(3147, NULL, 7),
(3148, NULL, 8),
(3149, NULL, 9),
(3150, NULL, 10),
(3151, NULL, 11),
(3152, NULL, 12),
(3153, NULL, 13),
(3154, NULL, 14),
(3155, NULL, 15),
(3156, NULL, 16),
(3157, NULL, 17),
(3158, NULL, 1),
(3159, NULL, 2),
(3160, NULL, 3),
(3161, NULL, 4),
(3162, NULL, 5),
(3163, NULL, 6),
(3164, NULL, 7),
(3165, NULL, 8),
(3166, NULL, 9),
(3167, NULL, 10),
(3168, NULL, 11),
(3169, NULL, 12),
(3170, NULL, 13),
(3171, NULL, 14),
(3172, NULL, 15),
(3173, NULL, 16),
(3174, NULL, 17),
(3175, NULL, 18),
(3176, NULL, 19),
(3177, NULL, 20),
(3178, NULL, 21),
(3179, NULL, 1),
(3180, NULL, 2),
(3181, NULL, 3),
(3182, NULL, 4),
(3183, NULL, 5),
(3184, NULL, 6),
(3185, NULL, 7),
(3186, NULL, 8),
(3187, NULL, 9),
(3188, NULL, 10),
(3189, NULL, 11),
(3190, NULL, 12),
(3191, NULL, 13),
(3192, NULL, 14),
(3193, NULL, 15),
(3194, NULL, 16),
(3195, NULL, 17),
(3196, NULL, 1),
(3197, NULL, 2),
(3198, NULL, 3),
(3199, NULL, 4),
(3200, NULL, 5),
(3201, NULL, 6),
(3202, NULL, 7),
(3203, NULL, 8),
(3204, NULL, 9),
(3205, NULL, 10),
(3206, NULL, 11),
(3207, NULL, 12),
(3208, NULL, 13),
(3209, NULL, 14),
(3210, NULL, 15),
(3211, NULL, 16),
(3212, NULL, 17),
(3213, NULL, 18),
(3214, NULL, 19),
(3215, NULL, 20),
(3216, NULL, 21),
(3217, NULL, 1),
(3218, NULL, 2),
(3219, NULL, 3),
(3220, NULL, 4),
(3221, NULL, 5),
(3222, NULL, 6),
(3223, NULL, 7),
(3224, NULL, 8),
(3225, NULL, 9),
(3226, NULL, 10),
(3227, NULL, 11),
(3228, NULL, 12),
(3229, NULL, 13),
(3230, NULL, 14),
(3231, NULL, 15),
(3232, NULL, 16),
(3233, NULL, 17);

-- --------------------------------------------------------

--
-- Table structure for table `plant`
--

CREATE TABLE `plant` (
  `id` int(11) NOT NULL,
  `mandt` varchar(3) DEFAULT NULL COMMENT 'Client : Penanda Data Dev/Prd',
  `bukrs` varchar(4) DEFAULT NULL COMMENT 'Company Code',
  `vkorg` varchar(4) DEFAULT NULL COMMENT 'Sales Organization',
  `werks` varchar(4) DEFAULT NULL COMMENT 'Plant',
  `gsber` varchar(4) DEFAULT NULL COMMENT 'Business Area',
  `name1` varchar(30) DEFAULT NULL COMMENT 'Deskripsi'
) ENGINE=InnoDB DEFAULT CHARSET=latin1;

-- --------------------------------------------------------

--
-- Table structure for table `privilege`
--

CREATE TABLE `privilege` (
  `id` int(10) UNSIGNED NOT NULL,
  `user_id` int(10) UNSIGNED NOT NULL,
  `module_id` int(10) UNSIGNED NOT NULL,
  `action_id` int(10) UNSIGNED NOT NULL,
  `created_at` timestamp NULL DEFAULT NULL,
  `updated_at` timestamp NULL DEFAULT NULL,
  `deleted_at` timestamp NULL DEFAULT NULL
) ENGINE=InnoDB DEFAULT CHARSET=utf8 COLLATE=utf8_unicode_ci;

--
-- Dumping data for table `privilege`
--

INSERT INTO `privilege` (`id`, `user_id`, `module_id`, `action_id`, `created_at`, `updated_at`, `deleted_at`) VALUES
(1, 1, 1, 1, '2017-05-02 02:06:51', '2017-05-02 02:45:30', '2017-05-02 02:45:30'),
(2, 1, 1, 2, '2017-05-02 02:06:51', '2017-05-02 02:45:30', '2017-05-02 02:45:30'),
(3, 1, 1, 3, '2017-05-02 02:06:51', '2017-05-02 02:45:30', '2017-05-02 02:45:30'),
(4, 1, 1, 4, '2017-05-02 02:06:51', '2017-05-02 02:45:30', '2017-05-02 02:45:30'),
(5, 1, 2, 1, '2017-05-02 02:45:42', '2017-05-02 02:45:50', '2017-05-02 02:45:50'),
(6, 1, 2, 2, '2017-05-02 02:45:42', '2017-05-02 02:45:50', '2017-05-02 02:45:50'),
(7, 1, 2, 3, '2017-05-02 02:45:42', '2017-05-02 02:45:50', '2017-05-02 02:45:50'),
(8, 1, 3, 1, '2017-05-02 02:45:50', '2017-05-02 18:04:07', '2017-05-02 18:04:07'),
(9, 1, 3, 2, '2017-05-02 02:45:50', '2017-05-02 18:04:07', '2017-05-02 18:04:07'),
(10, 1, 3, 3, '2017-05-02 02:45:50', '2017-05-02 18:04:07', '2017-05-02 18:04:07'),
(11, 1, 3, 4, '2017-05-02 02:45:50', '2017-05-02 18:04:07', '2017-05-02 18:04:07'),
(12, 1, 4, 1, NULL, '2017-05-02 18:04:07', '2017-05-02 18:04:07'),
(13, 1, 4, 2, NULL, '2017-05-02 18:04:07', '2017-05-02 18:04:07'),
(14, 1, 4, 3, NULL, '2017-05-02 18:04:07', '2017-05-02 18:04:07'),
(15, 1, 4, 4, NULL, '2017-05-02 18:04:07', '2017-05-02 18:04:07'),
(16, 1, 1, 1, '2017-05-02 18:04:07', '2017-05-02 18:06:55', '2017-05-02 18:06:55'),
(17, 1, 1, 2, '2017-05-02 18:04:07', '2017-05-02 18:06:55', '2017-05-02 18:06:55'),
(18, 1, 1, 3, '2017-05-02 18:04:08', '2017-05-02 18:06:55', '2017-05-02 18:06:55'),
(19, 1, 1, 4, '2017-05-02 18:04:08', '2017-05-02 18:06:55', '2017-05-02 18:06:55'),
(20, 1, 2, 1, '2017-05-02 18:04:08', '2017-05-02 18:06:55', '2017-05-02 18:06:55'),
(21, 1, 2, 2, '2017-05-02 18:04:08', '2017-05-02 18:06:55', '2017-05-02 18:06:55'),
(22, 1, 2, 3, '2017-05-02 18:04:08', '2017-05-02 18:06:55', '2017-05-02 18:06:55'),
(23, 1, 2, 4, '2017-05-02 18:04:08', '2017-05-02 18:06:55', '2017-05-02 18:06:55'),
(24, 1, 3, 1, '2017-05-02 18:04:08', '2017-05-02 18:06:55', '2017-05-02 18:06:55'),
(25, 1, 3, 2, '2017-05-02 18:04:08', '2017-05-02 18:06:55', '2017-05-02 18:06:55'),
(26, 1, 3, 3, '2017-05-02 18:04:08', '2017-05-02 18:06:55', '2017-05-02 18:06:55'),
(27, 1, 3, 4, '2017-05-02 18:04:08', '2017-05-02 18:06:55', '2017-05-02 18:06:55'),
(28, 1, 4, 1, '2017-05-02 18:04:08', '2017-05-02 18:06:55', '2017-05-02 18:06:55'),
(29, 1, 4, 2, '2017-05-02 18:04:08', '2017-05-02 18:06:55', '2017-05-02 18:06:55'),
(30, 1, 4, 3, '2017-05-02 18:04:08', '2017-05-02 18:06:55', '2017-05-02 18:06:55'),
(31, 1, 4, 4, '2017-05-02 18:04:08', '2017-05-02 18:06:55', '2017-05-02 18:06:55'),
(32, 1, 1, 1, '2017-05-02 18:06:55', '2017-05-03 17:38:00', '2017-05-03 17:38:00'),
(33, 1, 1, 2, '2017-05-02 18:06:56', '2017-05-03 17:38:00', '2017-05-03 17:38:00'),
(34, 1, 1, 3, '2017-05-02 18:06:56', '2017-05-03 17:38:00', '2017-05-03 17:38:00'),
(35, 1, 1, 4, '2017-05-02 18:06:56', '2017-05-03 17:38:00', '2017-05-03 17:38:00'),
(36, 1, 2, 1, '2017-05-02 18:06:56', '2017-05-03 17:38:00', '2017-05-03 17:38:00'),
(37, 1, 2, 2, '2017-05-02 18:06:56', '2017-05-03 17:38:00', '2017-05-03 17:38:00'),
(38, 1, 2, 3, '2017-05-02 18:06:56', '2017-05-03 17:38:00', '2017-05-03 17:38:00'),
(39, 1, 2, 4, '2017-05-02 18:06:56', '2017-05-03 17:38:00', '2017-05-03 17:38:00'),
(40, 1, 3, 1, '2017-05-02 18:06:56', '2017-05-03 17:38:00', '2017-05-03 17:38:00'),
(41, 1, 3, 2, '2017-05-02 18:06:56', '2017-05-03 17:38:00', '2017-05-03 17:38:00'),
(42, 1, 3, 3, '2017-05-02 18:06:56', '2017-05-03 17:38:00', '2017-05-03 17:38:00'),
(43, 1, 3, 4, '2017-05-02 18:06:56', '2017-05-03 17:38:00', '2017-05-03 17:38:00'),
(44, 1, 4, 1, '2017-05-02 18:06:56', '2017-05-03 17:38:00', '2017-05-03 17:38:00'),
(45, 1, 4, 2, '2017-05-02 18:06:56', '2017-05-03 17:38:00', '2017-05-03 17:38:00'),
(46, 1, 4, 3, '2017-05-02 18:06:56', '2017-05-03 17:38:00', '2017-05-03 17:38:00'),
(47, 1, 4, 4, '2017-05-02 18:06:56', '2017-05-03 17:38:00', '2017-05-03 17:38:00'),
(60, 1, 1, 1, '2017-05-03 17:38:00', '2017-05-21 17:33:55', '2017-05-21 17:33:55'),
(61, 1, 1, 2, '2017-05-03 17:38:00', '2017-05-21 17:33:55', '2017-05-21 17:33:55'),
(62, 1, 1, 3, '2017-05-03 17:38:00', '2017-05-21 17:33:55', '2017-05-21 17:33:55'),
(63, 1, 1, 4, '2017-05-03 17:38:00', '2017-05-21 17:33:55', '2017-05-21 17:33:55'),
(64, 1, 2, 1, '2017-05-03 17:38:00', '2017-05-21 17:33:55', '2017-05-21 17:33:55'),
(65, 1, 2, 2, '2017-05-03 17:38:00', '2017-05-21 17:33:55', '2017-05-21 17:33:55'),
(66, 1, 2, 3, '2017-05-03 17:38:00', '2017-05-21 17:33:55', '2017-05-21 17:33:55'),
(67, 1, 2, 4, '2017-05-03 17:38:00', '2017-05-21 17:33:55', '2017-05-21 17:33:55'),
(68, 1, 3, 1, '2017-05-03 17:38:00', '2017-05-21 17:33:55', '2017-05-21 17:33:55'),
(69, 1, 3, 2, '2017-05-03 17:38:00', '2017-05-21 17:33:55', '2017-05-21 17:33:55'),
(70, 1, 3, 3, '2017-05-03 17:38:00', '2017-05-21 17:33:55', '2017-05-21 17:33:55'),
(71, 1, 3, 4, '2017-05-03 17:38:00', '2017-05-21 17:33:55', '2017-05-21 17:33:55'),
(72, 1, 4, 1, '2017-05-03 17:38:01', '2017-05-21 17:33:55', '2017-05-21 17:33:55'),
(73, 1, 4, 2, '2017-05-03 17:38:01', '2017-05-21 17:33:55', '2017-05-21 17:33:55'),
(74, 1, 4, 3, '2017-05-03 17:38:01', '2017-05-21 17:33:55', '2017-05-21 17:33:55'),
(75, 1, 4, 4, '2017-05-03 17:38:01', '2017-05-21 17:33:55', '2017-05-21 17:33:55'),
(92, 1, 1, 1, '2017-05-21 17:33:55', '2017-05-25 19:32:31', '2017-05-25 19:32:31'),
(93, 1, 1, 2, '2017-05-21 17:33:55', '2017-05-25 19:32:31', '2017-05-25 19:32:31'),
(94, 1, 1, 3, '2017-05-21 17:33:55', '2017-05-25 19:32:31', '2017-05-25 19:32:31'),
(95, 1, 1, 4, '2017-05-21 17:33:55', '2017-05-25 19:32:31', '2017-05-25 19:32:31'),
(96, 1, 2, 1, '2017-05-21 17:33:55', '2017-05-25 19:32:31', '2017-05-25 19:32:31'),
(97, 1, 2, 2, '2017-05-21 17:33:55', '2017-05-25 19:32:31', '2017-05-25 19:32:31'),
(98, 1, 2, 3, '2017-05-21 17:33:55', '2017-05-25 19:32:31', '2017-05-25 19:32:31'),
(99, 1, 2, 4, '2017-05-21 17:33:55', '2017-05-25 19:32:31', '2017-05-25 19:32:31'),
(100, 1, 3, 1, '2017-05-21 17:33:55', '2017-05-25 19:32:31', '2017-05-25 19:32:31'),
(101, 1, 3, 2, '2017-05-21 17:33:55', '2017-05-25 19:32:31', '2017-05-25 19:32:31'),
(102, 1, 3, 3, '2017-05-21 17:33:55', '2017-05-25 19:32:31', '2017-05-25 19:32:31'),
(103, 1, 3, 4, '2017-05-21 17:33:55', '2017-05-25 19:32:31', '2017-05-25 19:32:31'),
(104, 1, 4, 1, '2017-05-21 17:33:55', '2017-05-25 19:32:31', '2017-05-25 19:32:31'),
(105, 1, 4, 2, '2017-05-21 17:33:55', '2017-05-25 19:32:31', '2017-05-25 19:32:31'),
(106, 1, 4, 3, '2017-05-21 17:33:55', '2017-05-25 19:32:31', '2017-05-25 19:32:31'),
(107, 1, 4, 4, '2017-05-21 17:33:55', '2017-05-25 19:32:31', '2017-05-25 19:32:31'),
(208, 1, 1, 1, '2017-05-25 19:32:31', '2017-06-01 10:05:17', '2017-06-01 10:05:17'),
(209, 1, 1, 2, '2017-05-25 19:32:31', '2017-06-01 10:05:17', '2017-06-01 10:05:17'),
(210, 1, 1, 3, '2017-05-25 19:32:31', '2017-06-01 10:05:17', '2017-06-01 10:05:17'),
(211, 1, 1, 4, '2017-05-25 19:32:32', '2017-06-01 10:05:17', '2017-06-01 10:05:17'),
(212, 1, 2, 1, '2017-05-25 19:32:32', '2017-06-01 10:05:17', '2017-06-01 10:05:17'),
(213, 1, 2, 2, '2017-05-25 19:32:32', '2017-06-01 10:05:17', '2017-06-01 10:05:17'),
(214, 1, 2, 3, '2017-05-25 19:32:32', '2017-06-01 10:05:17', '2017-06-01 10:05:17'),
(215, 1, 2, 4, '2017-05-25 19:32:32', '2017-06-01 10:05:17', '2017-06-01 10:05:17'),
(216, 1, 3, 1, '2017-05-25 19:32:32', '2017-06-01 10:05:17', '2017-06-01 10:05:17'),
(217, 1, 3, 2, '2017-05-25 19:32:32', '2017-06-01 10:05:17', '2017-06-01 10:05:17'),
(218, 1, 3, 3, '2017-05-25 19:32:32', '2017-06-01 10:05:17', '2017-06-01 10:05:17'),
(219, 1, 3, 4, '2017-05-25 19:32:32', '2017-06-01 10:05:17', '2017-06-01 10:05:17'),
(220, 1, 4, 1, '2017-05-25 19:32:32', '2017-06-01 10:05:17', '2017-06-01 10:05:17'),
(221, 1, 4, 2, '2017-05-25 19:32:32', '2017-06-01 10:05:17', '2017-06-01 10:05:17'),
(222, 1, 4, 3, '2017-05-25 19:32:32', '2017-06-01 10:05:17', '2017-06-01 10:05:17'),
(223, 1, 4, 4, '2017-05-25 19:32:32', '2017-06-01 10:05:17', '2017-06-01 10:05:17'),
(327, 1, 1, 1, '2017-06-01 10:05:17', '2017-06-01 10:05:41', '2017-06-01 10:05:41'),
(328, 1, 1, 2, '2017-06-01 10:05:17', '2017-06-01 10:05:41', '2017-06-01 10:05:41'),
(329, 1, 1, 3, '2017-06-01 10:05:17', '2017-06-01 10:05:41', '2017-06-01 10:05:41'),
(330, 1, 1, 4, '2017-06-01 10:05:17', '2017-06-01 10:05:41', '2017-06-01 10:05:41'),
(331, 1, 2, 1, '2017-06-01 10:05:17', '2017-06-01 10:05:41', '2017-06-01 10:05:41'),
(332, 1, 2, 2, '2017-06-01 10:05:17', '2017-06-01 10:05:41', '2017-06-01 10:05:41'),
(333, 1, 2, 3, '2017-06-01 10:05:18', '2017-06-01 10:05:41', '2017-06-01 10:05:41'),
(334, 1, 2, 4, '2017-06-01 10:05:18', '2017-06-01 10:05:41', '2017-06-01 10:05:41'),
(335, 1, 3, 1, '2017-06-01 10:05:18', '2017-06-01 10:05:41', '2017-06-01 10:05:41'),
(336, 1, 3, 2, '2017-06-01 10:05:18', '2017-06-01 10:05:41', '2017-06-01 10:05:41'),
(337, 1, 3, 3, '2017-06-01 10:05:18', '2017-06-01 10:05:41', '2017-06-01 10:05:41'),
(338, 1, 3, 4, '2017-06-01 10:05:18', '2017-06-01 10:05:41', '2017-06-01 10:05:41'),
(339, 1, 4, 1, '2017-06-01 10:05:18', '2017-06-01 10:05:41', '2017-06-01 10:05:41'),
(340, 1, 4, 2, '2017-06-01 10:05:18', '2017-06-01 10:05:41', '2017-06-01 10:05:41'),
(341, 1, 4, 3, '2017-06-01 10:05:18', '2017-06-01 10:05:41', '2017-06-01 10:05:41'),
(342, 1, 4, 4, '2017-06-01 10:05:18', '2017-06-01 10:05:41', '2017-06-01 10:05:41'),
(409, 1, 1, 1, '2017-06-01 10:05:41', '2017-06-01 10:08:18', '2017-06-01 10:08:18'),
(410, 1, 1, 2, '2017-06-01 10:05:41', '2017-06-01 10:08:18', '2017-06-01 10:08:18'),
(411, 1, 1, 3, '2017-06-01 10:05:41', '2017-06-01 10:08:18', '2017-06-01 10:08:18'),
(412, 1, 1, 4, '2017-06-01 10:05:41', '2017-06-01 10:08:18', '2017-06-01 10:08:18'),
(413, 1, 2, 1, '2017-06-01 10:05:41', '2017-06-01 10:08:18', '2017-06-01 10:08:18'),
(414, 1, 2, 2, '2017-06-01 10:05:41', '2017-06-01 10:08:18', '2017-06-01 10:08:18'),
(415, 1, 2, 3, '2017-06-01 10:05:41', '2017-06-01 10:08:18', '2017-06-01 10:08:18'),
(416, 1, 2, 4, '2017-06-01 10:05:41', '2017-06-01 10:08:18', '2017-06-01 10:08:18'),
(417, 1, 3, 1, '2017-06-01 10:05:41', '2017-06-01 10:08:18', '2017-06-01 10:08:18'),
(418, 1, 3, 2, '2017-06-01 10:05:41', '2017-06-01 10:08:18', '2017-06-01 10:08:18'),
(419, 1, 3, 3, '2017-06-01 10:05:41', '2017-06-01 10:08:18', '2017-06-01 10:08:18'),
(420, 1, 3, 4, '2017-06-01 10:05:41', '2017-06-01 10:08:18', '2017-06-01 10:08:18'),
(421, 1, 4, 1, '2017-06-01 10:05:41', '2017-06-01 10:08:18', '2017-06-01 10:08:18'),
(422, 1, 4, 2, '2017-06-01 10:05:41', '2017-06-01 10:08:18', '2017-06-01 10:08:18'),
(423, 1, 4, 3, '2017-06-01 10:05:41', '2017-06-01 10:08:18', '2017-06-01 10:08:18'),
(424, 1, 4, 4, '2017-06-01 10:05:41', '2017-06-01 10:08:18', '2017-06-01 10:08:18'),
(493, 1, 1, 1, '2017-06-01 10:08:18', '2017-06-01 10:08:33', '2017-06-01 10:08:33'),
(494, 1, 1, 2, '2017-06-01 10:08:18', '2017-06-01 10:08:33', '2017-06-01 10:08:33'),
(495, 1, 1, 3, '2017-06-01 10:08:18', '2017-06-01 10:08:33', '2017-06-01 10:08:33'),
(496, 1, 1, 4, '2017-06-01 10:08:18', '2017-06-01 10:08:33', '2017-06-01 10:08:33'),
(497, 1, 2, 1, '2017-06-01 10:08:18', '2017-06-01 10:08:33', '2017-06-01 10:08:33'),
(498, 1, 2, 2, '2017-06-01 10:08:18', '2017-06-01 10:08:33', '2017-06-01 10:08:33'),
(499, 1, 2, 3, '2017-06-01 10:08:18', '2017-06-01 10:08:33', '2017-06-01 10:08:33'),
(500, 1, 2, 4, '2017-06-01 10:08:18', '2017-06-01 10:08:33', '2017-06-01 10:08:33'),
(501, 1, 3, 1, '2017-06-01 10:08:18', '2017-06-01 10:08:33', '2017-06-01 10:08:33'),
(502, 1, 3, 2, '2017-06-01 10:08:18', '2017-06-01 10:08:33', '2017-06-01 10:08:33'),
(503, 1, 3, 3, '2017-06-01 10:08:18', '2017-06-01 10:08:33', '2017-06-01 10:08:33'),
(504, 1, 3, 4, '2017-06-01 10:08:18', '2017-06-01 10:08:33', '2017-06-01 10:08:33'),
(505, 1, 4, 1, '2017-06-01 10:08:18', '2017-06-01 10:08:33', '2017-06-01 10:08:33'),
(506, 1, 4, 2, '2017-06-01 10:08:18', '2017-06-01 10:08:33', '2017-06-01 10:08:33'),
(507, 1, 4, 3, '2017-06-01 10:08:19', '2017-06-01 10:08:33', '2017-06-01 10:08:33'),
(508, 1, 4, 4, '2017-06-01 10:08:19', '2017-06-01 10:08:33', '2017-06-01 10:08:33'),
(581, 1, 1, 1, '2017-06-01 10:08:33', '2017-06-01 10:08:47', '2017-06-01 10:08:47'),
(582, 1, 1, 2, '2017-06-01 10:08:33', '2017-06-01 10:08:47', '2017-06-01 10:08:47'),
(583, 1, 1, 3, '2017-06-01 10:08:33', '2017-06-01 10:08:47', '2017-06-01 10:08:47'),
(584, 1, 1, 4, '2017-06-01 10:08:34', '2017-06-01 10:08:47', '2017-06-01 10:08:47'),
(585, 1, 2, 1, '2017-06-01 10:08:34', '2017-06-01 10:08:47', '2017-06-01 10:08:47'),
(586, 1, 2, 2, '2017-06-01 10:08:34', '2017-06-01 10:08:47', '2017-06-01 10:08:47'),
(587, 1, 2, 3, '2017-06-01 10:08:34', '2017-06-01 10:08:47', '2017-06-01 10:08:47'),
(588, 1, 2, 4, '2017-06-01 10:08:34', '2017-06-01 10:08:47', '2017-06-01 10:08:47'),
(589, 1, 3, 1, '2017-06-01 10:08:34', '2017-06-01 10:08:47', '2017-06-01 10:08:47'),
(590, 1, 3, 2, '2017-06-01 10:08:34', '2017-06-01 10:08:47', '2017-06-01 10:08:47'),
(591, 1, 3, 3, '2017-06-01 10:08:34', '2017-06-01 10:08:47', '2017-06-01 10:08:47'),
(592, 1, 3, 4, '2017-06-01 10:08:34', '2017-06-01 10:08:47', '2017-06-01 10:08:47'),
(593, 1, 4, 1, '2017-06-01 10:08:34', '2017-06-01 10:08:47', '2017-06-01 10:08:47'),
(594, 1, 4, 2, '2017-06-01 10:08:34', '2017-06-01 10:08:47', '2017-06-01 10:08:47'),
(595, 1, 4, 3, '2017-06-01 10:08:34', '2017-06-01 10:08:47', '2017-06-01 10:08:47'),
(596, 1, 4, 4, '2017-06-01 10:08:34', '2017-06-01 10:08:47', '2017-06-01 10:08:47'),
(668, 1, 1, 1, '2017-06-01 10:08:47', '2017-06-01 10:11:42', '2017-06-01 10:11:42'),
(669, 1, 1, 2, '2017-06-01 10:08:47', '2017-06-01 10:11:42', '2017-06-01 10:11:42'),
(670, 1, 1, 3, '2017-06-01 10:08:47', '2017-06-01 10:11:42', '2017-06-01 10:11:42'),
(671, 1, 1, 4, '2017-06-01 10:08:47', '2017-06-01 10:11:42', '2017-06-01 10:11:42'),
(672, 1, 2, 1, '2017-06-01 10:08:47', '2017-06-01 10:11:42', '2017-06-01 10:11:42'),
(673, 1, 2, 2, '2017-06-01 10:08:47', '2017-06-01 10:11:42', '2017-06-01 10:11:42'),
(674, 1, 2, 3, '2017-06-01 10:08:47', '2017-06-01 10:11:42', '2017-06-01 10:11:42'),
(675, 1, 2, 4, '2017-06-01 10:08:47', '2017-06-01 10:11:42', '2017-06-01 10:11:42'),
(676, 1, 3, 1, '2017-06-01 10:08:47', '2017-06-01 10:11:42', '2017-06-01 10:11:42'),
(677, 1, 3, 2, '2017-06-01 10:08:47', '2017-06-01 10:11:42', '2017-06-01 10:11:42'),
(678, 1, 3, 3, '2017-06-01 10:08:48', '2017-06-01 10:11:42', '2017-06-01 10:11:42'),
(679, 1, 3, 4, '2017-06-01 10:08:48', '2017-06-01 10:11:42', '2017-06-01 10:11:42'),
(680, 1, 4, 1, '2017-06-01 10:08:48', '2017-06-01 10:11:42', '2017-06-01 10:11:42'),
(681, 1, 4, 2, '2017-06-01 10:08:48', '2017-06-01 10:11:42', '2017-06-01 10:11:42'),
(682, 1, 4, 3, '2017-06-01 10:08:48', '2017-06-01 10:11:42', '2017-06-01 10:11:42'),
(683, 1, 4, 4, '2017-06-01 10:08:48', '2017-06-01 10:11:42', '2017-06-01 10:11:42'),
(756, 1, 1, 1, '2017-06-01 10:11:42', '2017-06-01 11:04:42', '2017-06-01 11:04:42'),
(757, 1, 1, 2, '2017-06-01 10:11:42', '2017-06-01 11:04:42', '2017-06-01 11:04:42'),
(758, 1, 1, 3, '2017-06-01 10:11:42', '2017-06-01 11:04:42', '2017-06-01 11:04:42'),
(759, 1, 1, 4, '2017-06-01 10:11:42', '2017-06-01 11:04:42', '2017-06-01 11:04:42'),
(760, 1, 2, 1, '2017-06-01 10:11:42', '2017-06-01 11:04:42', '2017-06-01 11:04:42'),
(761, 1, 2, 2, '2017-06-01 10:11:42', '2017-06-01 11:04:42', '2017-06-01 11:04:42'),
(762, 1, 2, 3, '2017-06-01 10:11:42', '2017-06-01 11:04:42', '2017-06-01 11:04:42'),
(763, 1, 2, 4, '2017-06-01 10:11:42', '2017-06-01 11:04:42', '2017-06-01 11:04:42'),
(764, 1, 3, 1, '2017-06-01 10:11:42', '2017-06-01 11:04:42', '2017-06-01 11:04:42'),
(765, 1, 3, 2, '2017-06-01 10:11:42', '2017-06-01 11:04:42', '2017-06-01 11:04:42'),
(766, 1, 3, 3, '2017-06-01 10:11:43', '2017-06-01 11:04:42', '2017-06-01 11:04:42'),
(767, 1, 3, 4, '2017-06-01 10:11:43', '2017-06-01 11:04:42', '2017-06-01 11:04:42'),
(768, 1, 4, 1, '2017-06-01 10:11:43', '2017-06-01 11:04:42', '2017-06-01 11:04:42'),
(769, 1, 4, 2, '2017-06-01 10:11:43', '2017-06-01 11:04:42', '2017-06-01 11:04:42'),
(770, 1, 4, 3, '2017-06-01 10:11:43', '2017-06-01 11:04:42', '2017-06-01 11:04:42'),
(771, 1, 4, 4, '2017-06-01 10:11:43', '2017-06-01 11:04:42', '2017-06-01 11:04:42'),
(845, 1, 1, 1, '2017-06-01 11:04:42', '2017-06-01 11:46:08', '2017-06-01 11:46:08'),
(846, 1, 1, 2, '2017-06-01 11:04:42', '2017-06-01 11:46:08', '2017-06-01 11:46:08'),
(847, 1, 1, 3, '2017-06-01 11:04:42', '2017-06-01 11:46:08', '2017-06-01 11:46:08'),
(848, 1, 1, 4, '2017-06-01 11:04:42', '2017-06-01 11:46:08', '2017-06-01 11:46:08'),
(849, 1, 2, 1, '2017-06-01 11:04:42', '2017-06-01 11:46:08', '2017-06-01 11:46:08'),
(850, 1, 2, 2, '2017-06-01 11:04:42', '2017-06-01 11:46:08', '2017-06-01 11:46:08'),
(851, 1, 2, 3, '2017-06-01 11:04:42', '2017-06-01 11:46:08', '2017-06-01 11:46:08'),
(852, 1, 2, 4, '2017-06-01 11:04:42', '2017-06-01 11:46:08', '2017-06-01 11:46:08'),
(853, 1, 3, 1, '2017-06-01 11:04:42', '2017-06-01 11:46:08', '2017-06-01 11:46:08'),
(854, 1, 3, 2, '2017-06-01 11:04:42', '2017-06-01 11:46:08', '2017-06-01 11:46:08'),
(855, 1, 3, 3, '2017-06-01 11:04:42', '2017-06-01 11:46:08', '2017-06-01 11:46:08'),
(856, 1, 3, 4, '2017-06-01 11:04:42', '2017-06-01 11:46:08', '2017-06-01 11:46:08'),
(857, 1, 4, 1, '2017-06-01 11:04:42', '2017-06-01 11:46:08', '2017-06-01 11:46:08'),
(858, 1, 4, 2, '2017-06-01 11:04:42', '2017-06-01 11:46:08', '2017-06-01 11:46:08'),
(859, 1, 4, 3, '2017-06-01 11:04:43', '2017-06-01 11:46:08', '2017-06-01 11:46:08'),
(860, 1, 4, 4, '2017-06-01 11:04:43', '2017-06-01 11:46:08', '2017-06-01 11:46:08'),
(936, 1, 1, 1, '2017-06-01 11:46:08', '2017-06-01 11:47:41', '2017-06-01 11:47:41'),
(937, 1, 1, 2, '2017-06-01 11:46:08', '2017-06-01 11:47:41', '2017-06-01 11:47:41'),
(938, 1, 1, 3, '2017-06-01 11:46:08', '2017-06-01 11:47:41', '2017-06-01 11:47:41'),
(939, 1, 1, 4, '2017-06-01 11:46:08', '2017-06-01 11:47:41', '2017-06-01 11:47:41'),
(940, 1, 2, 1, '2017-06-01 11:46:08', '2017-06-01 11:47:41', '2017-06-01 11:47:41'),
(941, 1, 2, 2, '2017-06-01 11:46:08', '2017-06-01 11:47:41', '2017-06-01 11:47:41'),
(942, 1, 2, 3, '2017-06-01 11:46:08', '2017-06-01 11:47:41', '2017-06-01 11:47:41'),
(943, 1, 2, 4, '2017-06-01 11:46:08', '2017-06-01 11:47:41', '2017-06-01 11:47:41'),
(944, 1, 3, 1, '2017-06-01 11:46:08', '2017-06-01 11:47:41', '2017-06-01 11:47:41'),
(945, 1, 3, 2, '2017-06-01 11:46:08', '2017-06-01 11:47:41', '2017-06-01 11:47:41'),
(946, 1, 3, 3, '2017-06-01 11:46:08', '2017-06-01 11:47:41', '2017-06-01 11:47:41'),
(947, 1, 3, 4, '2017-06-01 11:46:08', '2017-06-01 11:47:41', '2017-06-01 11:47:41'),
(948, 1, 4, 1, '2017-06-01 11:46:09', '2017-06-01 11:47:41', '2017-06-01 11:47:41'),
(949, 1, 4, 2, '2017-06-01 11:46:09', '2017-06-01 11:47:41', '2017-06-01 11:47:41'),
(950, 1, 4, 3, '2017-06-01 11:46:09', '2017-06-01 11:47:41', '2017-06-01 11:47:41'),
(951, 1, 4, 4, '2017-06-01 11:46:09', '2017-06-01 11:47:41', '2017-06-01 11:47:41'),
(1029, 1, 1, 1, '2017-06-01 11:47:41', '2017-06-02 01:15:14', '2017-06-02 01:15:14'),
(1030, 1, 1, 2, '2017-06-01 11:47:41', '2017-06-02 01:15:14', '2017-06-02 01:15:14'),
(1031, 1, 1, 3, '2017-06-01 11:47:41', '2017-06-02 01:15:14', '2017-06-02 01:15:14'),
(1032, 1, 1, 4, '2017-06-01 11:47:41', '2017-06-02 01:15:14', '2017-06-02 01:15:14'),
(1033, 1, 2, 1, '2017-06-01 11:47:41', '2017-06-02 01:15:14', '2017-06-02 01:15:14'),
(1034, 1, 2, 2, '2017-06-01 11:47:41', '2017-06-02 01:15:14', '2017-06-02 01:15:14'),
(1035, 1, 2, 3, '2017-06-01 11:47:41', '2017-06-02 01:15:14', '2017-06-02 01:15:14'),
(1036, 1, 2, 4, '2017-06-01 11:47:41', '2017-06-02 01:15:14', '2017-06-02 01:15:14'),
(1037, 1, 3, 1, '2017-06-01 11:47:41', '2017-06-02 01:15:14', '2017-06-02 01:15:14'),
(1038, 1, 3, 2, '2017-06-01 11:47:41', '2017-06-02 01:15:14', '2017-06-02 01:15:14'),
(1039, 1, 3, 3, '2017-06-01 11:47:41', '2017-06-02 01:15:14', '2017-06-02 01:15:14'),
(1040, 1, 3, 4, '2017-06-01 11:47:41', '2017-06-02 01:15:14', '2017-06-02 01:15:14'),
(1041, 1, 4, 1, '2017-06-01 11:47:42', '2017-06-02 01:15:14', '2017-06-02 01:15:14'),
(1042, 1, 4, 2, '2017-06-01 11:47:42', '2017-06-02 01:15:14', '2017-06-02 01:15:14'),
(1043, 1, 4, 3, '2017-06-01 11:47:42', '2017-06-02 01:15:14', '2017-06-02 01:15:14'),
(1044, 1, 4, 4, '2017-06-01 11:47:42', '2017-06-02 01:15:14', '2017-06-02 01:15:14'),
(1123, 1, 1, 1, '2017-06-02 01:15:14', '2017-06-04 21:52:40', '2017-06-04 21:52:40'),
(1124, 1, 1, 2, '2017-06-02 01:15:14', '2017-06-04 21:52:40', '2017-06-04 21:52:40'),
(1125, 1, 1, 3, '2017-06-02 01:15:15', '2017-06-04 21:52:40', '2017-06-04 21:52:40'),
(1126, 1, 1, 4, '2017-06-02 01:15:15', '2017-06-04 21:52:40', '2017-06-04 21:52:40'),
(1127, 1, 2, 1, '2017-06-02 01:15:15', '2017-06-04 21:52:40', '2017-06-04 21:52:40'),
(1128, 1, 2, 2, '2017-06-02 01:15:15', '2017-06-04 21:52:40', '2017-06-04 21:52:40'),
(1129, 1, 2, 3, '2017-06-02 01:15:15', '2017-06-04 21:52:40', '2017-06-04 21:52:40'),
(1130, 1, 2, 4, '2017-06-02 01:15:15', '2017-06-04 21:52:40', '2017-06-04 21:52:40'),
(1131, 1, 3, 1, '2017-06-02 01:15:15', '2017-06-04 21:52:40', '2017-06-04 21:52:40'),
(1132, 1, 3, 2, '2017-06-02 01:15:15', '2017-06-04 21:52:40', '2017-06-04 21:52:40'),
(1133, 1, 3, 3, '2017-06-02 01:15:15', '2017-06-04 21:52:40', '2017-06-04 21:52:40'),
(1134, 1, 3, 4, '2017-06-02 01:15:15', '2017-06-04 21:52:40', '2017-06-04 21:52:40'),
(1135, 1, 4, 1, '2017-06-02 01:15:15', '2017-06-04 21:52:40', '2017-06-04 21:52:40'),
(1136, 1, 4, 2, '2017-06-02 01:15:15', '2017-06-04 21:52:40', '2017-06-04 21:52:40'),
(1137, 1, 4, 3, '2017-06-02 01:15:15', '2017-06-04 21:52:40', '2017-06-04 21:52:40'),
(1138, 1, 4, 4, '2017-06-02 01:15:15', '2017-06-04 21:52:40', '2017-06-04 21:52:40'),
(1424, 1, 1, 1, '2017-06-04 21:52:40', '2017-06-04 21:53:37', '2017-06-04 21:53:37'),
(1425, 1, 1, 2, '2017-06-04 21:52:40', '2017-06-04 21:53:37', '2017-06-04 21:53:37'),
(1426, 1, 1, 3, '2017-06-04 21:52:40', '2017-06-04 21:53:37', '2017-06-04 21:53:37'),
(1427, 1, 1, 4, '2017-06-04 21:52:40', '2017-06-04 21:53:37', '2017-06-04 21:53:37'),
(1428, 1, 2, 1, '2017-06-04 21:52:40', '2017-06-04 21:53:37', '2017-06-04 21:53:37'),
(1429, 1, 2, 2, '2017-06-04 21:52:40', '2017-06-04 21:53:37', '2017-06-04 21:53:37'),
(1430, 1, 2, 3, '2017-06-04 21:52:40', '2017-06-04 21:53:37', '2017-06-04 21:53:37'),
(1431, 1, 2, 4, '2017-06-04 21:52:40', '2017-06-04 21:53:37', '2017-06-04 21:53:37'),
(1432, 1, 3, 1, '2017-06-04 21:52:40', '2017-06-04 21:53:37', '2017-06-04 21:53:37'),
(1433, 1, 3, 2, '2017-06-04 21:52:40', '2017-06-04 21:53:37', '2017-06-04 21:53:37'),
(1434, 1, 3, 3, '2017-06-04 21:52:40', '2017-06-04 21:53:37', '2017-06-04 21:53:37'),
(1435, 1, 3, 4, '2017-06-04 21:52:40', '2017-06-04 21:53:37', '2017-06-04 21:53:37'),
(1436, 1, 4, 1, '2017-06-04 21:52:40', '2017-06-04 21:53:37', '2017-06-04 21:53:37'),
(1437, 1, 4, 2, '2017-06-04 21:52:40', '2017-06-04 21:53:37', '2017-06-04 21:53:37'),
(1438, 1, 4, 3, '2017-06-04 21:52:40', '2017-06-04 21:53:37', '2017-06-04 21:53:37'),
(1439, 1, 4, 4, '2017-06-04 21:52:40', '2017-06-04 21:53:37', '2017-06-04 21:53:37'),
(1523, 1, 1, 1, '2017-06-04 21:53:37', '2017-06-05 16:59:04', '2017-06-05 16:59:04'),
(1524, 1, 1, 2, '2017-06-04 21:53:37', '2017-06-05 16:59:04', '2017-06-05 16:59:04'),
(1525, 1, 1, 3, '2017-06-04 21:53:37', '2017-06-05 16:59:04', '2017-06-05 16:59:04'),
(1526, 1, 1, 4, '2017-06-04 21:53:37', '2017-06-05 16:59:04', '2017-06-05 16:59:04'),
(1527, 1, 2, 1, '2017-06-04 21:53:37', '2017-06-05 16:59:04', '2017-06-05 16:59:04'),
(1528, 1, 2, 2, '2017-06-04 21:53:37', '2017-06-05 16:59:04', '2017-06-05 16:59:04'),
(1529, 1, 2, 3, '2017-06-04 21:53:38', '2017-06-05 16:59:04', '2017-06-05 16:59:04'),
(1530, 1, 2, 4, '2017-06-04 21:53:38', '2017-06-05 16:59:04', '2017-06-05 16:59:04'),
(1531, 1, 3, 1, '2017-06-04 21:53:38', '2017-06-05 16:59:04', '2017-06-05 16:59:04'),
(1532, 1, 3, 2, '2017-06-04 21:53:38', '2017-06-05 16:59:04', '2017-06-05 16:59:04'),
(1533, 1, 3, 3, '2017-06-04 21:53:38', '2017-06-05 16:59:04', '2017-06-05 16:59:04'),
(1534, 1, 3, 4, '2017-06-04 21:53:38', '2017-06-05 16:59:04', '2017-06-05 16:59:04'),
(1535, 1, 4, 1, '2017-06-04 21:53:38', '2017-06-05 16:59:04', '2017-06-05 16:59:04'),
(1536, 1, 4, 2, '2017-06-04 21:53:38', '2017-06-05 16:59:04', '2017-06-05 16:59:04'),
(1537, 1, 4, 3, '2017-06-04 21:53:38', '2017-06-05 16:59:04', '2017-06-05 16:59:04'),
(1538, 1, 4, 4, '2017-06-04 21:53:38', '2017-06-05 16:59:04', '2017-06-05 16:59:04'),
(2001, 1, 1, 1, '2017-06-05 16:59:04', '2017-06-05 16:59:40', '2017-06-05 16:59:40'),
(2002, 1, 1, 2, '2017-06-05 16:59:04', '2017-06-05 16:59:40', '2017-06-05 16:59:40'),
(2003, 1, 1, 3, '2017-06-05 16:59:04', '2017-06-05 16:59:40', '2017-06-05 16:59:40'),
(2004, 1, 1, 4, '2017-06-05 16:59:05', '2017-06-05 16:59:40', '2017-06-05 16:59:40'),
(2005, 1, 2, 1, '2017-06-05 16:59:05', '2017-06-05 16:59:40', '2017-06-05 16:59:40'),
(2006, 1, 2, 2, '2017-06-05 16:59:05', '2017-06-05 16:59:40', '2017-06-05 16:59:40'),
(2007, 1, 2, 3, '2017-06-05 16:59:05', '2017-06-05 16:59:40', '2017-06-05 16:59:40'),
(2008, 1, 2, 4, '2017-06-05 16:59:05', '2017-06-05 16:59:40', '2017-06-05 16:59:40'),
(2009, 1, 3, 1, '2017-06-05 16:59:05', '2017-06-05 16:59:40', '2017-06-05 16:59:40'),
(2010, 1, 3, 2, '2017-06-05 16:59:05', '2017-06-05 16:59:40', '2017-06-05 16:59:40'),
(2011, 1, 3, 3, '2017-06-05 16:59:05', '2017-06-05 16:59:40', '2017-06-05 16:59:40'),
(2012, 1, 3, 4, '2017-06-05 16:59:05', '2017-06-05 16:59:40', '2017-06-05 16:59:40'),
(2013, 1, 4, 1, '2017-06-05 16:59:05', '2017-06-05 16:59:40', '2017-06-05 16:59:40'),
(2014, 1, 4, 2, '2017-06-05 16:59:05', '2017-06-05 16:59:40', '2017-06-05 16:59:40'),
(2015, 1, 4, 3, '2017-06-05 16:59:05', '2017-06-05 16:59:40', '2017-06-05 16:59:40'),
(2016, 1, 4, 4, '2017-06-05 16:59:05', '2017-06-05 16:59:40', '2017-06-05 16:59:40'),
(2116, 1, 1, 1, '2017-06-05 16:59:40', '2017-06-09 00:32:25', '2017-06-09 00:32:25'),
(2117, 1, 1, 2, '2017-06-05 16:59:40', '2017-06-09 00:32:25', '2017-06-09 00:32:25'),
(2118, 1, 1, 3, '2017-06-05 16:59:40', '2017-06-09 00:32:25', '2017-06-09 00:32:25'),
(2119, 1, 1, 4, '2017-06-05 16:59:40', '2017-06-09 00:32:25', '2017-06-09 00:32:25'),
(2120, 1, 2, 1, '2017-06-05 16:59:40', '2017-06-09 00:32:25', '2017-06-09 00:32:25'),
(2121, 1, 2, 2, '2017-06-05 16:59:40', '2017-06-09 00:32:25', '2017-06-09 00:32:25'),
(2122, 1, 2, 3, '2017-06-05 16:59:40', '2017-06-09 00:32:25', '2017-06-09 00:32:25'),
(2123, 1, 2, 4, '2017-06-05 16:59:40', '2017-06-09 00:32:25', '2017-06-09 00:32:25'),
(2124, 1, 3, 1, '2017-06-05 16:59:40', '2017-06-09 00:32:25', '2017-06-09 00:32:25'),
(2125, 1, 3, 2, '2017-06-05 16:59:40', '2017-06-09 00:32:25', '2017-06-09 00:32:25'),
(2126, 1, 3, 3, '2017-06-05 16:59:40', '2017-06-09 00:32:25', '2017-06-09 00:32:25'),
(2127, 1, 3, 4, '2017-06-05 16:59:40', '2017-06-09 00:32:25', '2017-06-09 00:32:25'),
(2128, 1, 4, 1, '2017-06-05 16:59:40', '2017-06-09 00:32:25', '2017-06-09 00:32:25'),
(2129, 1, 4, 2, '2017-06-05 16:59:40', '2017-06-09 00:32:25', '2017-06-09 00:32:25'),
(2130, 1, 4, 3, '2017-06-05 16:59:40', '2017-06-09 00:32:25', '2017-06-09 00:32:25'),
(2131, 1, 4, 4, '2017-06-05 16:59:40', '2017-06-09 00:32:25', '2017-06-09 00:32:25'),
(2520, 1, 1, 1, '2017-06-09 00:32:26', '2017-07-05 19:03:27', '2017-07-05 19:03:27'),
(2521, 1, 1, 2, '2017-06-09 00:32:26', '2017-07-05 19:03:27', '2017-07-05 19:03:27'),
(2522, 1, 1, 3, '2017-06-09 00:32:26', '2017-07-05 19:03:27', '2017-07-05 19:03:27'),
(2523, 1, 1, 4, '2017-06-09 00:32:26', '2017-07-05 19:03:27', '2017-07-05 19:03:27'),
(2524, 1, 2, 1, '2017-06-09 00:32:26', '2017-07-05 19:03:27', '2017-07-05 19:03:27'),
(2525, 1, 2, 2, '2017-06-09 00:32:26', '2017-07-05 19:03:27', '2017-07-05 19:03:27'),
(2526, 1, 2, 3, '2017-06-09 00:32:26', '2017-07-05 19:03:27', '2017-07-05 19:03:27'),
(2527, 1, 2, 4, '2017-06-09 00:32:26', '2017-07-05 19:03:27', '2017-07-05 19:03:27'),
(2528, 1, 3, 1, '2017-06-09 00:32:26', '2017-07-05 19:03:27', '2017-07-05 19:03:27'),
(2529, 1, 3, 2, '2017-06-09 00:32:26', '2017-07-05 19:03:27', '2017-07-05 19:03:27'),
(2530, 1, 3, 3, '2017-06-09 00:32:26', '2017-07-05 19:03:27', '2017-07-05 19:03:27'),
(2531, 1, 3, 4, '2017-06-09 00:32:26', '2017-07-05 19:03:27', '2017-07-05 19:03:27'),
(2532, 1, 4, 1, '2017-06-09 00:32:26', '2017-07-05 19:03:27', '2017-07-05 19:03:27'),
(2533, 1, 4, 2, '2017-06-09 00:32:26', '2017-07-05 19:03:27', '2017-07-05 19:03:27'),
(2534, 1, 4, 3, '2017-06-09 00:32:26', '2017-07-05 19:03:27', '2017-07-05 19:03:27'),
(2535, 1, 4, 4, '2017-06-09 00:32:26', '2017-07-05 19:03:27', '2017-07-05 19:03:27'),
(2634, 1, 1, 1, '2017-07-05 19:03:27', '2017-07-16 21:07:00', '2017-07-16 21:07:00'),
(2635, 1, 1, 2, '2017-07-05 19:03:27', '2017-07-16 21:07:00', '2017-07-16 21:07:00'),
(2636, 1, 1, 3, '2017-07-05 19:03:27', '2017-07-16 21:07:00', '2017-07-16 21:07:00'),
(2637, 1, 1, 4, '2017-07-05 19:03:27', '2017-07-16 21:07:00', '2017-07-16 21:07:00'),
(2638, 1, 2, 1, '2017-07-05 19:03:27', '2017-07-16 21:07:00', '2017-07-16 21:07:00'),
(2639, 1, 2, 2, '2017-07-05 19:03:27', '2017-07-16 21:07:00', '2017-07-16 21:07:00'),
(2640, 1, 2, 3, '2017-07-05 19:03:27', '2017-07-16 21:07:00', '2017-07-16 21:07:00'),
(2641, 1, 2, 4, '2017-07-05 19:03:27', '2017-07-16 21:07:00', '2017-07-16 21:07:00'),
(2642, 1, 3, 1, '2017-07-05 19:03:27', '2017-07-16 21:07:00', '2017-07-16 21:07:00'),
(2643, 1, 3, 2, '2017-07-05 19:03:27', '2017-07-16 21:07:00', '2017-07-16 21:07:00'),
(2644, 1, 3, 3, '2017-07-05 19:03:27', '2017-07-16 21:07:00', '2017-07-16 21:07:00'),
(2645, 1, 3, 4, '2017-07-05 19:03:27', '2017-07-16 21:07:00', '2017-07-16 21:07:00'),
(2646, 1, 4, 1, '2017-07-05 19:03:27', '2017-07-16 21:07:00', '2017-07-16 21:07:00'),
(2647, 1, 4, 2, '2017-07-05 19:03:27', '2017-07-16 21:07:00', '2017-07-16 21:07:00'),
(2648, 1, 4, 3, '2017-07-05 19:03:27', '2017-07-16 21:07:00', '2017-07-16 21:07:00'),
(2649, 1, 4, 4, '2017-07-05 19:03:27', '2017-07-16 21:07:00', '2017-07-16 21:07:00'),
(2752, 1, 1, 1, '2017-07-16 21:07:00', '2017-08-13 14:44:36', '2017-08-13 14:44:36'),
(2753, 1, 1, 2, '2017-07-16 21:07:00', '2017-08-13 14:44:36', '2017-08-13 14:44:36'),
(2754, 1, 1, 3, '2017-07-16 21:07:00', '2017-08-13 14:44:36', '2017-08-13 14:44:36'),
(2755, 1, 1, 4, '2017-07-16 21:07:00', '2017-08-13 14:44:36', '2017-08-13 14:44:36'),
(2756, 1, 2, 1, '2017-07-16 21:07:00', '2017-08-13 14:44:36', '2017-08-13 14:44:36'),
(2757, 1, 2, 2, '2017-07-16 21:07:00', '2017-08-13 14:44:36', '2017-08-13 14:44:36'),
(2758, 1, 2, 3, '2017-07-16 21:07:00', '2017-08-13 14:44:36', '2017-08-13 14:44:36'),
(2759, 1, 2, 4, '2017-07-16 21:07:00', '2017-08-13 14:44:36', '2017-08-13 14:44:36'),
(2760, 1, 3, 1, '2017-07-16 21:07:00', '2017-08-13 14:44:36', '2017-08-13 14:44:36'),
(2761, 1, 3, 2, '2017-07-16 21:07:00', '2017-08-13 14:44:36', '2017-08-13 14:44:36'),
(2762, 1, 3, 3, '2017-07-16 21:07:00', '2017-08-13 14:44:36', '2017-08-13 14:44:36'),
(2763, 1, 3, 4, '2017-07-16 21:07:00', '2017-08-13 14:44:36', '2017-08-13 14:44:36'),
(2764, 1, 4, 1, '2017-07-16 21:07:00', '2017-08-13 14:44:36', '2017-08-13 14:44:36'),
(2765, 1, 4, 2, '2017-07-16 21:07:00', '2017-08-13 14:44:36', '2017-08-13 14:44:36'),
(2766, 1, 4, 3, '2017-07-16 21:07:00', '2017-08-13 14:44:36', '2017-08-13 14:44:36'),
(2767, 1, 4, 4, '2017-07-16 21:07:01', '2017-08-13 14:44:36', '2017-08-13 14:44:36'),
(2869, 1, 1, 1, '2017-08-13 14:44:36', '2017-08-17 05:43:51', '2017-08-17 05:43:51'),
(2870, 1, 1, 2, '2017-08-13 14:44:36', '2017-08-17 05:43:51', '2017-08-17 05:43:51'),
(2871, 1, 1, 3, '2017-08-13 14:44:36', '2017-08-17 05:43:51', '2017-08-17 05:43:51'),
(2872, 1, 1, 4, '2017-08-13 14:44:36', '2017-08-17 05:43:51', '2017-08-17 05:43:51'),
(2873, 1, 2, 1, '2017-08-13 14:44:36', '2017-08-17 05:43:51', '2017-08-17 05:43:51'),
(2874, 1, 2, 2, '2017-08-13 14:44:36', '2017-08-17 05:43:51', '2017-08-17 05:43:51'),
(2875, 1, 2, 3, '2017-08-13 14:44:36', '2017-08-17 05:43:51', '2017-08-17 05:43:51'),
(2876, 1, 2, 4, '2017-08-13 14:44:36', '2017-08-17 05:43:51', '2017-08-17 05:43:51'),
(2877, 1, 3, 1, '2017-08-13 14:44:36', '2017-08-17 05:43:51', '2017-08-17 05:43:51'),
(2878, 1, 3, 2, '2017-08-13 14:44:36', '2017-08-17 05:43:51', '2017-08-17 05:43:51'),
(2879, 1, 3, 3, '2017-08-13 14:44:36', '2017-08-17 05:43:51', '2017-08-17 05:43:51'),
(2880, 1, 3, 4, '2017-08-13 14:44:36', '2017-08-17 05:43:51', '2017-08-17 05:43:51'),
(2881, 1, 4, 1, '2017-08-13 14:44:36', '2017-08-17 05:43:51', '2017-08-17 05:43:51'),
(2882, 1, 4, 2, '2017-08-13 14:44:36', '2017-08-17 05:43:51', '2017-08-17 05:43:51'),
(2883, 1, 4, 3, '2017-08-13 14:44:36', '2017-08-17 05:43:51', '2017-08-17 05:43:51'),
(2884, 1, 4, 4, '2017-08-13 14:44:36', '2017-08-17 05:43:51', '2017-08-17 05:43:51'),
(2885, 1, 23, 1, '2017-08-13 14:44:36', '2017-08-17 05:43:51', '2017-08-17 05:43:51'),
(2886, 1, 23, 2, '2017-08-13 14:44:36', '2017-08-17 05:43:51', '2017-08-17 05:43:51'),
(2887, 1, 23, 3, '2017-08-13 14:44:37', '2017-08-17 05:43:51', '2017-08-17 05:43:51'),
(2888, 1, 23, 4, '2017-08-13 14:44:37', '2017-08-17 05:43:51', '2017-08-17 05:43:51'),
(2889, 1, 24, 1, '2017-08-13 14:44:37', '2017-08-17 05:43:51', '2017-08-17 05:43:51'),
(2890, 1, 24, 2, '2017-08-13 14:44:37', '2017-08-17 05:43:51', '2017-08-17 05:43:51'),
(2891, 1, 24, 3, '2017-08-13 14:44:37', '2017-08-17 05:43:51', '2017-08-17 05:43:51'),
(2892, 1, 24, 4, '2017-08-13 14:44:37', '2017-08-17 05:43:51', '2017-08-17 05:43:51'),
(2893, 1, 1, 1, '2017-08-17 05:43:51', '2017-08-20 00:08:46', '2017-08-20 00:08:46'),
(2894, 1, 1, 2, '2017-08-17 05:43:51', '2017-08-20 00:08:46', '2017-08-20 00:08:46'),
(2895, 1, 1, 3, '2017-08-17 05:43:51', '2017-08-20 00:08:46', '2017-08-20 00:08:46'),
(2896, 1, 1, 4, '2017-08-17 05:43:51', '2017-08-20 00:08:46', '2017-08-20 00:08:46'),
(2897, 1, 2, 1, '2017-08-17 05:43:51', '2017-08-20 00:08:46', '2017-08-20 00:08:46'),
(2898, 1, 2, 2, '2017-08-17 05:43:51', '2017-08-20 00:08:46', '2017-08-20 00:08:46'),
(2899, 1, 2, 3, '2017-08-17 05:43:51', '2017-08-20 00:08:46', '2017-08-20 00:08:46'),
(2900, 1, 2, 4, '2017-08-17 05:43:51', '2017-08-20 00:08:46', '2017-08-20 00:08:46'),
(2901, 1, 3, 1, '2017-08-17 05:43:51', '2017-08-20 00:08:46', '2017-08-20 00:08:46'),
(2902, 1, 3, 2, '2017-08-17 05:43:51', '2017-08-20 00:08:46', '2017-08-20 00:08:46'),
(2903, 1, 3, 3, '2017-08-17 05:43:51', '2017-08-20 00:08:46', '2017-08-20 00:08:46'),
(2904, 1, 3, 4, '2017-08-17 05:43:51', '2017-08-20 00:08:46', '2017-08-20 00:08:46'),
(2905, 1, 4, 1, '2017-08-17 05:43:51', '2017-08-20 00:08:46', '2017-08-20 00:08:46'),
(2906, 1, 4, 2, '2017-08-17 05:43:51', '2017-08-20 00:08:46', '2017-08-20 00:08:46'),
(2907, 1, 4, 3, '2017-08-17 05:43:51', '2017-08-20 00:08:46', '2017-08-20 00:08:46'),
(2908, 1, 4, 4, '2017-08-17 05:43:51', '2017-08-20 00:08:46', '2017-08-20 00:08:46'),
(2909, 1, 23, 1, '2017-08-17 05:43:52', '2017-08-20 00:08:46', '2017-08-20 00:08:46'),
(2910, 1, 23, 2, '2017-08-17 05:43:52', '2017-08-20 00:08:46', '2017-08-20 00:08:46'),
(2911, 1, 23, 3, '2017-08-17 05:43:52', '2017-08-20 00:08:46', '2017-08-20 00:08:46'),
(2912, 1, 23, 4, '2017-08-17 05:43:52', '2017-08-20 00:08:46', '2017-08-20 00:08:46'),
(2913, 1, 24, 1, '2017-08-17 05:43:52', '2017-08-20 00:08:46', '2017-08-20 00:08:46'),
(2914, 1, 24, 2, '2017-08-17 05:43:52', '2017-08-20 00:08:46', '2017-08-20 00:08:46'),
(2915, 1, 24, 3, '2017-08-17 05:43:52', '2017-08-20 00:08:46', '2017-08-20 00:08:46'),
(2916, 1, 24, 4, '2017-08-17 05:43:52', '2017-08-20 00:08:46', '2017-08-20 00:08:46'),
(2917, 1, 25, 1, '2017-08-17 05:43:52', '2017-08-20 00:08:46', '2017-08-20 00:08:46'),
(2918, 1, 25, 2, '2017-08-17 05:43:52', '2017-08-20 00:08:46', '2017-08-20 00:08:46'),
(2919, 1, 25, 3, '2017-08-17 05:43:52', '2017-08-20 00:08:46', '2017-08-20 00:08:46'),
(2920, 1, 25, 4, '2017-08-17 05:43:52', '2017-08-20 00:08:46', '2017-08-20 00:08:46'),
(2921, 1, 1, 1, '2017-08-20 00:08:46', '2017-10-11 23:49:50', '2017-10-11 23:49:50'),
(2922, 1, 1, 2, '2017-08-20 00:08:46', '2017-10-11 23:49:50', '2017-10-11 23:49:50'),
(2923, 1, 1, 3, '2017-08-20 00:08:46', '2017-10-11 23:49:50', '2017-10-11 23:49:50'),
(2924, 1, 1, 4, '2017-08-20 00:08:46', '2017-10-11 23:49:50', '2017-10-11 23:49:50'),
(2925, 1, 2, 1, '2017-08-20 00:08:46', '2017-10-11 23:49:50', '2017-10-11 23:49:50'),
(2926, 1, 2, 2, '2017-08-20 00:08:46', '2017-10-11 23:49:50', '2017-10-11 23:49:50'),
(2927, 1, 2, 3, '2017-08-20 00:08:46', '2017-10-11 23:49:50', '2017-10-11 23:49:50'),
(2928, 1, 2, 4, '2017-08-20 00:08:46', '2017-10-11 23:49:50', '2017-10-11 23:49:50'),
(2929, 1, 3, 1, '2017-08-20 00:08:46', '2017-10-11 23:49:50', '2017-10-11 23:49:50'),
(2930, 1, 3, 2, '2017-08-20 00:08:46', '2017-10-11 23:49:50', '2017-10-11 23:49:50'),
(2931, 1, 3, 3, '2017-08-20 00:08:46', '2017-10-11 23:49:50', '2017-10-11 23:49:50'),
(2932, 1, 3, 4, '2017-08-20 00:08:46', '2017-10-11 23:49:50', '2017-10-11 23:49:50'),
(2933, 1, 4, 1, '2017-08-20 00:08:46', '2017-10-11 23:49:50', '2017-10-11 23:49:50'),
(2934, 1, 4, 2, '2017-08-20 00:08:47', '2017-10-11 23:49:50', '2017-10-11 23:49:50'),
(2935, 1, 4, 3, '2017-08-20 00:08:47', '2017-10-11 23:49:50', '2017-10-11 23:49:50'),
(2936, 1, 4, 4, '2017-08-20 00:08:47', '2017-10-11 23:49:50', '2017-10-11 23:49:50'),
(2937, 1, 23, 1, '2017-08-20 00:08:47', '2017-10-11 23:49:50', '2017-10-11 23:49:50'),
(2938, 1, 23, 2, '2017-08-20 00:08:47', '2017-10-11 23:49:50', '2017-10-11 23:49:50'),
(2939, 1, 23, 3, '2017-08-20 00:08:47', '2017-10-11 23:49:50', '2017-10-11 23:49:50'),
(2940, 1, 23, 4, '2017-08-20 00:08:47', '2017-10-11 23:49:50', '2017-10-11 23:49:50'),
(2941, 1, 24, 1, '2017-08-20 00:08:47', '2017-10-11 23:49:50', '2017-10-11 23:49:50'),
(2942, 1, 24, 2, '2017-08-20 00:08:47', '2017-10-11 23:49:50', '2017-10-11 23:49:50'),
(2943, 1, 24, 3, '2017-08-20 00:08:47', '2017-10-11 23:49:50', '2017-10-11 23:49:50'),
(2944, 1, 24, 4, '2017-08-20 00:08:47', '2017-10-11 23:49:50', '2017-10-11 23:49:50'),
(2945, 1, 25, 1, '2017-08-20 00:08:47', '2017-10-11 23:49:50', '2017-10-11 23:49:50'),
(2946, 1, 25, 2, '2017-08-20 00:08:47', '2017-10-11 23:49:50', '2017-10-11 23:49:50'),
(2947, 1, 25, 3, '2017-08-20 00:08:47', '2017-10-11 23:49:50', '2017-10-11 23:49:50'),
(2948, 1, 25, 4, '2017-08-20 00:08:47', '2017-10-11 23:49:50', '2017-10-11 23:49:50'),
(2949, 1, 26, 1, '2017-08-20 00:08:47', '2017-10-11 23:49:50', '2017-10-11 23:49:50'),
(2950, 1, 26, 2, '2017-08-20 00:08:47', '2017-10-11 23:49:50', '2017-10-11 23:49:50'),
(2951, 1, 26, 3, '2017-08-20 00:08:47', '2017-10-11 23:49:50', '2017-10-11 23:49:50'),
(2952, 1, 26, 4, '2017-08-20 00:08:47', '2017-10-11 23:49:50', '2017-10-11 23:49:50'),
(2953, 1, 1, 1, '2017-10-11 23:49:50', '2017-10-12 06:32:56', '2017-10-12 06:32:56'),
(2954, 1, 1, 2, '2017-10-11 23:49:50', '2017-10-12 06:32:56', '2017-10-12 06:32:56'),
(2955, 1, 1, 3, '2017-10-11 23:49:50', '2017-10-12 06:32:56', '2017-10-12 06:32:56'),
(2956, 1, 1, 4, '2017-10-11 23:49:50', '2017-10-12 06:32:56', '2017-10-12 06:32:56'),
(2957, 1, 2, 1, '2017-10-11 23:49:50', '2017-10-12 06:32:56', '2017-10-12 06:32:56'),
(2958, 1, 2, 2, '2017-10-11 23:49:50', '2017-10-12 06:32:56', '2017-10-12 06:32:56'),
(2959, 1, 2, 3, '2017-10-11 23:49:50', '2017-10-12 06:32:56', '2017-10-12 06:32:56'),
(2960, 1, 2, 4, '2017-10-11 23:49:50', '2017-10-12 06:32:56', '2017-10-12 06:32:56'),
(2961, 1, 3, 1, '2017-10-11 23:49:50', '2017-10-12 06:32:56', '2017-10-12 06:32:56'),
(2962, 1, 3, 2, '2017-10-11 23:49:50', '2017-10-12 06:32:56', '2017-10-12 06:32:56'),
(2963, 1, 3, 3, '2017-10-11 23:49:50', '2017-10-12 06:32:56', '2017-10-12 06:32:56'),
(2964, 1, 3, 4, '2017-10-11 23:49:50', '2017-10-12 06:32:56', '2017-10-12 06:32:56'),
(2965, 1, 4, 1, '2017-10-11 23:49:50', '2017-10-12 06:32:56', '2017-10-12 06:32:56'),
(2966, 1, 4, 2, '2017-10-11 23:49:50', '2017-10-12 06:32:56', '2017-10-12 06:32:56'),
(2967, 1, 4, 3, '2017-10-11 23:49:50', '2017-10-12 06:32:56', '2017-10-12 06:32:56'),
(2968, 1, 4, 4, '2017-10-11 23:49:51', '2017-10-12 06:32:56', '2017-10-12 06:32:56'),
(2969, 1, 23, 1, '2017-10-11 23:49:51', '2017-10-12 06:32:56', '2017-10-12 06:32:56'),
(2970, 1, 23, 2, '2017-10-11 23:49:51', '2017-10-12 06:32:56', '2017-10-12 06:32:56'),
(2971, 1, 23, 3, '2017-10-11 23:49:51', '2017-10-12 06:32:56', '2017-10-12 06:32:56'),
(2972, 1, 23, 4, '2017-10-11 23:49:51', '2017-10-12 06:32:56', '2017-10-12 06:32:56'),
(2973, 1, 24, 1, '2017-10-11 23:49:51', '2017-10-12 06:32:56', '2017-10-12 06:32:56'),
(2974, 1, 24, 2, '2017-10-11 23:49:51', '2017-10-12 06:32:56', '2017-10-12 06:32:56'),
(2975, 1, 24, 3, '2017-10-11 23:49:51', '2017-10-12 06:32:56', '2017-10-12 06:32:56'),
(2976, 1, 24, 4, '2017-10-11 23:49:51', '2017-10-12 06:32:56', '2017-10-12 06:32:56'),
(2977, 1, 25, 1, '2017-10-11 23:49:51', '2017-10-12 06:32:56', '2017-10-12 06:32:56'),
(2978, 1, 25, 2, '2017-10-11 23:49:51', '2017-10-12 06:32:56', '2017-10-12 06:32:56'),
(2979, 1, 25, 3, '2017-10-11 23:49:51', '2017-10-12 06:32:56', '2017-10-12 06:32:56'),
(2980, 1, 25, 4, '2017-10-11 23:49:51', '2017-10-12 06:32:56', '2017-10-12 06:32:56'),
(2981, 1, 26, 1, '2017-10-11 23:49:51', '2017-10-12 06:32:56', '2017-10-12 06:32:56'),
(2982, 1, 26, 2, '2017-10-11 23:49:51', '2017-10-12 06:32:56', '2017-10-12 06:32:56'),
(2983, 1, 26, 3, '2017-10-11 23:49:51', '2017-10-12 06:32:56', '2017-10-12 06:32:56'),
(2984, 1, 26, 4, '2017-10-11 23:49:51', '2017-10-12 06:32:56', '2017-10-12 06:32:56'),
(2985, 1, 27, 1, '2017-10-11 23:49:51', '2017-10-12 06:32:56', '2017-10-12 06:32:56'),
(2986, 1, 27, 2, '2017-10-11 23:49:52', '2017-10-12 06:32:56', '2017-10-12 06:32:56'),
(2987, 1, 27, 3, '2017-10-11 23:49:52', '2017-10-12 06:32:56', '2017-10-12 06:32:56'),
(2988, 1, 27, 4, '2017-10-11 23:49:52', '2017-10-12 06:32:56', '2017-10-12 06:32:56'),
(2989, 1, 1, 1, '2017-10-12 06:32:56', '2017-10-15 09:14:46', '2017-10-15 09:14:46'),
(2990, 1, 1, 2, '2017-10-12 06:32:56', '2017-10-15 09:14:46', '2017-10-15 09:14:46'),
(2991, 1, 1, 3, '2017-10-12 06:32:56', '2017-10-15 09:14:46', '2017-10-15 09:14:46'),
(2992, 1, 1, 4, '2017-10-12 06:32:56', '2017-10-15 09:14:46', '2017-10-15 09:14:46'),
(2993, 1, 2, 1, '2017-10-12 06:32:56', '2017-10-15 09:14:46', '2017-10-15 09:14:46'),
(2994, 1, 2, 2, '2017-10-12 06:32:56', '2017-10-15 09:14:46', '2017-10-15 09:14:46'),
(2995, 1, 2, 3, '2017-10-12 06:32:56', '2017-10-15 09:14:46', '2017-10-15 09:14:46'),
(2996, 1, 2, 4, '2017-10-12 06:32:57', '2017-10-15 09:14:46', '2017-10-15 09:14:46'),
(2997, 1, 3, 1, '2017-10-12 06:32:57', '2017-10-15 09:14:46', '2017-10-15 09:14:46'),
(2998, 1, 3, 2, '2017-10-12 06:32:57', '2017-10-15 09:14:46', '2017-10-15 09:14:46'),
(2999, 1, 3, 3, '2017-10-12 06:32:57', '2017-10-15 09:14:46', '2017-10-15 09:14:46'),
(3000, 1, 3, 4, '2017-10-12 06:32:57', '2017-10-15 09:14:46', '2017-10-15 09:14:46'),
(3001, 1, 4, 1, '2017-10-12 06:32:57', '2017-10-15 09:14:46', '2017-10-15 09:14:46'),
(3002, 1, 4, 2, '2017-10-12 06:32:57', '2017-10-15 09:14:46', '2017-10-15 09:14:46'),
(3003, 1, 4, 3, '2017-10-12 06:32:57', '2017-10-15 09:14:46', '2017-10-15 09:14:46'),
(3004, 1, 4, 4, '2017-10-12 06:32:57', '2017-10-15 09:14:46', '2017-10-15 09:14:46'),
(3005, 1, 23, 1, '2017-10-12 06:32:57', '2017-10-15 09:14:46', '2017-10-15 09:14:46'),
(3006, 1, 23, 2, '2017-10-12 06:32:57', '2017-10-15 09:14:46', '2017-10-15 09:14:46'),
(3007, 1, 23, 3, '2017-10-12 06:32:57', '2017-10-15 09:14:46', '2017-10-15 09:14:46'),
(3008, 1, 23, 4, '2017-10-12 06:32:57', '2017-10-15 09:14:46', '2017-10-15 09:14:46'),
(3009, 1, 24, 1, '2017-10-12 06:32:57', '2017-10-15 09:14:46', '2017-10-15 09:14:46'),
(3010, 1, 24, 2, '2017-10-12 06:32:57', '2017-10-15 09:14:46', '2017-10-15 09:14:46'),
(3011, 1, 24, 3, '2017-10-12 06:32:57', '2017-10-15 09:14:46', '2017-10-15 09:14:46'),
(3012, 1, 24, 4, '2017-10-12 06:32:57', '2017-10-15 09:14:46', '2017-10-15 09:14:46'),
(3013, 1, 25, 1, '2017-10-12 06:32:58', '2017-10-15 09:14:46', '2017-10-15 09:14:46'),
(3014, 1, 25, 2, '2017-10-12 06:32:58', '2017-10-15 09:14:46', '2017-10-15 09:14:46'),
(3015, 1, 25, 3, '2017-10-12 06:32:58', '2017-10-15 09:14:46', '2017-10-15 09:14:46'),
(3016, 1, 25, 4, '2017-10-12 06:32:58', '2017-10-15 09:14:46', '2017-10-15 09:14:46'),
(3017, 1, 26, 1, '2017-10-12 06:32:58', '2017-10-15 09:14:46', '2017-10-15 09:14:46'),
(3018, 1, 26, 2, '2017-10-12 06:32:58', '2017-10-15 09:14:46', '2017-10-15 09:14:46'),
(3019, 1, 26, 3, '2017-10-12 06:32:58', '2017-10-15 09:14:46', '2017-10-15 09:14:46'),
(3020, 1, 26, 4, '2017-10-12 06:32:58', '2017-10-15 09:14:46', '2017-10-15 09:14:46'),
(3021, 1, 27, 1, '2017-10-12 06:32:58', '2017-10-15 09:14:46', '2017-10-15 09:14:46'),
(3022, 1, 27, 2, '2017-10-12 06:32:58', '2017-10-15 09:14:46', '2017-10-15 09:14:46'),
(3023, 1, 27, 3, '2017-10-12 06:32:58', '2017-10-15 09:14:46', '2017-10-15 09:14:46'),
(3024, 1, 27, 4, '2017-10-12 06:32:58', '2017-10-15 09:14:46', '2017-10-15 09:14:46'),
(3025, 1, 28, 1, '2017-10-12 06:32:58', '2017-10-15 09:14:46', '2017-10-15 09:14:46'),
(3026, 1, 28, 2, '2017-10-12 06:32:58', '2017-10-15 09:14:46', '2017-10-15 09:14:46'),
(3027, 1, 28, 3, '2017-10-12 06:32:58', '2017-10-15 09:14:46', '2017-10-15 09:14:46'),
(3028, 1, 28, 4, '2017-10-12 06:32:58', '2017-10-15 09:14:46', '2017-10-15 09:14:46'),
(3029, 1, 3, 1, '2017-10-15 09:14:46', '2017-10-15 09:15:11', '2017-10-15 09:15:11'),
(3030, 1, 3, 2, '2017-10-15 09:14:46', '2017-10-15 09:15:11', '2017-10-15 09:15:11'),
(3031, 1, 3, 3, '2017-10-15 09:14:46', '2017-10-15 09:15:11', '2017-10-15 09:15:11'),
(3032, 1, 3, 4, '2017-10-15 09:14:46', '2017-10-15 09:15:11', '2017-10-15 09:15:11'),
(3033, 1, 28, 1, '2017-10-15 09:14:46', '2017-10-15 09:15:11', '2017-10-15 09:15:11'),
(3034, 1, 28, 2, '2017-10-15 09:14:47', '2017-10-15 09:15:11', '2017-10-15 09:15:11'),
(3035, 1, 28, 3, '2017-10-15 09:14:47', '2017-10-15 09:15:11', '2017-10-15 09:15:11'),
(3036, 1, 28, 4, '2017-10-15 09:14:47', '2017-10-15 09:15:11', '2017-10-15 09:15:11'),
(3037, 1, 24, 1, '2017-10-15 09:14:47', '2017-10-15 09:15:11', '2017-10-15 09:15:11'),
(3038, 1, 24, 2, '2017-10-15 09:14:47', '2017-10-15 09:15:11', '2017-10-15 09:15:11'),
(3039, 1, 24, 3, '2017-10-15 09:14:47', '2017-10-15 09:15:11', '2017-10-15 09:15:11'),
(3040, 1, 24, 4, '2017-10-15 09:14:47', '2017-10-15 09:15:11', '2017-10-15 09:15:11'),
(3041, 1, 27, 1, '2017-10-15 09:14:47', '2017-10-15 09:15:11', '2017-10-15 09:15:11'),
(3042, 1, 27, 2, '2017-10-15 09:14:47', '2017-10-15 09:15:11', '2017-10-15 09:15:11'),
(3043, 1, 27, 3, '2017-10-15 09:14:47', '2017-10-15 09:15:11', '2017-10-15 09:15:11'),
(3044, 1, 27, 4, '2017-10-15 09:14:47', '2017-10-15 09:15:11', '2017-10-15 09:15:11'),
(3045, 1, 26, 1, '2017-10-15 09:14:47', '2017-10-15 09:15:11', '2017-10-15 09:15:11'),
(3046, 1, 26, 2, '2017-10-15 09:14:47', '2017-10-15 09:15:11', '2017-10-15 09:15:11'),
(3047, 1, 26, 3, '2017-10-15 09:14:47', '2017-10-15 09:15:11', '2017-10-15 09:15:11'),
(3048, 1, 26, 4, '2017-10-15 09:14:47', '2017-10-15 09:15:11', '2017-10-15 09:15:11'),
(3049, 1, 25, 1, '2017-10-15 09:14:47', '2017-10-15 09:15:11', '2017-10-15 09:15:11'),
(3050, 1, 25, 2, '2017-10-15 09:14:47', '2017-10-15 09:15:11', '2017-10-15 09:15:11'),
(3051, 1, 25, 3, '2017-10-15 09:14:47', '2017-10-15 09:15:11', '2017-10-15 09:15:11'),
(3052, 1, 25, 4, '2017-10-15 09:14:48', '2017-10-15 09:15:11', '2017-10-15 09:15:11'),
(3053, 1, 2, 1, '2017-10-15 09:14:48', '2017-10-15 09:15:11', '2017-10-15 09:15:11'),
(3054, 1, 2, 2, '2017-10-15 09:14:48', '2017-10-15 09:15:11', '2017-10-15 09:15:11'),
(3055, 1, 2, 3, '2017-10-15 09:14:48', '2017-10-15 09:15:11', '2017-10-15 09:15:11'),
(3056, 1, 2, 4, '2017-10-15 09:14:48', '2017-10-15 09:15:11', '2017-10-15 09:15:11'),
(3057, 1, 23, 1, '2017-10-15 09:14:48', '2017-10-15 09:15:11', '2017-10-15 09:15:11'),
(3058, 1, 23, 2, '2017-10-15 09:14:48', '2017-10-15 09:15:11', '2017-10-15 09:15:11'),
(3059, 1, 23, 3, '2017-10-15 09:14:48', '2017-10-15 09:15:11', '2017-10-15 09:15:11'),
(3060, 1, 23, 4, '2017-10-15 09:14:48', '2017-10-15 09:15:11', '2017-10-15 09:15:11'),
(3061, 1, 4, 1, '2017-10-15 09:14:48', '2017-10-15 09:15:11', '2017-10-15 09:15:11'),
(3062, 1, 4, 2, '2017-10-15 09:14:48', '2017-10-15 09:15:11', '2017-10-15 09:15:11'),
(3063, 1, 4, 3, '2017-10-15 09:14:48', '2017-10-15 09:15:11', '2017-10-15 09:15:11'),
(3064, 1, 4, 4, '2017-10-15 09:14:48', '2017-10-15 09:15:11', '2017-10-15 09:15:11'),
(3065, 1, 29, 1, '2017-10-15 09:14:48', '2017-10-15 09:15:11', '2017-10-15 09:15:11'),
(3066, 1, 29, 2, '2017-10-15 09:14:48', '2017-10-15 09:15:11', '2017-10-15 09:15:11'),
(3067, 1, 29, 3, '2017-10-15 09:14:48', '2017-10-15 09:15:11', '2017-10-15 09:15:11'),
(3068, 1, 29, 4, '2017-10-15 09:14:48', '2017-10-15 09:15:11', '2017-10-15 09:15:11'),
(3069, 1, 3, 1, '2017-10-15 09:15:11', '2017-10-15 09:15:11', NULL),
(3070, 1, 3, 2, '2017-10-15 09:15:11', '2017-10-15 09:15:11', NULL),
(3071, 1, 3, 3, '2017-10-15 09:15:11', '2017-10-15 09:15:11', NULL),
(3072, 1, 3, 4, '2017-10-15 09:15:11', '2017-10-15 09:15:11', NULL),
(3073, 1, 28, 1, '2017-10-15 09:15:11', '2017-10-15 09:15:11', NULL),
(3074, 1, 28, 2, '2017-10-15 09:15:12', '2017-10-15 09:15:12', NULL),
(3075, 1, 28, 3, '2017-10-15 09:15:12', '2017-10-15 09:15:12', NULL),
(3076, 1, 28, 4, '2017-10-15 09:15:12', '2017-10-15 09:15:12', NULL),
(3077, 1, 24, 1, '2017-10-15 09:15:12', '2017-10-15 09:15:12', NULL),
(3078, 1, 24, 2, '2017-10-15 09:15:12', '2017-10-15 09:15:12', NULL),
(3079, 1, 24, 3, '2017-10-15 09:15:12', '2017-10-15 09:15:12', NULL),
(3080, 1, 24, 4, '2017-10-15 09:15:12', '2017-10-15 09:15:12', NULL),
(3081, 1, 27, 1, '2017-10-15 09:15:12', '2017-10-15 09:15:12', NULL),
(3082, 1, 27, 2, '2017-10-15 09:15:12', '2017-10-15 09:15:12', NULL),
(3083, 1, 27, 3, '2017-10-15 09:15:12', '2017-10-15 09:15:12', NULL),
(3084, 1, 27, 4, '2017-10-15 09:15:12', '2017-10-15 09:15:12', NULL),
(3085, 1, 26, 1, '2017-10-15 09:15:12', '2017-10-15 09:15:12', NULL),
(3086, 1, 26, 2, '2017-10-15 09:15:12', '2017-10-15 09:15:12', NULL),
(3087, 1, 26, 3, '2017-10-15 09:15:12', '2017-10-15 09:15:12', NULL),
(3088, 1, 26, 4, '2017-10-15 09:15:12', '2017-10-15 09:15:12', NULL),
(3089, 1, 25, 1, '2017-10-15 09:15:12', '2017-10-15 09:15:12', NULL),
(3090, 1, 25, 2, '2017-10-15 09:15:12', '2017-10-15 09:15:12', NULL),
(3091, 1, 25, 3, '2017-10-15 09:15:12', '2017-10-15 09:15:12', NULL),
(3092, 1, 25, 4, '2017-10-15 09:15:12', '2017-10-15 09:15:12', NULL),
(3093, 1, 2, 1, '2017-10-15 09:15:13', '2017-10-15 09:15:13', NULL),
(3094, 1, 2, 2, '2017-10-15 09:15:13', '2017-10-15 09:15:13', NULL),
(3095, 1, 2, 3, '2017-10-15 09:15:13', '2017-10-15 09:15:13', NULL),
(3096, 1, 2, 4, '2017-10-15 09:15:13', '2017-10-15 09:15:13', NULL),
(3097, 1, 23, 1, '2017-10-15 09:15:13', '2017-10-15 09:15:13', NULL),
(3098, 1, 23, 2, '2017-10-15 09:15:13', '2017-10-15 09:15:13', NULL),
(3099, 1, 23, 3, '2017-10-15 09:15:13', '2017-10-15 09:15:13', NULL),
(3100, 1, 23, 4, '2017-10-15 09:15:13', '2017-10-15 09:15:13', NULL),
(3101, 1, 4, 1, '2017-10-15 09:15:13', '2017-10-15 09:15:13', NULL),
(3102, 1, 4, 2, '2017-10-15 09:15:13', '2017-10-15 09:15:13', NULL),
(3103, 1, 4, 3, '2017-10-15 09:15:13', '2017-10-15 09:15:13', NULL),
(3104, 1, 4, 4, '2017-10-15 09:15:13', '2017-10-15 09:15:13', NULL),
(3105, 1, 29, 1, '2017-10-15 09:15:13', '2017-10-15 09:15:13', NULL);
INSERT INTO `privilege` (`id`, `user_id`, `module_id`, `action_id`, `created_at`, `updated_at`, `deleted_at`) VALUES
(3106, 1, 29, 2, '2017-10-15 09:15:13', '2017-10-15 09:15:13', NULL),
(3107, 1, 29, 3, '2017-10-15 09:15:13', '2017-10-15 09:15:13', NULL),
(3108, 1, 29, 4, '2017-10-15 09:15:13', '2017-10-15 09:15:13', NULL);

-- --------------------------------------------------------

--
-- Table structure for table `promotion`
--

CREATE TABLE `promotion` (
  `id` int(10) UNSIGNED NOT NULL,
  `title` varchar(255) COLLATE utf8_unicode_ci NOT NULL,
  `periodfrom` date DEFAULT NULL,
  `periodto` date DEFAULT NULL,
  `content` text COLLATE utf8_unicode_ci NOT NULL,
  `image` varchar(255) COLLATE utf8_unicode_ci DEFAULT NULL,
  `created_by` int(10) UNSIGNED DEFAULT NULL,
  `updated_by` int(10) UNSIGNED DEFAULT NULL,
  `deleted_by` int(10) UNSIGNED DEFAULT NULL,
  `created_at` timestamp NULL DEFAULT NULL,
  `updated_at` timestamp NULL DEFAULT NULL,
  `deleted_at` timestamp NULL DEFAULT NULL
) ENGINE=InnoDB DEFAULT CHARSET=utf8 COLLATE=utf8_unicode_ci;

--
-- Dumping data for table `promotion`
--

INSERT INTO `promotion` (`id`, `title`, `periodfrom`, `periodto`, `content`, `image`, `created_by`, `updated_by`, `deleted_by`, `created_at`, `updated_at`, `deleted_at`) VALUES
(1, 'asd', '2017-10-13', '2017-10-11', '<p>seperti yang udah agan dan sista ketahui, bahwa pada dasarnya seorang pembawa acara televisi adalah seorang penghibur, walaupun acara yang dibawakannya bukanlah acara hiburan. Tapi untuk bisa mendapatkan lebih banyak penonton atau unsur hiburan tetap diperlukan. unsur hiburan di sini tidak harus kehebohan, teriak-teriak, bercanda, siram siraman, dorong-dorongan, saling mencela ataupun semacamnya. tapi juga bisa dalam teknik membawakan acara nya misalnya dengan jenis pertanyaan, unsur kejutan, ciri khas pembawa acara sampai topik terhangat.</p>\r\n\r\n<p>&nbsp;</p>\r\n\r\n<p>pentingnya seorang pembawa acara punya rasa ingin tahu yang tinggi tujuannya untuk membuat acara hidup, dengan keingintahuan suatu situasi atau wawancara akan menarik perhatian orang dan membuat rasa penasaran penonton semakin tinggi. Kuncinya adalah pembawa acara harus menjadi bagian atau mewakili penonton yang tidak bisa hadir langsung di studio untuk bertanya.<br />\r\n&nbsp;</p>\r\n\r\n<p>&nbsp;</p>\r\n\r\n<p>&nbsp;</p>\r\n\r\n<p>&nbsp;</p>\r\n', '12-10-2017 12-56-27forest-3840x2160-5k-4k-wallpaper-fog-eagle-landscape-wallpaper-3441 (1).jpg', NULL, NULL, NULL, NULL, '2017-10-15 09:23:44', NULL),
(2, 'Pemerintah Rilis Prangko Khusus Raimuna Nasional', NULL, NULL, '<p>Pemerintah meluncurkan prangko khusus bertema Raimuna Nasional yang ditandatangani Presiden Joko Widodo. Prangko edisi khusus tersebut dirilis bertepatan saat perayaan Hari Pramuka sekaligus pembukaan kegiatan Raimuna Nasional di Lapangan Utama Bumi Perkemahan Cibubur, Jakarta, Senin (14/8/2017).<br />\r\n<br />\r\nKetua Panita Peringatan Hari Pramuka ke-56, Kodrat Pramudho mengatakan, peluncuran prangko Raimuna Nasional XI Tahun 2017 merupakan inisiasi dari Kwarnas Gerakan Pramuka dan Kementerian Kominfo bekerjasama dengan PT. Pos Indonesia. Perangko itu dibuat sebagai pengingat Hari Pramuka dan Raimuna Nasional.&nbsp;<br />\r\n<br />\r\n&ldquo;Saat ini penggunaan prangko sudah jarang, karena perkembangan teknologi yang maju. Maka dari itu kita menerbitkan prangko khusus ini sebagai pengingat adanya kegiatan Raimuna nasional,&rdquo; ungkapnya.<br />\r\n<br />\r\nPrangko bernilai Rp5000 tersebut bergambar logo Raimuna Nasional XI. Logo siluet Garuda mengandung arti bahwa peserta Raimuna Nasional XI haruslah Pramuka Garuda. Dua sayap Garuda terbentang melambangkan penyelenggaraan Raimuna Nasional ke-11, sementara warna ungu adalah warna WSOM (organisasi kepanduan dunia) yang mengambarkan kesejukan. Kemudian kepala Garuda menghadap ke kanan artinya generasi muda menatap masa depan.&nbsp;<br />\r\n<br />\r\n&ldquo;Logo Garuda itu juga melambangkan dasar negara Indonesia yang mempunyai nilai-nilai kebangsaan,&rdquo; tambah Kodrat.<br />\r\n<br />\r\nSelain prangko, Pemerintah juga meluncurkan sampul surat (amplop) dengan desain bergambar maskot Raimuna Nasional, yaitu Badak Bercula Satu bernama &ldquo;Ino&rdquo;. Maskot &ldquo;Ino&rdquo; melambangkan hewan yang dilindungi. Artinya, Raimuna Nasional mengajak anggota Pramuka peduli pada isu-isu lingkungan. (*)</p>\r\n', '12-10-2017 12-56-49forest-3840x2160-5k-4k-wallpaper-fog-eagle-landscape-wallpaper-3441.jpg', NULL, NULL, NULL, NULL, '2017-10-12 05:56:50', NULL),
(3, 'Test ', NULL, NULL, '<p><strong><em>sadasdasdsd</em></strong></p>\r\n', '16-08-2017 07-44-480019fecacc1ae87154d85efbc3ac2522.jpg', NULL, NULL, NULL, '2017-08-16 00:44:48', '2017-09-17 03:18:48', '2017-09-17 03:18:48');

-- --------------------------------------------------------

--
-- Table structure for table `roles`
--

CREATE TABLE `roles` (
  `id` int(10) UNSIGNED NOT NULL,
  `name` varchar(255) COLLATE utf8_unicode_ci NOT NULL,
  `created_at` timestamp NULL DEFAULT NULL,
  `updated_at` timestamp NULL DEFAULT NULL,
  `deleted_at` timestamp NULL DEFAULT NULL
) ENGINE=InnoDB DEFAULT CHARSET=utf8 COLLATE=utf8_unicode_ci;

--
-- Dumping data for table `roles`
--

INSERT INTO `roles` (`id`, `name`, `created_at`, `updated_at`, `deleted_at`) VALUES
(1, 'Super Administrator', NULL, NULL, NULL),
(2, 'Administrator', NULL, NULL, NULL),
(3, 'User', NULL, NULL, NULL);

-- --------------------------------------------------------

--
-- Table structure for table `sales_order`
--

CREATE TABLE `sales_order` (
  `id` int(11) NOT NULL,
  `sales_no` varchar(100) DEFAULT NULL,
  `sales_date` datetime DEFAULT NULL ON UPDATE CURRENT_TIMESTAMP,
  `id_customer` int(11) DEFAULT NULL,
  `po_no` varchar(100) DEFAULT NULL,
  `id_marketing` int(11) DEFAULT NULL,
  `currency` varchar(25) DEFAULT NULL,
  `so_status` int(11) DEFAULT NULL
) ENGINE=InnoDB DEFAULT CHARSET=latin1;

--
-- Dumping data for table `sales_order`
--

INSERT INTO `sales_order` (`id`, `sales_no`, `sales_date`, `id_customer`, `po_no`, `id_marketing`, `currency`, `so_status`) VALUES
(1, 'SO-14090005', '2017-10-07 07:21:38', 1, 'POA14040004', 1, 'IDR', 0),
(2, 'SO-14100017', '2017-10-07 07:21:41', 1, 'YK.PO141101/576', 2, 'IDR', 1),
(3, 'SO-14110029', '2017-10-07 07:21:43', 2, 'yk.PO141001/248', 3, 'IDR', 0),
(4, 'SO-14100012', '2017-10-07 07:21:45', 2, 'YK.PO140901/262', 4, 'IDR', 1),
(5, 'SO-14100029', '2017-10-07 07:21:48', 2, 'YK.PO140901/261', 5, 'IDR', 0),
(6, 'SO-14100047', '2017-10-07 07:21:50', 3, 'YK.PO140901/258', 6, 'IDR', 1),
(7, 'SO-14110001', '2017-10-07 07:21:55', 3, 'YK.PO140901/255', 7, 'IDR', 1),
(8, 'SO-14110002', '2017-10-07 07:21:57', 3, 'YK.PO140801/184', 8, 'IDR', 0),
(9, 'SO-14110013', '2017-10-07 07:21:59', 3, 'YK.PO140801/156', 9, 'IDR', 0),
(10, 'SO-14110006', '2017-10-07 07:22:01', 4, 'V093-14070007', 10, 'IDR', 0),
(11, 'SO-14110011', '2017-10-07 07:22:03', 4, 'THI11061', 1, 'IDR', 1),
(12, 'SO-14110012', '2017-10-07 07:22:05', 4, 'THI11060', 2, 'IDR', 1),
(13, 'SO-14110013', '2017-10-07 07:22:09', 5, 'THI11058', 3, 'IDR', 1),
(14, 'SO-14110007', '2017-10-07 07:22:11', 5, 'THI11057', 4, 'IDR', 0),
(15, 'SO-14110159', '2017-10-07 07:22:13', 5, 'THI11056', 5, 'IDR', 1),
(16, 'SO-14120011', '2017-10-07 07:22:15', 5, 'THI11055', 6, 'IDR', 0),
(17, 'SO-14120005', '2017-10-07 07:22:19', 1, 'THI11054', 7, 'IDR', 1),
(18, 'SO-14120009', '2017-10-07 07:22:21', 1, 'THI11039', 8, 'IDR', 0),
(19, 'SO-14120012', '2017-10-07 07:22:23', 1, 'TCR84542', 9, 'IDR', 0),
(20, 'SO-14120007', '2017-10-07 07:22:25', 1, 'TCR84541', 10, 'IDR', 0),
(21, 'SO-14120035', '2017-10-07 07:22:26', 1, 'TCR84540', 1, 'IDR', 0);

-- --------------------------------------------------------

--
-- Table structure for table `sales_order_detail`
--

CREATE TABLE `sales_order_detail` (
  `id` int(11) NOT NULL,
  `id_sales_order` int(11) DEFAULT NULL,
  `id_material` int(11) DEFAULT NULL,
  `unit` varchar(100) DEFAULT NULL,
  `quantity` double DEFAULT NULL,
  `price` double DEFAULT NULL
) ENGINE=InnoDB DEFAULT CHARSET=latin1 ROW_FORMAT=COMPACT;

--
-- Dumping data for table `sales_order_detail`
--

INSERT INTO `sales_order_detail` (`id`, `id_sales_order`, `id_material`, `unit`, `quantity`, `price`) VALUES
(1, 1, 1, 'PCS', 23, 12000),
(2, 2, 2, 'BOX', 22, 14000),
(3, 3, 3, 'DOZ', 26, 16000),
(4, 4, 4, 'PCS', 11, 70000),
(5, 5, 5, 'PCS', 23, 50000),
(6, 6, 6, 'PCS', 35, 45000),
(7, 7, 7, 'BOX', 47, 56000),
(8, 8, 8, 'DOZ', 59, 24000),
(9, 9, 9, 'PCS', 71, 45000),
(10, 10, 10, 'PCS', 83, 45000),
(11, 11, 11, 'PCS', 95, 56000),
(12, 12, 12, 'BOX', 107, 43000),
(13, 13, 14, 'DOZ', 119, 7000),
(14, 14, 1, 'PCS', 131, 5000),
(15, 15, 1, 'PCS', 143, 67000),
(16, 16, 3, 'PCS', 155, 67000),
(17, 17, 4, 'BOX', 80, 55000),
(18, 18, 5, 'DOZ', 98, 12000),
(19, 19, 6, 'PCS', 23, 90000),
(20, 20, 7, 'PCS', 35, 23000),
(21, 21, 8, 'PCS', 47, 35000),
(22, 1, 1, 'BOX', 59, 67000),
(23, 2, 2, 'DOZ', 71, 67000),
(24, 3, 4, 'PCS', 83, 33000),
(25, 4, 5, 'PCS', 23, 23000),
(26, 5, 6, 'PCS', 22, 22000),
(27, 6, 8, 'BOX', 10, 21000),
(28, 7, 9, 'DOZ', 11, 55000),
(29, 8, 1, 'PCS', 23, 45000),
(30, 9, 2, 'PCS', 35, 70000),
(31, 10, 4, 'PCS', 47, 20000),
(32, 11, 7, 'PCS', 59, 22000),
(33, 12, 1, 'PCS', 71, 33000),
(34, 13, 5, 'PCS', 83, 43000),
(35, 14, 5, 'PCS', 95, 70000),
(36, 15, 6, 'PCS', 23, 78000),
(37, 16, 7, 'PCS', 22, 40000),
(38, 17, 9, 'PCS', 10, 34000),
(39, 1, 1, 'PCS', 23, 12000),
(40, 2, 2, 'BOX', 22, 14000),
(41, 3, 3, 'DOZ', 26, 16000),
(42, 4, 4, 'PCS', 11, 70000),
(43, 5, 5, 'PCS', 23, 50000),
(44, 6, 6, 'PCS', 35, 45000),
(45, 7, 7, 'BOX', 47, 56000),
(46, 8, 8, 'DOZ', 59, 24000),
(47, 9, 9, 'PCS', 71, 45000),
(48, 10, 10, 'PCS', 83, 45000),
(49, 11, 11, 'PCS', 95, 56000),
(50, 12, 12, 'BOX', 107, 43000),
(51, 13, 14, 'DOZ', 119, 7000),
(52, 14, 1, 'PCS', 131, 5000),
(53, 15, 1, 'PCS', 143, 67000),
(54, 16, 3, 'PCS', 155, 67000),
(55, 17, 4, 'BOX', 80, 55000),
(56, 18, 5, 'DOZ', 98, 12000),
(57, 19, 6, 'PCS', 23, 90000),
(58, 20, 7, 'PCS', 35, 23000),
(59, 21, 8, 'PCS', 47, 35000),
(60, 1, 1, 'BOX', 59, 67000),
(61, 2, 2, 'DOZ', 71, 67000),
(62, 3, 4, 'PCS', 83, 33000),
(63, 4, 5, 'PCS', 23, 23000),
(64, 5, 6, 'PCS', 22, 22000),
(65, 6, 8, 'BOX', 10, 21000),
(66, 7, 9, 'DOZ', 11, 55000),
(67, 8, 1, 'PCS', 23, 45000),
(68, 9, 2, 'PCS', 35, 70000),
(69, 10, 4, 'PCS', 47, 20000),
(70, 11, 7, 'PCS', 59, 22000),
(71, 12, 1, 'PCS', 71, 33000),
(72, 13, 5, 'PCS', 83, 43000),
(73, 14, 5, 'PCS', 95, 70000),
(74, 15, 6, 'PCS', 23, 78000),
(75, 16, 7, 'PCS', 22, 40000),
(76, 17, 9, 'PCS', 10, 34000),
(102, 1, 1, 'PCS', 23, 12000),
(103, 2, 2, 'BOX', 22, 14000),
(104, 3, 3, 'DOZ', 26, 16000),
(105, 4, 4, 'PCS', 11, 70000),
(106, 5, 5, 'PCS', 23, 50000),
(107, 6, 6, 'PCS', 35, 45000),
(108, 7, 7, 'BOX', 47, 56000),
(109, 8, 8, 'DOZ', 59, 24000),
(110, 9, 9, 'PCS', 71, 45000),
(111, 10, 10, 'PCS', 83, 45000),
(112, 11, 11, 'PCS', 95, 56000),
(113, 12, 12, 'BOX', 107, 43000),
(114, 13, 14, 'DOZ', 119, 7000),
(115, 14, 1, 'PCS', 131, 5000),
(116, 15, 1, 'PCS', 143, 67000),
(117, 16, 3, 'PCS', 155, 67000),
(118, 17, 4, 'BOX', 80, 55000),
(119, 18, 5, 'DOZ', 98, 12000),
(120, 19, 6, 'PCS', 23, 90000),
(121, 20, 7, 'PCS', 35, 23000),
(122, 21, 8, 'PCS', 47, 35000),
(123, 1, 1, 'BOX', 59, 67000),
(124, 2, 2, 'DOZ', 71, 67000),
(125, 3, 4, 'PCS', 83, 33000),
(126, 4, 5, 'PCS', 23, 23000),
(127, 5, 6, 'PCS', 22, 22000),
(128, 6, 8, 'BOX', 10, 21000),
(129, 7, 9, 'DOZ', 11, 55000),
(130, 8, 1, 'PCS', 23, 45000),
(131, 9, 2, 'PCS', 35, 70000),
(132, 10, 4, 'PCS', 47, 20000),
(133, 11, 7, 'PCS', 59, 22000),
(134, 12, 1, 'PCS', 71, 33000),
(135, 13, 5, 'PCS', 83, 43000),
(136, 14, 5, 'PCS', 95, 70000),
(137, 15, 6, 'PCS', 23, 78000),
(138, 16, 7, 'PCS', 22, 40000),
(139, 17, 9, 'PCS', 10, 34000),
(140, 1, 1, 'PCS', 23, 12000),
(141, 2, 2, 'BOX', 22, 14000),
(142, 3, 3, 'DOZ', 26, 16000),
(143, 4, 4, 'PCS', 11, 70000),
(144, 5, 5, 'PCS', 23, 50000),
(145, 6, 6, 'PCS', 35, 45000),
(146, 7, 7, 'BOX', 47, 56000),
(147, 8, 8, 'DOZ', 59, 24000),
(148, 9, 9, 'PCS', 71, 45000),
(149, 10, 10, 'PCS', 83, 45000),
(150, 11, 11, 'PCS', 95, 56000),
(151, 12, 12, 'BOX', 107, 43000),
(152, 13, 14, 'DOZ', 119, 7000),
(153, 14, 1, 'PCS', 131, 5000),
(154, 15, 1, 'PCS', 143, 67000),
(155, 16, 3, 'PCS', 155, 67000),
(156, 17, 4, 'BOX', 80, 55000),
(157, 18, 5, 'DOZ', 98, 12000),
(158, 19, 6, 'PCS', 23, 90000),
(159, 20, 7, 'PCS', 35, 23000),
(160, 21, 8, 'PCS', 47, 35000),
(161, 1, 1, 'BOX', 59, 67000),
(162, 2, 2, 'DOZ', 71, 67000),
(163, 3, 4, 'PCS', 83, 33000),
(164, 4, 5, 'PCS', 23, 23000),
(165, 5, 6, 'PCS', 22, 22000),
(166, 6, 8, 'BOX', 10, 21000),
(167, 7, 9, 'DOZ', 11, 55000),
(168, 8, 1, 'PCS', 23, 45000),
(169, 9, 2, 'PCS', 35, 70000),
(170, 10, 4, 'PCS', 47, 20000),
(171, 11, 7, 'PCS', 59, 22000),
(172, 12, 1, 'PCS', 71, 33000),
(173, 13, 5, 'PCS', 83, 43000),
(174, 14, 5, 'PCS', 95, 70000),
(175, 15, 6, 'PCS', 23, 78000),
(176, 16, 7, 'PCS', 22, 40000),
(177, 17, 9, 'PCS', 10, 34000),
(229, 1, 1, 'PCS', 23, 12000),
(230, 2, 2, 'BOX', 22, 14000),
(231, 3, 3, 'DOZ', 26, 16000),
(232, 4, 4, 'PCS', 11, 70000),
(233, 5, 5, 'PCS', 23, 50000),
(234, 6, 6, 'PCS', 35, 45000),
(235, 7, 7, 'BOX', 47, 56000),
(236, 8, 8, 'DOZ', 59, 24000),
(237, 9, 9, 'PCS', 71, 45000),
(238, 10, 10, 'PCS', 83, 45000),
(239, 11, 11, 'PCS', 95, 56000),
(240, 12, 12, 'BOX', 107, 43000),
(241, 13, 14, 'DOZ', 119, 7000),
(242, 14, 1, 'PCS', 131, 5000),
(243, 15, 1, 'PCS', 143, 67000),
(244, 16, 3, 'PCS', 155, 67000),
(245, 17, 4, 'BOX', 80, 55000),
(246, 18, 5, 'DOZ', 98, 12000),
(247, 19, 6, 'PCS', 23, 90000),
(248, 20, 7, 'PCS', 35, 23000),
(249, 21, 8, 'PCS', 47, 35000),
(250, 1, 1, 'BOX', 59, 67000),
(251, 2, 2, 'DOZ', 71, 67000),
(252, 3, 4, 'PCS', 83, 33000),
(253, 4, 5, 'PCS', 23, 23000),
(254, 5, 6, 'PCS', 22, 22000),
(255, 6, 8, 'BOX', 10, 21000),
(256, 7, 9, 'DOZ', 11, 55000),
(257, 8, 1, 'PCS', 23, 45000),
(258, 9, 2, 'PCS', 35, 70000),
(259, 10, 4, 'PCS', 47, 20000),
(260, 11, 7, 'PCS', 59, 22000),
(261, 12, 1, 'PCS', 71, 33000),
(262, 13, 5, 'PCS', 83, 43000),
(263, 14, 5, 'PCS', 95, 70000),
(264, 15, 6, 'PCS', 23, 78000),
(265, 16, 7, 'PCS', 22, 40000),
(266, 17, 9, 'PCS', 10, 34000),
(267, 1, 1, 'PCS', 23, 12000),
(268, 2, 2, 'BOX', 22, 14000),
(269, 3, 3, 'DOZ', 26, 16000),
(270, 4, 4, 'PCS', 11, 70000),
(271, 5, 5, 'PCS', 23, 50000),
(272, 6, 6, 'PCS', 35, 45000),
(273, 7, 7, 'BOX', 47, 56000),
(274, 8, 8, 'DOZ', 59, 24000),
(275, 9, 9, 'PCS', 71, 45000),
(276, 10, 10, 'PCS', 83, 45000),
(277, 11, 11, 'PCS', 95, 56000),
(278, 12, 12, 'BOX', 107, 43000),
(279, 13, 14, 'DOZ', 119, 7000),
(280, 14, 1, 'PCS', 131, 5000),
(281, 15, 1, 'PCS', 143, 67000),
(282, 16, 3, 'PCS', 155, 67000),
(283, 17, 4, 'BOX', 80, 55000),
(284, 18, 5, 'DOZ', 98, 12000),
(285, 19, 6, 'PCS', 23, 90000),
(286, 20, 7, 'PCS', 35, 23000),
(287, 21, 8, 'PCS', 47, 35000),
(288, 1, 1, 'BOX', 59, 67000),
(289, 2, 2, 'DOZ', 71, 67000),
(290, 3, 4, 'PCS', 83, 33000),
(291, 4, 5, 'PCS', 23, 23000),
(292, 5, 6, 'PCS', 22, 22000),
(293, 6, 8, 'BOX', 10, 21000),
(294, 7, 9, 'DOZ', 11, 55000),
(295, 8, 1, 'PCS', 23, 45000),
(296, 9, 2, 'PCS', 35, 70000),
(297, 10, 4, 'PCS', 47, 20000),
(298, 11, 7, 'PCS', 59, 22000),
(299, 12, 1, 'PCS', 71, 33000),
(300, 13, 5, 'PCS', 83, 43000),
(301, 14, 5, 'PCS', 95, 70000),
(302, 15, 6, 'PCS', 23, 78000),
(303, 16, 7, 'PCS', 22, 40000),
(304, 17, 9, 'PCS', 10, 34000),
(305, 1, 1, 'PCS', 23, 12000),
(306, 2, 2, 'BOX', 22, 14000),
(307, 3, 3, 'DOZ', 26, 16000),
(308, 4, 4, 'PCS', 11, 70000),
(309, 5, 5, 'PCS', 23, 50000),
(310, 6, 6, 'PCS', 35, 45000),
(311, 7, 7, 'BOX', 47, 56000),
(312, 8, 8, 'DOZ', 59, 24000),
(313, 9, 9, 'PCS', 71, 45000),
(314, 10, 10, 'PCS', 83, 45000),
(315, 11, 11, 'PCS', 95, 56000),
(316, 12, 12, 'BOX', 107, 43000),
(317, 13, 14, 'DOZ', 119, 7000),
(318, 14, 1, 'PCS', 131, 5000),
(319, 15, 1, 'PCS', 143, 67000),
(320, 16, 3, 'PCS', 155, 67000),
(321, 17, 4, 'BOX', 80, 55000),
(322, 18, 5, 'DOZ', 98, 12000),
(323, 19, 6, 'PCS', 23, 90000),
(324, 20, 7, 'PCS', 35, 23000),
(325, 21, 8, 'PCS', 47, 35000),
(326, 1, 1, 'BOX', 59, 67000),
(327, 2, 2, 'DOZ', 71, 67000),
(328, 3, 4, 'PCS', 83, 33000),
(329, 4, 5, 'PCS', 23, 23000),
(330, 5, 6, 'PCS', 22, 22000),
(331, 6, 8, 'BOX', 10, 21000),
(332, 7, 9, 'DOZ', 11, 55000),
(333, 8, 1, 'PCS', 23, 45000),
(334, 9, 2, 'PCS', 35, 70000),
(335, 10, 4, 'PCS', 47, 20000),
(336, 11, 7, 'PCS', 59, 22000),
(337, 12, 1, 'PCS', 71, 33000),
(338, 13, 5, 'PCS', 83, 43000),
(339, 14, 5, 'PCS', 95, 70000),
(340, 15, 6, 'PCS', 23, 78000),
(341, 16, 7, 'PCS', 22, 40000),
(342, 17, 9, 'PCS', 10, 34000),
(343, 1, 1, 'PCS', 23, 12000),
(344, 2, 2, 'BOX', 22, 14000),
(345, 3, 3, 'DOZ', 26, 16000),
(346, 4, 4, 'PCS', 11, 70000),
(347, 5, 5, 'PCS', 23, 50000),
(348, 6, 6, 'PCS', 35, 45000),
(349, 7, 7, 'BOX', 47, 56000),
(350, 8, 8, 'DOZ', 59, 24000),
(351, 9, 9, 'PCS', 71, 45000),
(352, 10, 10, 'PCS', 83, 45000),
(353, 11, 11, 'PCS', 95, 56000),
(354, 12, 12, 'BOX', 107, 43000),
(355, 13, 14, 'DOZ', 119, 7000),
(356, 14, 1, 'PCS', 131, 5000),
(357, 15, 1, 'PCS', 143, 67000),
(358, 16, 3, 'PCS', 155, 67000),
(359, 17, 4, 'BOX', 80, 55000),
(360, 18, 5, 'DOZ', 98, 12000),
(361, 19, 6, 'PCS', 23, 90000),
(362, 20, 7, 'PCS', 35, 23000),
(363, 21, 8, 'PCS', 47, 35000),
(364, 1, 1, 'BOX', 59, 67000),
(365, 2, 2, 'DOZ', 71, 67000),
(366, 3, 4, 'PCS', 83, 33000),
(367, 4, 5, 'PCS', 23, 23000),
(368, 5, 6, 'PCS', 22, 22000),
(369, 6, 8, 'BOX', 10, 21000),
(370, 7, 9, 'DOZ', 11, 55000),
(371, 8, 1, 'PCS', 23, 45000),
(372, 9, 2, 'PCS', 35, 70000),
(373, 10, 4, 'PCS', 47, 20000),
(374, 11, 7, 'PCS', 59, 22000),
(375, 12, 1, 'PCS', 71, 33000),
(376, 13, 5, 'PCS', 83, 43000),
(377, 14, 5, 'PCS', 95, 70000),
(378, 15, 6, 'PCS', 23, 78000),
(379, 16, 7, 'PCS', 22, 40000),
(380, 17, 9, 'PCS', 10, 34000),
(484, 1, 1, 'PCS', 23, 12000),
(485, 2, 2, 'BOX', 22, 14000),
(486, 3, 3, 'DOZ', 26, 16000),
(487, 4, 4, 'PCS', 11, 70000),
(488, 5, 5, 'PCS', 23, 50000),
(489, 6, 6, 'PCS', 35, 45000),
(490, 7, 7, 'BOX', 47, 56000),
(491, 8, 8, 'DOZ', 59, 24000),
(492, 9, 9, 'PCS', 71, 45000),
(493, 10, 10, 'PCS', 83, 45000),
(494, 11, 11, 'PCS', 95, 56000),
(495, 12, 12, 'BOX', 107, 43000),
(496, 13, 14, 'DOZ', 119, 7000),
(497, 14, 1, 'PCS', 131, 5000),
(498, 15, 1, 'PCS', 143, 67000),
(499, 16, 3, 'PCS', 155, 67000),
(500, 17, 4, 'BOX', 80, 55000),
(501, 18, 5, 'DOZ', 98, 12000),
(502, 19, 6, 'PCS', 23, 90000),
(503, 20, 7, 'PCS', 35, 23000),
(504, 21, 8, 'PCS', 47, 35000),
(505, 1, 1, 'BOX', 59, 67000),
(506, 2, 2, 'DOZ', 71, 67000),
(507, 3, 4, 'PCS', 83, 33000),
(508, 4, 5, 'PCS', 23, 23000),
(509, 5, 6, 'PCS', 22, 22000),
(510, 6, 8, 'BOX', 10, 21000),
(511, 7, 9, 'DOZ', 11, 55000),
(512, 8, 1, 'PCS', 23, 45000),
(513, 9, 2, 'PCS', 35, 70000),
(514, 10, 4, 'PCS', 47, 20000),
(515, 11, 7, 'PCS', 59, 22000),
(516, 12, 1, 'PCS', 71, 33000),
(517, 13, 5, 'PCS', 83, 43000),
(518, 14, 5, 'PCS', 95, 70000),
(519, 15, 6, 'PCS', 23, 78000),
(520, 16, 7, 'PCS', 22, 40000),
(521, 17, 9, 'PCS', 10, 34000),
(522, 1, 1, 'PCS', 23, 12000),
(523, 2, 2, 'BOX', 22, 14000),
(524, 3, 3, 'DOZ', 26, 16000),
(525, 4, 4, 'PCS', 11, 70000),
(526, 5, 5, 'PCS', 23, 50000),
(527, 6, 6, 'PCS', 35, 45000),
(528, 7, 7, 'BOX', 47, 56000),
(529, 8, 8, 'DOZ', 59, 24000),
(530, 9, 9, 'PCS', 71, 45000),
(531, 10, 10, 'PCS', 83, 45000),
(532, 11, 11, 'PCS', 95, 56000),
(533, 12, 12, 'BOX', 107, 43000),
(534, 13, 14, 'DOZ', 119, 7000),
(535, 14, 1, 'PCS', 131, 5000),
(536, 15, 1, 'PCS', 143, 67000),
(537, 16, 3, 'PCS', 155, 67000),
(538, 17, 4, 'BOX', 80, 55000),
(539, 18, 5, 'DOZ', 98, 12000),
(540, 19, 6, 'PCS', 23, 90000),
(541, 20, 7, 'PCS', 35, 23000),
(542, 21, 8, 'PCS', 47, 35000),
(543, 1, 1, 'BOX', 59, 67000),
(544, 2, 2, 'DOZ', 71, 67000),
(545, 3, 4, 'PCS', 83, 33000),
(546, 4, 5, 'PCS', 23, 23000),
(547, 5, 6, 'PCS', 22, 22000),
(548, 6, 8, 'BOX', 10, 21000),
(549, 7, 9, 'DOZ', 11, 55000),
(550, 8, 1, 'PCS', 23, 45000),
(551, 9, 2, 'PCS', 35, 70000),
(552, 10, 4, 'PCS', 47, 20000),
(553, 11, 7, 'PCS', 59, 22000),
(554, 12, 1, 'PCS', 71, 33000),
(555, 13, 5, 'PCS', 83, 43000),
(556, 14, 5, 'PCS', 95, 70000),
(557, 15, 6, 'PCS', 23, 78000),
(558, 16, 7, 'PCS', 22, 40000),
(559, 17, 9, 'PCS', 10, 34000),
(560, 1, 1, 'PCS', 23, 12000),
(561, 2, 2, 'BOX', 22, 14000),
(562, 3, 3, 'DOZ', 26, 16000),
(563, 4, 4, 'PCS', 11, 70000),
(564, 5, 5, 'PCS', 23, 50000),
(565, 6, 6, 'PCS', 35, 45000),
(566, 7, 7, 'BOX', 47, 56000),
(567, 8, 8, 'DOZ', 59, 24000),
(568, 9, 9, 'PCS', 71, 45000),
(569, 10, 10, 'PCS', 83, 45000),
(570, 11, 11, 'PCS', 95, 56000),
(571, 12, 12, 'BOX', 107, 43000),
(572, 13, 14, 'DOZ', 119, 7000),
(573, 14, 1, 'PCS', 131, 5000),
(574, 15, 1, 'PCS', 143, 67000),
(575, 16, 3, 'PCS', 155, 67000),
(576, 17, 4, 'BOX', 80, 55000),
(577, 18, 5, 'DOZ', 98, 12000),
(578, 19, 6, 'PCS', 23, 90000),
(579, 20, 7, 'PCS', 35, 23000),
(580, 21, 8, 'PCS', 47, 35000),
(581, 1, 1, 'BOX', 59, 67000),
(582, 2, 2, 'DOZ', 71, 67000),
(583, 3, 4, 'PCS', 83, 33000),
(584, 4, 5, 'PCS', 23, 23000),
(585, 5, 6, 'PCS', 22, 22000),
(586, 6, 8, 'BOX', 10, 21000),
(587, 7, 9, 'DOZ', 11, 55000),
(588, 8, 1, 'PCS', 23, 45000),
(589, 9, 2, 'PCS', 35, 70000),
(590, 10, 4, 'PCS', 47, 20000),
(591, 11, 7, 'PCS', 59, 22000),
(592, 12, 1, 'PCS', 71, 33000),
(593, 13, 5, 'PCS', 83, 43000),
(594, 14, 5, 'PCS', 95, 70000),
(595, 15, 6, 'PCS', 23, 78000),
(596, 16, 7, 'PCS', 22, 40000),
(597, 17, 9, 'PCS', 10, 34000),
(598, 1, 1, 'PCS', 23, 12000),
(599, 2, 2, 'BOX', 22, 14000),
(600, 3, 3, 'DOZ', 26, 16000),
(601, 4, 4, 'PCS', 11, 70000),
(602, 5, 5, 'PCS', 23, 50000),
(603, 6, 6, 'PCS', 35, 45000),
(604, 7, 7, 'BOX', 47, 56000),
(605, 8, 8, 'DOZ', 59, 24000),
(606, 9, 9, 'PCS', 71, 45000),
(607, 10, 10, 'PCS', 83, 45000),
(608, 11, 11, 'PCS', 95, 56000),
(609, 12, 12, 'BOX', 107, 43000),
(610, 13, 14, 'DOZ', 119, 7000),
(611, 14, 1, 'PCS', 131, 5000),
(612, 15, 1, 'PCS', 143, 67000),
(613, 16, 3, 'PCS', 155, 67000),
(614, 17, 4, 'BOX', 80, 55000),
(615, 18, 5, 'DOZ', 98, 12000),
(616, 19, 6, 'PCS', 23, 90000),
(617, 20, 7, 'PCS', 35, 23000),
(618, 21, 8, 'PCS', 47, 35000),
(619, 1, 1, 'BOX', 59, 67000),
(620, 2, 2, 'DOZ', 71, 67000),
(621, 3, 4, 'PCS', 83, 33000),
(622, 4, 5, 'PCS', 23, 23000),
(623, 5, 6, 'PCS', 22, 22000),
(624, 6, 8, 'BOX', 10, 21000),
(625, 7, 9, 'DOZ', 11, 55000),
(626, 8, 1, 'PCS', 23, 45000),
(627, 9, 2, 'PCS', 35, 70000),
(628, 10, 4, 'PCS', 47, 20000),
(629, 11, 7, 'PCS', 59, 22000),
(630, 12, 1, 'PCS', 71, 33000),
(631, 13, 5, 'PCS', 83, 43000),
(632, 14, 5, 'PCS', 95, 70000),
(633, 15, 6, 'PCS', 23, 78000),
(634, 16, 7, 'PCS', 22, 40000),
(635, 17, 9, 'PCS', 10, 34000),
(636, 1, 1, 'PCS', 23, 12000),
(637, 2, 2, 'BOX', 22, 14000),
(638, 3, 3, 'DOZ', 26, 16000),
(639, 4, 4, 'PCS', 11, 70000),
(640, 5, 5, 'PCS', 23, 50000),
(641, 6, 6, 'PCS', 35, 45000),
(642, 7, 7, 'BOX', 47, 56000),
(643, 8, 8, 'DOZ', 59, 24000),
(644, 9, 9, 'PCS', 71, 45000),
(645, 10, 10, 'PCS', 83, 45000),
(646, 11, 11, 'PCS', 95, 56000),
(647, 12, 12, 'BOX', 107, 43000),
(648, 13, 14, 'DOZ', 119, 7000),
(649, 14, 1, 'PCS', 131, 5000),
(650, 15, 1, 'PCS', 143, 67000),
(651, 16, 3, 'PCS', 155, 67000),
(652, 17, 4, 'BOX', 80, 55000),
(653, 18, 5, 'DOZ', 98, 12000),
(654, 19, 6, 'PCS', 23, 90000),
(655, 20, 7, 'PCS', 35, 23000),
(656, 21, 8, 'PCS', 47, 35000),
(657, 1, 1, 'BOX', 59, 67000),
(658, 2, 2, 'DOZ', 71, 67000),
(659, 3, 4, 'PCS', 83, 33000),
(660, 4, 5, 'PCS', 23, 23000),
(661, 5, 6, 'PCS', 22, 22000),
(662, 6, 8, 'BOX', 10, 21000),
(663, 7, 9, 'DOZ', 11, 55000),
(664, 8, 1, 'PCS', 23, 45000),
(665, 9, 2, 'PCS', 35, 70000),
(666, 10, 4, 'PCS', 47, 20000),
(667, 11, 7, 'PCS', 59, 22000),
(668, 12, 1, 'PCS', 71, 33000),
(669, 13, 5, 'PCS', 83, 43000),
(670, 14, 5, 'PCS', 95, 70000),
(671, 15, 6, 'PCS', 23, 78000),
(672, 16, 7, 'PCS', 22, 40000),
(673, 17, 9, 'PCS', 10, 34000),
(674, 1, 1, 'PCS', 23, 12000),
(675, 2, 2, 'BOX', 22, 14000),
(676, 3, 3, 'DOZ', 26, 16000),
(677, 4, 4, 'PCS', 11, 70000),
(678, 5, 5, 'PCS', 23, 50000),
(679, 6, 6, 'PCS', 35, 45000),
(680, 7, 7, 'BOX', 47, 56000),
(681, 8, 8, 'DOZ', 59, 24000),
(682, 9, 9, 'PCS', 71, 45000),
(683, 10, 10, 'PCS', 83, 45000),
(684, 11, 11, 'PCS', 95, 56000),
(685, 12, 12, 'BOX', 107, 43000),
(686, 13, 14, 'DOZ', 119, 7000),
(687, 14, 1, 'PCS', 131, 5000),
(688, 15, 1, 'PCS', 143, 67000),
(689, 16, 3, 'PCS', 155, 67000),
(690, 17, 4, 'BOX', 80, 55000),
(691, 18, 5, 'DOZ', 98, 12000),
(692, 19, 6, 'PCS', 23, 90000),
(693, 20, 7, 'PCS', 35, 23000),
(694, 21, 8, 'PCS', 47, 35000),
(695, 1, 1, 'BOX', 59, 67000),
(696, 2, 2, 'DOZ', 71, 67000),
(697, 3, 4, 'PCS', 83, 33000),
(698, 4, 5, 'PCS', 23, 23000),
(699, 5, 6, 'PCS', 22, 22000),
(700, 6, 8, 'BOX', 10, 21000),
(701, 7, 9, 'DOZ', 11, 55000),
(702, 8, 1, 'PCS', 23, 45000),
(703, 9, 2, 'PCS', 35, 70000),
(704, 10, 4, 'PCS', 47, 20000),
(705, 11, 7, 'PCS', 59, 22000),
(706, 12, 1, 'PCS', 71, 33000),
(707, 13, 5, 'PCS', 83, 43000),
(708, 14, 5, 'PCS', 95, 70000),
(709, 15, 6, 'PCS', 23, 78000),
(710, 16, 7, 'PCS', 22, 40000),
(711, 17, 9, 'PCS', 10, 34000),
(712, 1, 1, 'PCS', 23, 12000),
(713, 2, 2, 'BOX', 22, 14000),
(714, 3, 3, 'DOZ', 26, 16000),
(715, 4, 4, 'PCS', 11, 70000),
(716, 5, 5, 'PCS', 23, 50000),
(717, 6, 6, 'PCS', 35, 45000),
(718, 7, 7, 'BOX', 47, 56000),
(719, 8, 8, 'DOZ', 59, 24000),
(720, 9, 9, 'PCS', 71, 45000),
(721, 10, 10, 'PCS', 83, 45000),
(722, 11, 11, 'PCS', 95, 56000),
(723, 12, 12, 'BOX', 107, 43000),
(724, 13, 14, 'DOZ', 119, 7000),
(725, 14, 1, 'PCS', 131, 5000),
(726, 15, 1, 'PCS', 143, 67000),
(727, 16, 3, 'PCS', 155, 67000),
(728, 17, 4, 'BOX', 80, 55000),
(729, 18, 5, 'DOZ', 98, 12000),
(730, 19, 6, 'PCS', 23, 90000),
(731, 20, 7, 'PCS', 35, 23000),
(732, 21, 8, 'PCS', 47, 35000),
(733, 1, 1, 'BOX', 59, 67000),
(734, 2, 2, 'DOZ', 71, 67000),
(735, 3, 4, 'PCS', 83, 33000),
(736, 4, 5, 'PCS', 23, 23000),
(737, 5, 6, 'PCS', 22, 22000),
(738, 6, 8, 'BOX', 10, 21000),
(739, 7, 9, 'DOZ', 11, 55000),
(740, 8, 1, 'PCS', 23, 45000),
(741, 9, 2, 'PCS', 35, 70000),
(742, 10, 4, 'PCS', 47, 20000),
(743, 11, 7, 'PCS', 59, 22000),
(744, 12, 1, 'PCS', 71, 33000),
(745, 13, 5, 'PCS', 83, 43000),
(746, 14, 5, 'PCS', 95, 70000),
(747, 15, 6, 'PCS', 23, 78000),
(748, 16, 7, 'PCS', 22, 40000),
(749, 17, 9, 'PCS', 10, 34000),
(750, 1, 1, 'PCS', 23, 12000),
(751, 2, 2, 'BOX', 22, 14000),
(752, 3, 3, 'DOZ', 26, 16000),
(753, 4, 4, 'PCS', 11, 70000),
(754, 5, 5, 'PCS', 23, 50000),
(755, 6, 6, 'PCS', 35, 45000),
(756, 7, 7, 'BOX', 47, 56000),
(757, 8, 8, 'DOZ', 59, 24000),
(758, 9, 9, 'PCS', 71, 45000),
(759, 10, 10, 'PCS', 83, 45000),
(760, 11, 11, 'PCS', 95, 56000),
(761, 12, 12, 'BOX', 107, 43000),
(762, 13, 14, 'DOZ', 119, 7000),
(763, 14, 1, 'PCS', 131, 5000),
(764, 15, 1, 'PCS', 143, 67000),
(765, 16, 3, 'PCS', 155, 67000),
(766, 17, 4, 'BOX', 80, 55000),
(767, 18, 5, 'DOZ', 98, 12000),
(768, 19, 6, 'PCS', 23, 90000),
(769, 20, 7, 'PCS', 35, 23000),
(770, 21, 8, 'PCS', 47, 35000),
(771, 1, 1, 'BOX', 59, 67000),
(772, 2, 2, 'DOZ', 71, 67000),
(773, 3, 4, 'PCS', 83, 33000),
(774, 4, 5, 'PCS', 23, 23000),
(775, 5, 6, 'PCS', 22, 22000),
(776, 6, 8, 'BOX', 10, 21000),
(777, 7, 9, 'DOZ', 11, 55000),
(778, 8, 1, 'PCS', 23, 45000),
(779, 9, 2, 'PCS', 35, 70000),
(780, 10, 4, 'PCS', 47, 20000),
(781, 11, 7, 'PCS', 59, 22000),
(782, 12, 1, 'PCS', 71, 33000),
(783, 13, 5, 'PCS', 83, 43000),
(784, 14, 5, 'PCS', 95, 70000),
(785, 15, 6, 'PCS', 23, 78000),
(786, 16, 7, 'PCS', 22, 40000),
(787, 17, 9, 'PCS', 10, 34000),
(995, 1, 1, 'PCS', 23, 12000),
(996, 2, 2, 'BOX', 22, 14000),
(997, 3, 3, 'DOZ', 26, 16000),
(998, 4, 4, 'PCS', 11, 70000),
(999, 5, 5, 'PCS', 23, 50000),
(1000, 6, 6, 'PCS', 35, 45000),
(1001, 7, 7, 'BOX', 47, 56000),
(1002, 8, 8, 'DOZ', 59, 24000),
(1003, 9, 9, 'PCS', 71, 45000),
(1004, 10, 10, 'PCS', 83, 45000),
(1005, 11, 11, 'PCS', 95, 56000),
(1006, 12, 12, 'BOX', 107, 43000),
(1007, 13, 14, 'DOZ', 119, 7000),
(1008, 14, 1, 'PCS', 131, 5000),
(1009, 15, 1, 'PCS', 143, 67000),
(1010, 16, 3, 'PCS', 155, 67000),
(1011, 17, 4, 'BOX', 80, 55000),
(1012, 18, 5, 'DOZ', 98, 12000),
(1013, 19, 6, 'PCS', 23, 90000),
(1014, 20, 7, 'PCS', 35, 23000),
(1015, 21, 8, 'PCS', 47, 35000),
(1016, 1, 1, 'BOX', 59, 67000),
(1017, 2, 2, 'DOZ', 71, 67000),
(1018, 3, 4, 'PCS', 83, 33000),
(1019, 4, 5, 'PCS', 23, 23000),
(1020, 5, 6, 'PCS', 22, 22000),
(1021, 6, 8, 'BOX', 10, 21000),
(1022, 7, 9, 'DOZ', 11, 55000),
(1023, 8, 1, 'PCS', 23, 45000),
(1024, 9, 2, 'PCS', 35, 70000),
(1025, 10, 4, 'PCS', 47, 20000),
(1026, 11, 7, 'PCS', 59, 22000),
(1027, 12, 1, 'PCS', 71, 33000),
(1028, 13, 5, 'PCS', 83, 43000),
(1029, 14, 5, 'PCS', 95, 70000),
(1030, 15, 6, 'PCS', 23, 78000),
(1031, 16, 7, 'PCS', 22, 40000),
(1032, 17, 9, 'PCS', 10, 34000),
(1033, 1, 1, 'PCS', 23, 12000),
(1034, 2, 2, 'BOX', 22, 14000),
(1035, 3, 3, 'DOZ', 26, 16000),
(1036, 4, 4, 'PCS', 11, 70000),
(1037, 5, 5, 'PCS', 23, 50000),
(1038, 6, 6, 'PCS', 35, 45000),
(1039, 7, 7, 'BOX', 47, 56000),
(1040, 8, 8, 'DOZ', 59, 24000),
(1041, 9, 9, 'PCS', 71, 45000),
(1042, 10, 10, 'PCS', 83, 45000),
(1043, 11, 11, 'PCS', 95, 56000),
(1044, 12, 12, 'BOX', 107, 43000),
(1045, 13, 14, 'DOZ', 119, 7000),
(1046, 14, 1, 'PCS', 131, 5000),
(1047, 15, 1, 'PCS', 143, 67000),
(1048, 16, 3, 'PCS', 155, 67000),
(1049, 17, 4, 'BOX', 80, 55000),
(1050, 18, 5, 'DOZ', 98, 12000),
(1051, 19, 6, 'PCS', 23, 90000),
(1052, 20, 7, 'PCS', 35, 23000),
(1053, 21, 8, 'PCS', 47, 35000),
(1054, 1, 1, 'BOX', 59, 67000),
(1055, 2, 2, 'DOZ', 71, 67000),
(1056, 3, 4, 'PCS', 83, 33000),
(1057, 4, 5, 'PCS', 23, 23000),
(1058, 5, 6, 'PCS', 22, 22000),
(1059, 6, 8, 'BOX', 10, 21000),
(1060, 7, 9, 'DOZ', 11, 55000),
(1061, 8, 1, 'PCS', 23, 45000),
(1062, 9, 2, 'PCS', 35, 70000),
(1063, 10, 4, 'PCS', 47, 20000),
(1064, 11, 7, 'PCS', 59, 22000),
(1065, 12, 1, 'PCS', 71, 33000),
(1066, 13, 5, 'PCS', 83, 43000),
(1067, 14, 5, 'PCS', 95, 70000),
(1068, 15, 6, 'PCS', 23, 78000),
(1069, 16, 7, 'PCS', 22, 40000),
(1070, 17, 9, 'PCS', 10, 34000),
(1071, 1, 1, 'PCS', 23, 12000),
(1072, 2, 2, 'BOX', 22, 14000),
(1073, 3, 3, 'DOZ', 26, 16000),
(1074, 4, 4, 'PCS', 11, 70000),
(1075, 5, 5, 'PCS', 23, 50000),
(1076, 6, 6, 'PCS', 35, 45000),
(1077, 7, 7, 'BOX', 47, 56000),
(1078, 8, 8, 'DOZ', 59, 24000),
(1079, 9, 9, 'PCS', 71, 45000),
(1080, 10, 10, 'PCS', 83, 45000),
(1081, 11, 11, 'PCS', 95, 56000),
(1082, 12, 12, 'BOX', 107, 43000),
(1083, 13, 14, 'DOZ', 119, 7000),
(1084, 14, 1, 'PCS', 131, 5000),
(1085, 15, 1, 'PCS', 143, 67000),
(1086, 16, 3, 'PCS', 155, 67000),
(1087, 17, 4, 'BOX', 80, 55000),
(1088, 18, 5, 'DOZ', 98, 12000),
(1089, 19, 6, 'PCS', 23, 90000),
(1090, 20, 7, 'PCS', 35, 23000),
(1091, 21, 8, 'PCS', 47, 35000),
(1092, 1, 1, 'BOX', 59, 67000),
(1093, 2, 2, 'DOZ', 71, 67000),
(1094, 3, 4, 'PCS', 83, 33000),
(1095, 4, 5, 'PCS', 23, 23000),
(1096, 5, 6, 'PCS', 22, 22000),
(1097, 6, 8, 'BOX', 10, 21000),
(1098, 7, 9, 'DOZ', 11, 55000),
(1099, 8, 1, 'PCS', 23, 45000),
(1100, 9, 2, 'PCS', 35, 70000),
(1101, 10, 4, 'PCS', 47, 20000),
(1102, 11, 7, 'PCS', 59, 22000),
(1103, 12, 1, 'PCS', 71, 33000),
(1104, 13, 5, 'PCS', 83, 43000),
(1105, 14, 5, 'PCS', 95, 70000),
(1106, 15, 6, 'PCS', 23, 78000),
(1107, 16, 7, 'PCS', 22, 40000),
(1108, 17, 9, 'PCS', 10, 34000),
(1109, 1, 1, 'PCS', 23, 12000),
(1110, 2, 2, 'BOX', 22, 14000),
(1111, 3, 3, 'DOZ', 26, 16000),
(1112, 4, 4, 'PCS', 11, 70000),
(1113, 5, 5, 'PCS', 23, 50000),
(1114, 6, 6, 'PCS', 35, 45000),
(1115, 7, 7, 'BOX', 47, 56000),
(1116, 8, 8, 'DOZ', 59, 24000),
(1117, 9, 9, 'PCS', 71, 45000),
(1118, 10, 10, 'PCS', 83, 45000),
(1119, 11, 11, 'PCS', 95, 56000),
(1120, 12, 12, 'BOX', 107, 43000),
(1121, 13, 14, 'DOZ', 119, 7000),
(1122, 14, 1, 'PCS', 131, 5000),
(1123, 15, 1, 'PCS', 143, 67000),
(1124, 16, 3, 'PCS', 155, 67000),
(1125, 17, 4, 'BOX', 80, 55000),
(1126, 18, 5, 'DOZ', 98, 12000),
(1127, 19, 6, 'PCS', 23, 90000),
(1128, 20, 7, 'PCS', 35, 23000),
(1129, 21, 8, 'PCS', 47, 35000),
(1130, 1, 1, 'BOX', 59, 67000),
(1131, 2, 2, 'DOZ', 71, 67000),
(1132, 3, 4, 'PCS', 83, 33000),
(1133, 4, 5, 'PCS', 23, 23000),
(1134, 5, 6, 'PCS', 22, 22000),
(1135, 6, 8, 'BOX', 10, 21000),
(1136, 7, 9, 'DOZ', 11, 55000),
(1137, 8, 1, 'PCS', 23, 45000),
(1138, 9, 2, 'PCS', 35, 70000),
(1139, 10, 4, 'PCS', 47, 20000),
(1140, 11, 7, 'PCS', 59, 22000),
(1141, 12, 1, 'PCS', 71, 33000),
(1142, 13, 5, 'PCS', 83, 43000),
(1143, 14, 5, 'PCS', 95, 70000),
(1144, 15, 6, 'PCS', 23, 78000),
(1145, 16, 7, 'PCS', 22, 40000),
(1146, 17, 9, 'PCS', 10, 34000),
(1147, 1, 1, 'PCS', 23, 12000),
(1148, 2, 2, 'BOX', 22, 14000),
(1149, 3, 3, 'DOZ', 26, 16000),
(1150, 4, 4, 'PCS', 11, 70000),
(1151, 5, 5, 'PCS', 23, 50000),
(1152, 6, 6, 'PCS', 35, 45000),
(1153, 7, 7, 'BOX', 47, 56000),
(1154, 8, 8, 'DOZ', 59, 24000),
(1155, 9, 9, 'PCS', 71, 45000),
(1156, 10, 10, 'PCS', 83, 45000),
(1157, 11, 11, 'PCS', 95, 56000),
(1158, 12, 12, 'BOX', 107, 43000),
(1159, 13, 14, 'DOZ', 119, 7000),
(1160, 14, 1, 'PCS', 131, 5000),
(1161, 15, 1, 'PCS', 143, 67000),
(1162, 16, 3, 'PCS', 155, 67000),
(1163, 17, 4, 'BOX', 80, 55000),
(1164, 18, 5, 'DOZ', 98, 12000),
(1165, 19, 6, 'PCS', 23, 90000),
(1166, 20, 7, 'PCS', 35, 23000),
(1167, 21, 8, 'PCS', 47, 35000),
(1168, 1, 1, 'BOX', 59, 67000),
(1169, 2, 2, 'DOZ', 71, 67000),
(1170, 3, 4, 'PCS', 83, 33000),
(1171, 4, 5, 'PCS', 23, 23000),
(1172, 5, 6, 'PCS', 22, 22000),
(1173, 6, 8, 'BOX', 10, 21000),
(1174, 7, 9, 'DOZ', 11, 55000),
(1175, 8, 1, 'PCS', 23, 45000),
(1176, 9, 2, 'PCS', 35, 70000),
(1177, 10, 4, 'PCS', 47, 20000),
(1178, 11, 7, 'PCS', 59, 22000),
(1179, 12, 1, 'PCS', 71, 33000),
(1180, 13, 5, 'PCS', 83, 43000),
(1181, 14, 5, 'PCS', 95, 70000),
(1182, 15, 6, 'PCS', 23, 78000),
(1183, 16, 7, 'PCS', 22, 40000),
(1184, 17, 9, 'PCS', 10, 34000),
(1185, 1, 1, 'PCS', 23, 12000),
(1186, 2, 2, 'BOX', 22, 14000),
(1187, 3, 3, 'DOZ', 26, 16000),
(1188, 4, 4, 'PCS', 11, 70000),
(1189, 5, 5, 'PCS', 23, 50000),
(1190, 6, 6, 'PCS', 35, 45000),
(1191, 7, 7, 'BOX', 47, 56000),
(1192, 8, 8, 'DOZ', 59, 24000),
(1193, 9, 9, 'PCS', 71, 45000),
(1194, 10, 10, 'PCS', 83, 45000),
(1195, 11, 11, 'PCS', 95, 56000),
(1196, 12, 12, 'BOX', 107, 43000),
(1197, 13, 14, 'DOZ', 119, 7000),
(1198, 14, 1, 'PCS', 131, 5000),
(1199, 15, 1, 'PCS', 143, 67000),
(1200, 16, 3, 'PCS', 155, 67000),
(1201, 17, 4, 'BOX', 80, 55000),
(1202, 18, 5, 'DOZ', 98, 12000),
(1203, 19, 6, 'PCS', 23, 90000),
(1204, 20, 7, 'PCS', 35, 23000),
(1205, 21, 8, 'PCS', 47, 35000),
(1206, 1, 1, 'BOX', 59, 67000),
(1207, 2, 2, 'DOZ', 71, 67000),
(1208, 3, 4, 'PCS', 83, 33000),
(1209, 4, 5, 'PCS', 23, 23000),
(1210, 5, 6, 'PCS', 22, 22000),
(1211, 6, 8, 'BOX', 10, 21000),
(1212, 7, 9, 'DOZ', 11, 55000),
(1213, 8, 1, 'PCS', 23, 45000),
(1214, 9, 2, 'PCS', 35, 70000),
(1215, 10, 4, 'PCS', 47, 20000),
(1216, 11, 7, 'PCS', 59, 22000),
(1217, 12, 1, 'PCS', 71, 33000),
(1218, 13, 5, 'PCS', 83, 43000),
(1219, 14, 5, 'PCS', 95, 70000),
(1220, 15, 6, 'PCS', 23, 78000),
(1221, 16, 7, 'PCS', 22, 40000),
(1222, 17, 9, 'PCS', 10, 34000),
(1223, 1, 1, 'PCS', 23, 12000),
(1224, 2, 2, 'BOX', 22, 14000),
(1225, 3, 3, 'DOZ', 26, 16000),
(1226, 4, 4, 'PCS', 11, 70000),
(1227, 5, 5, 'PCS', 23, 50000),
(1228, 6, 6, 'PCS', 35, 45000),
(1229, 7, 7, 'BOX', 47, 56000),
(1230, 8, 8, 'DOZ', 59, 24000),
(1231, 9, 9, 'PCS', 71, 45000),
(1232, 10, 10, 'PCS', 83, 45000),
(1233, 11, 11, 'PCS', 95, 56000),
(1234, 12, 12, 'BOX', 107, 43000),
(1235, 13, 14, 'DOZ', 119, 7000),
(1236, 14, 1, 'PCS', 131, 5000),
(1237, 15, 1, 'PCS', 143, 67000),
(1238, 16, 3, 'PCS', 155, 67000),
(1239, 17, 4, 'BOX', 80, 55000),
(1240, 18, 5, 'DOZ', 98, 12000),
(1241, 19, 6, 'PCS', 23, 90000),
(1242, 20, 7, 'PCS', 35, 23000),
(1243, 21, 8, 'PCS', 47, 35000),
(1244, 1, 1, 'BOX', 59, 67000),
(1245, 2, 2, 'DOZ', 71, 67000),
(1246, 3, 4, 'PCS', 83, 33000),
(1247, 4, 5, 'PCS', 23, 23000),
(1248, 5, 6, 'PCS', 22, 22000),
(1249, 6, 8, 'BOX', 10, 21000),
(1250, 7, 9, 'DOZ', 11, 55000),
(1251, 8, 1, 'PCS', 23, 45000),
(1252, 9, 2, 'PCS', 35, 70000),
(1253, 10, 4, 'PCS', 47, 20000),
(1254, 11, 7, 'PCS', 59, 22000),
(1255, 12, 1, 'PCS', 71, 33000),
(1256, 13, 5, 'PCS', 83, 43000),
(1257, 14, 5, 'PCS', 95, 70000),
(1258, 15, 6, 'PCS', 23, 78000),
(1259, 16, 7, 'PCS', 22, 40000),
(1260, 17, 9, 'PCS', 10, 34000),
(1261, 1, 1, 'PCS', 23, 12000),
(1262, 2, 2, 'BOX', 22, 14000),
(1263, 3, 3, 'DOZ', 26, 16000),
(1264, 4, 4, 'PCS', 11, 70000),
(1265, 5, 5, 'PCS', 23, 50000),
(1266, 6, 6, 'PCS', 35, 45000),
(1267, 7, 7, 'BOX', 47, 56000),
(1268, 8, 8, 'DOZ', 59, 24000),
(1269, 9, 9, 'PCS', 71, 45000),
(1270, 10, 10, 'PCS', 83, 45000),
(1271, 11, 11, 'PCS', 95, 56000),
(1272, 12, 12, 'BOX', 107, 43000),
(1273, 13, 14, 'DOZ', 119, 7000),
(1274, 14, 1, 'PCS', 131, 5000),
(1275, 15, 1, 'PCS', 143, 67000),
(1276, 16, 3, 'PCS', 155, 67000),
(1277, 17, 4, 'BOX', 80, 55000),
(1278, 18, 5, 'DOZ', 98, 12000),
(1279, 19, 6, 'PCS', 23, 90000),
(1280, 20, 7, 'PCS', 35, 23000),
(1281, 21, 8, 'PCS', 47, 35000),
(1282, 1, 1, 'BOX', 59, 67000),
(1283, 2, 2, 'DOZ', 71, 67000),
(1284, 3, 4, 'PCS', 83, 33000),
(1285, 4, 5, 'PCS', 23, 23000),
(1286, 5, 6, 'PCS', 22, 22000),
(1287, 6, 8, 'BOX', 10, 21000),
(1288, 7, 9, 'DOZ', 11, 55000),
(1289, 8, 1, 'PCS', 23, 45000),
(1290, 9, 2, 'PCS', 35, 70000),
(1291, 10, 4, 'PCS', 47, 20000),
(1292, 11, 7, 'PCS', 59, 22000),
(1293, 12, 1, 'PCS', 71, 33000),
(1294, 13, 5, 'PCS', 83, 43000),
(1295, 14, 5, 'PCS', 95, 70000),
(1296, 15, 6, 'PCS', 23, 78000),
(1297, 16, 7, 'PCS', 22, 40000),
(1298, 17, 9, 'PCS', 10, 34000),
(1299, 1, 1, 'PCS', 23, 12000),
(1300, 2, 2, 'BOX', 22, 14000),
(1301, 3, 3, 'DOZ', 26, 16000),
(1302, 4, 4, 'PCS', 11, 70000),
(1303, 5, 5, 'PCS', 23, 50000),
(1304, 6, 6, 'PCS', 35, 45000),
(1305, 7, 7, 'BOX', 47, 56000),
(1306, 8, 8, 'DOZ', 59, 24000),
(1307, 9, 9, 'PCS', 71, 45000),
(1308, 10, 10, 'PCS', 83, 45000),
(1309, 11, 11, 'PCS', 95, 56000),
(1310, 12, 12, 'BOX', 107, 43000),
(1311, 13, 14, 'DOZ', 119, 7000),
(1312, 14, 1, 'PCS', 131, 5000),
(1313, 15, 1, 'PCS', 143, 67000),
(1314, 16, 3, 'PCS', 155, 67000),
(1315, 17, 4, 'BOX', 80, 55000),
(1316, 18, 5, 'DOZ', 98, 12000),
(1317, 19, 6, 'PCS', 23, 90000),
(1318, 20, 7, 'PCS', 35, 23000),
(1319, 21, 8, 'PCS', 47, 35000),
(1320, 1, 1, 'BOX', 59, 67000),
(1321, 2, 2, 'DOZ', 71, 67000),
(1322, 3, 4, 'PCS', 83, 33000),
(1323, 4, 5, 'PCS', 23, 23000),
(1324, 5, 6, 'PCS', 22, 22000),
(1325, 6, 8, 'BOX', 10, 21000),
(1326, 7, 9, 'DOZ', 11, 55000),
(1327, 8, 1, 'PCS', 23, 45000),
(1328, 9, 2, 'PCS', 35, 70000),
(1329, 10, 4, 'PCS', 47, 20000),
(1330, 11, 7, 'PCS', 59, 22000),
(1331, 12, 1, 'PCS', 71, 33000),
(1332, 13, 5, 'PCS', 83, 43000),
(1333, 14, 5, 'PCS', 95, 70000),
(1334, 15, 6, 'PCS', 23, 78000),
(1335, 16, 7, 'PCS', 22, 40000),
(1336, 17, 9, 'PCS', 10, 34000),
(1337, 1, 1, 'PCS', 23, 12000),
(1338, 2, 2, 'BOX', 22, 14000),
(1339, 3, 3, 'DOZ', 26, 16000),
(1340, 4, 4, 'PCS', 11, 70000),
(1341, 5, 5, 'PCS', 23, 50000),
(1342, 6, 6, 'PCS', 35, 45000),
(1343, 7, 7, 'BOX', 47, 56000),
(1344, 8, 8, 'DOZ', 59, 24000),
(1345, 9, 9, 'PCS', 71, 45000),
(1346, 10, 10, 'PCS', 83, 45000),
(1347, 11, 11, 'PCS', 95, 56000),
(1348, 12, 12, 'BOX', 107, 43000),
(1349, 13, 14, 'DOZ', 119, 7000),
(1350, 14, 1, 'PCS', 131, 5000),
(1351, 15, 1, 'PCS', 143, 67000),
(1352, 16, 3, 'PCS', 155, 67000),
(1353, 17, 4, 'BOX', 80, 55000),
(1354, 18, 5, 'DOZ', 98, 12000),
(1355, 19, 6, 'PCS', 23, 90000),
(1356, 20, 7, 'PCS', 35, 23000),
(1357, 21, 8, 'PCS', 47, 35000),
(1358, 1, 1, 'BOX', 59, 67000),
(1359, 2, 2, 'DOZ', 71, 67000),
(1360, 3, 4, 'PCS', 83, 33000),
(1361, 4, 5, 'PCS', 23, 23000),
(1362, 5, 6, 'PCS', 22, 22000),
(1363, 6, 8, 'BOX', 10, 21000),
(1364, 7, 9, 'DOZ', 11, 55000),
(1365, 8, 1, 'PCS', 23, 45000),
(1366, 9, 2, 'PCS', 35, 70000),
(1367, 10, 4, 'PCS', 47, 20000),
(1368, 11, 7, 'PCS', 59, 22000),
(1369, 12, 1, 'PCS', 71, 33000),
(1370, 13, 5, 'PCS', 83, 43000),
(1371, 14, 5, 'PCS', 95, 70000),
(1372, 15, 6, 'PCS', 23, 78000),
(1373, 16, 7, 'PCS', 22, 40000),
(1374, 17, 9, 'PCS', 10, 34000),
(1375, 1, 1, 'PCS', 23, 12000),
(1376, 2, 2, 'BOX', 22, 14000),
(1377, 3, 3, 'DOZ', 26, 16000),
(1378, 4, 4, 'PCS', 11, 70000),
(1379, 5, 5, 'PCS', 23, 50000),
(1380, 6, 6, 'PCS', 35, 45000),
(1381, 7, 7, 'BOX', 47, 56000),
(1382, 8, 8, 'DOZ', 59, 24000),
(1383, 9, 9, 'PCS', 71, 45000),
(1384, 10, 10, 'PCS', 83, 45000),
(1385, 11, 11, 'PCS', 95, 56000),
(1386, 12, 12, 'BOX', 107, 43000),
(1387, 13, 14, 'DOZ', 119, 7000),
(1388, 14, 1, 'PCS', 131, 5000),
(1389, 15, 1, 'PCS', 143, 67000),
(1390, 16, 3, 'PCS', 155, 67000),
(1391, 17, 4, 'BOX', 80, 55000),
(1392, 18, 5, 'DOZ', 98, 12000),
(1393, 19, 6, 'PCS', 23, 90000),
(1394, 20, 7, 'PCS', 35, 23000),
(1395, 21, 8, 'PCS', 47, 35000),
(1396, 1, 1, 'BOX', 59, 67000),
(1397, 2, 2, 'DOZ', 71, 67000),
(1398, 3, 4, 'PCS', 83, 33000),
(1399, 4, 5, 'PCS', 23, 23000),
(1400, 5, 6, 'PCS', 22, 22000),
(1401, 6, 8, 'BOX', 10, 21000),
(1402, 7, 9, 'DOZ', 11, 55000),
(1403, 8, 1, 'PCS', 23, 45000),
(1404, 9, 2, 'PCS', 35, 70000),
(1405, 10, 4, 'PCS', 47, 20000),
(1406, 11, 7, 'PCS', 59, 22000),
(1407, 12, 1, 'PCS', 71, 33000),
(1408, 13, 5, 'PCS', 83, 43000),
(1409, 14, 5, 'PCS', 95, 70000),
(1410, 15, 6, 'PCS', 23, 78000),
(1411, 16, 7, 'PCS', 22, 40000),
(1412, 17, 9, 'PCS', 10, 34000),
(1413, 1, 1, 'PCS', 23, 12000),
(1414, 2, 2, 'BOX', 22, 14000),
(1415, 3, 3, 'DOZ', 26, 16000),
(1416, 4, 4, 'PCS', 11, 70000),
(1417, 5, 5, 'PCS', 23, 50000),
(1418, 6, 6, 'PCS', 35, 45000),
(1419, 7, 7, 'BOX', 47, 56000),
(1420, 8, 8, 'DOZ', 59, 24000),
(1421, 9, 9, 'PCS', 71, 45000),
(1422, 10, 10, 'PCS', 83, 45000),
(1423, 11, 11, 'PCS', 95, 56000),
(1424, 12, 12, 'BOX', 107, 43000),
(1425, 13, 14, 'DOZ', 119, 7000),
(1426, 14, 1, 'PCS', 131, 5000),
(1427, 15, 1, 'PCS', 143, 67000),
(1428, 16, 3, 'PCS', 155, 67000),
(1429, 17, 4, 'BOX', 80, 55000),
(1430, 18, 5, 'DOZ', 98, 12000),
(1431, 19, 6, 'PCS', 23, 90000),
(1432, 20, 7, 'PCS', 35, 23000),
(1433, 21, 8, 'PCS', 47, 35000),
(1434, 1, 1, 'BOX', 59, 67000),
(1435, 2, 2, 'DOZ', 71, 67000),
(1436, 3, 4, 'PCS', 83, 33000),
(1437, 4, 5, 'PCS', 23, 23000),
(1438, 5, 6, 'PCS', 22, 22000),
(1439, 6, 8, 'BOX', 10, 21000),
(1440, 7, 9, 'DOZ', 11, 55000),
(1441, 8, 1, 'PCS', 23, 45000),
(1442, 9, 2, 'PCS', 35, 70000),
(1443, 10, 4, 'PCS', 47, 20000),
(1444, 11, 7, 'PCS', 59, 22000),
(1445, 12, 1, 'PCS', 71, 33000),
(1446, 13, 5, 'PCS', 83, 43000),
(1447, 14, 5, 'PCS', 95, 70000),
(1448, 15, 6, 'PCS', 23, 78000),
(1449, 16, 7, 'PCS', 22, 40000),
(1450, 17, 9, 'PCS', 10, 34000),
(1451, 1, 1, 'PCS', 23, 12000),
(1452, 2, 2, 'BOX', 22, 14000),
(1453, 3, 3, 'DOZ', 26, 16000),
(1454, 4, 4, 'PCS', 11, 70000),
(1455, 5, 5, 'PCS', 23, 50000),
(1456, 6, 6, 'PCS', 35, 45000),
(1457, 7, 7, 'BOX', 47, 56000),
(1458, 8, 8, 'DOZ', 59, 24000),
(1459, 9, 9, 'PCS', 71, 45000),
(1460, 10, 10, 'PCS', 83, 45000),
(1461, 11, 11, 'PCS', 95, 56000),
(1462, 12, 12, 'BOX', 107, 43000),
(1463, 13, 14, 'DOZ', 119, 7000),
(1464, 14, 1, 'PCS', 131, 5000),
(1465, 15, 1, 'PCS', 143, 67000),
(1466, 16, 3, 'PCS', 155, 67000),
(1467, 17, 4, 'BOX', 80, 55000),
(1468, 18, 5, 'DOZ', 98, 12000),
(1469, 19, 6, 'PCS', 23, 90000),
(1470, 20, 7, 'PCS', 35, 23000),
(1471, 21, 8, 'PCS', 47, 35000),
(1472, 1, 1, 'BOX', 59, 67000),
(1473, 2, 2, 'DOZ', 71, 67000),
(1474, 3, 4, 'PCS', 83, 33000),
(1475, 4, 5, 'PCS', 23, 23000),
(1476, 5, 6, 'PCS', 22, 22000),
(1477, 6, 8, 'BOX', 10, 21000),
(1478, 7, 9, 'DOZ', 11, 55000),
(1479, 8, 1, 'PCS', 23, 45000),
(1480, 9, 2, 'PCS', 35, 70000),
(1481, 10, 4, 'PCS', 47, 20000),
(1482, 11, 7, 'PCS', 59, 22000),
(1483, 12, 1, 'PCS', 71, 33000),
(1484, 13, 5, 'PCS', 83, 43000),
(1485, 14, 5, 'PCS', 95, 70000),
(1486, 15, 6, 'PCS', 23, 78000),
(1487, 16, 7, 'PCS', 22, 40000),
(1488, 17, 9, 'PCS', 10, 34000),
(1489, 1, 1, 'PCS', 23, 12000),
(1490, 2, 2, 'BOX', 22, 14000),
(1491, 3, 3, 'DOZ', 26, 16000),
(1492, 4, 4, 'PCS', 11, 70000),
(1493, 5, 5, 'PCS', 23, 50000),
(1494, 6, 6, 'PCS', 35, 45000),
(1495, 7, 7, 'BOX', 47, 56000),
(1496, 8, 8, 'DOZ', 59, 24000),
(1497, 9, 9, 'PCS', 71, 45000),
(1498, 10, 10, 'PCS', 83, 45000),
(1499, 11, 11, 'PCS', 95, 56000),
(1500, 12, 12, 'BOX', 107, 43000),
(1501, 13, 14, 'DOZ', 119, 7000),
(1502, 14, 1, 'PCS', 131, 5000),
(1503, 15, 1, 'PCS', 143, 67000),
(1504, 16, 3, 'PCS', 155, 67000),
(1505, 17, 4, 'BOX', 80, 55000),
(1506, 18, 5, 'DOZ', 98, 12000),
(1507, 19, 6, 'PCS', 23, 90000),
(1508, 20, 7, 'PCS', 35, 23000),
(1509, 21, 8, 'PCS', 47, 35000),
(1510, 1, 1, 'BOX', 59, 67000),
(1511, 2, 2, 'DOZ', 71, 67000),
(1512, 3, 4, 'PCS', 83, 33000),
(1513, 4, 5, 'PCS', 23, 23000),
(1514, 5, 6, 'PCS', 22, 22000),
(1515, 6, 8, 'BOX', 10, 21000),
(1516, 7, 9, 'DOZ', 11, 55000),
(1517, 8, 1, 'PCS', 23, 45000),
(1518, 9, 2, 'PCS', 35, 70000),
(1519, 10, 4, 'PCS', 47, 20000),
(1520, 11, 7, 'PCS', 59, 22000),
(1521, 12, 1, 'PCS', 71, 33000),
(1522, 13, 5, 'PCS', 83, 43000),
(1523, 14, 5, 'PCS', 95, 70000),
(1524, 15, 6, 'PCS', 23, 78000),
(1525, 16, 7, 'PCS', 22, 40000),
(1526, 17, 9, 'PCS', 10, 34000),
(1527, 1, 1, 'PCS', 23, 12000),
(1528, 2, 2, 'BOX', 22, 14000),
(1529, 3, 3, 'DOZ', 26, 16000),
(1530, 4, 4, 'PCS', 11, 70000),
(1531, 5, 5, 'PCS', 23, 50000),
(1532, 6, 6, 'PCS', 35, 45000),
(1533, 7, 7, 'BOX', 47, 56000),
(1534, 8, 8, 'DOZ', 59, 24000),
(1535, 9, 9, 'PCS', 71, 45000),
(1536, 10, 10, 'PCS', 83, 45000),
(1537, 11, 11, 'PCS', 95, 56000),
(1538, 12, 12, 'BOX', 107, 43000),
(1539, 13, 14, 'DOZ', 119, 7000),
(1540, 14, 1, 'PCS', 131, 5000),
(1541, 15, 1, 'PCS', 143, 67000),
(1542, 16, 3, 'PCS', 155, 67000),
(1543, 17, 4, 'BOX', 80, 55000),
(1544, 18, 5, 'DOZ', 98, 12000),
(1545, 19, 6, 'PCS', 23, 90000),
(1546, 20, 7, 'PCS', 35, 23000),
(1547, 21, 8, 'PCS', 47, 35000),
(1548, 1, 1, 'BOX', 59, 67000),
(1549, 2, 2, 'DOZ', 71, 67000),
(1550, 3, 4, 'PCS', 83, 33000),
(1551, 4, 5, 'PCS', 23, 23000),
(1552, 5, 6, 'PCS', 22, 22000),
(1553, 6, 8, 'BOX', 10, 21000),
(1554, 7, 9, 'DOZ', 11, 55000),
(1555, 8, 1, 'PCS', 23, 45000),
(1556, 9, 2, 'PCS', 35, 70000),
(1557, 10, 4, 'PCS', 47, 20000),
(1558, 11, 7, 'PCS', 59, 22000),
(1559, 12, 1, 'PCS', 71, 33000),
(1560, 13, 5, 'PCS', 83, 43000),
(1561, 14, 5, 'PCS', 95, 70000),
(1562, 15, 6, 'PCS', 23, 78000),
(1563, 16, 7, 'PCS', 22, 40000),
(1564, 17, 9, 'PCS', 10, 34000),
(1565, 1, 1, 'PCS', 23, 12000),
(1566, 2, 2, 'BOX', 22, 14000),
(1567, 3, 3, 'DOZ', 26, 16000),
(1568, 4, 4, 'PCS', 11, 70000),
(1569, 5, 5, 'PCS', 23, 50000),
(1570, 6, 6, 'PCS', 35, 45000),
(1571, 7, 7, 'BOX', 47, 56000),
(1572, 8, 8, 'DOZ', 59, 24000),
(1573, 9, 9, 'PCS', 71, 45000),
(1574, 10, 10, 'PCS', 83, 45000),
(1575, 11, 11, 'PCS', 95, 56000),
(1576, 12, 12, 'BOX', 107, 43000),
(1577, 13, 14, 'DOZ', 119, 7000),
(1578, 14, 1, 'PCS', 131, 5000),
(1579, 15, 1, 'PCS', 143, 67000),
(1580, 16, 3, 'PCS', 155, 67000),
(1581, 17, 4, 'BOX', 80, 55000),
(1582, 18, 5, 'DOZ', 98, 12000),
(1583, 19, 6, 'PCS', 23, 90000),
(1584, 20, 7, 'PCS', 35, 23000),
(1585, 21, 8, 'PCS', 47, 35000),
(1586, 1, 1, 'BOX', 59, 67000),
(1587, 2, 2, 'DOZ', 71, 67000),
(1588, 3, 4, 'PCS', 83, 33000),
(1589, 4, 5, 'PCS', 23, 23000),
(1590, 5, 6, 'PCS', 22, 22000),
(1591, 6, 8, 'BOX', 10, 21000),
(1592, 7, 9, 'DOZ', 11, 55000),
(1593, 8, 1, 'PCS', 23, 45000),
(1594, 9, 2, 'PCS', 35, 70000),
(1595, 10, 4, 'PCS', 47, 20000),
(1596, 11, 7, 'PCS', 59, 22000),
(1597, 12, 1, 'PCS', 71, 33000),
(1598, 13, 5, 'PCS', 83, 43000),
(1599, 14, 5, 'PCS', 95, 70000),
(1600, 15, 6, 'PCS', 23, 78000),
(1601, 16, 7, 'PCS', 22, 40000),
(1602, 17, 9, 'PCS', 10, 34000),
(2018, 1, 1, 'PCS', 23, 12000),
(2019, 2, 2, 'BOX', 22, 14000),
(2020, 3, 3, 'DOZ', 26, 16000),
(2021, 4, 4, 'PCS', 11, 70000),
(2022, 5, 5, 'PCS', 23, 50000),
(2023, 6, 6, 'PCS', 35, 45000),
(2024, 7, 7, 'BOX', 47, 56000),
(2025, 8, 8, 'DOZ', 59, 24000),
(2026, 9, 9, 'PCS', 71, 45000),
(2027, 10, 10, 'PCS', 83, 45000),
(2028, 11, 11, 'PCS', 95, 56000),
(2029, 12, 12, 'BOX', 107, 43000),
(2030, 13, 14, 'DOZ', 119, 7000),
(2031, 14, 1, 'PCS', 131, 5000),
(2032, 15, 1, 'PCS', 143, 67000),
(2033, 16, 3, 'PCS', 155, 67000),
(2034, 17, 4, 'BOX', 80, 55000),
(2035, 18, 5, 'DOZ', 98, 12000),
(2036, 19, 6, 'PCS', 23, 90000),
(2037, 20, 7, 'PCS', 35, 23000),
(2038, 21, 8, 'PCS', 47, 35000),
(2039, 1, 1, 'BOX', 59, 67000),
(2040, 2, 2, 'DOZ', 71, 67000),
(2041, 3, 4, 'PCS', 83, 33000),
(2042, 4, 5, 'PCS', 23, 23000),
(2043, 5, 6, 'PCS', 22, 22000),
(2044, 6, 8, 'BOX', 10, 21000),
(2045, 7, 9, 'DOZ', 11, 55000),
(2046, 8, 1, 'PCS', 23, 45000),
(2047, 9, 2, 'PCS', 35, 70000),
(2048, 10, 4, 'PCS', 47, 20000),
(2049, 11, 7, 'PCS', 59, 22000),
(2050, 12, 1, 'PCS', 71, 33000),
(2051, 13, 5, 'PCS', 83, 43000),
(2052, 14, 5, 'PCS', 95, 70000),
(2053, 15, 6, 'PCS', 23, 78000),
(2054, 16, 7, 'PCS', 22, 40000),
(2055, 17, 9, 'PCS', 10, 34000),
(2056, 1, 1, 'PCS', 23, 12000),
(2057, 2, 2, 'BOX', 22, 14000),
(2058, 3, 3, 'DOZ', 26, 16000),
(2059, 4, 4, 'PCS', 11, 70000),
(2060, 5, 5, 'PCS', 23, 50000),
(2061, 6, 6, 'PCS', 35, 45000),
(2062, 7, 7, 'BOX', 47, 56000),
(2063, 8, 8, 'DOZ', 59, 24000),
(2064, 9, 9, 'PCS', 71, 45000),
(2065, 10, 10, 'PCS', 83, 45000),
(2066, 11, 11, 'PCS', 95, 56000),
(2067, 12, 12, 'BOX', 107, 43000),
(2068, 13, 14, 'DOZ', 119, 7000),
(2069, 14, 1, 'PCS', 131, 5000),
(2070, 15, 1, 'PCS', 143, 67000),
(2071, 16, 3, 'PCS', 155, 67000),
(2072, 17, 4, 'BOX', 80, 55000),
(2073, 18, 5, 'DOZ', 98, 12000),
(2074, 19, 6, 'PCS', 23, 90000),
(2075, 20, 7, 'PCS', 35, 23000),
(2076, 21, 8, 'PCS', 47, 35000),
(2077, 1, 1, 'BOX', 59, 67000),
(2078, 2, 2, 'DOZ', 71, 67000),
(2079, 3, 4, 'PCS', 83, 33000),
(2080, 4, 5, 'PCS', 23, 23000),
(2081, 5, 6, 'PCS', 22, 22000),
(2082, 6, 8, 'BOX', 10, 21000),
(2083, 7, 9, 'DOZ', 11, 55000),
(2084, 8, 1, 'PCS', 23, 45000),
(2085, 9, 2, 'PCS', 35, 70000),
(2086, 10, 4, 'PCS', 47, 20000),
(2087, 11, 7, 'PCS', 59, 22000),
(2088, 12, 1, 'PCS', 71, 33000),
(2089, 13, 5, 'PCS', 83, 43000),
(2090, 14, 5, 'PCS', 95, 70000),
(2091, 15, 6, 'PCS', 23, 78000),
(2092, 16, 7, 'PCS', 22, 40000),
(2093, 17, 9, 'PCS', 10, 34000),
(2094, 1, 1, 'PCS', 23, 12000),
(2095, 2, 2, 'BOX', 22, 14000),
(2096, 3, 3, 'DOZ', 26, 16000),
(2097, 4, 4, 'PCS', 11, 70000),
(2098, 5, 5, 'PCS', 23, 50000),
(2099, 6, 6, 'PCS', 35, 45000),
(2100, 7, 7, 'BOX', 47, 56000),
(2101, 8, 8, 'DOZ', 59, 24000),
(2102, 9, 9, 'PCS', 71, 45000),
(2103, 10, 10, 'PCS', 83, 45000),
(2104, 11, 11, 'PCS', 95, 56000),
(2105, 12, 12, 'BOX', 107, 43000),
(2106, 13, 14, 'DOZ', 119, 7000),
(2107, 14, 1, 'PCS', 131, 5000),
(2108, 15, 1, 'PCS', 143, 67000),
(2109, 16, 3, 'PCS', 155, 67000),
(2110, 17, 4, 'BOX', 80, 55000),
(2111, 18, 5, 'DOZ', 98, 12000),
(2112, 19, 6, 'PCS', 23, 90000),
(2113, 20, 7, 'PCS', 35, 23000),
(2114, 21, 8, 'PCS', 47, 35000),
(2115, 1, 1, 'BOX', 59, 67000),
(2116, 2, 2, 'DOZ', 71, 67000),
(2117, 3, 4, 'PCS', 83, 33000),
(2118, 4, 5, 'PCS', 23, 23000),
(2119, 5, 6, 'PCS', 22, 22000),
(2120, 6, 8, 'BOX', 10, 21000),
(2121, 7, 9, 'DOZ', 11, 55000),
(2122, 8, 1, 'PCS', 23, 45000),
(2123, 9, 2, 'PCS', 35, 70000),
(2124, 10, 4, 'PCS', 47, 20000),
(2125, 11, 7, 'PCS', 59, 22000),
(2126, 12, 1, 'PCS', 71, 33000),
(2127, 13, 5, 'PCS', 83, 43000),
(2128, 14, 5, 'PCS', 95, 70000),
(2129, 15, 6, 'PCS', 23, 78000),
(2130, 16, 7, 'PCS', 22, 40000),
(2131, 17, 9, 'PCS', 10, 34000),
(2132, 1, 1, 'PCS', 23, 12000),
(2133, 2, 2, 'BOX', 22, 14000),
(2134, 3, 3, 'DOZ', 26, 16000),
(2135, 4, 4, 'PCS', 11, 70000),
(2136, 5, 5, 'PCS', 23, 50000),
(2137, 6, 6, 'PCS', 35, 45000),
(2138, 7, 7, 'BOX', 47, 56000),
(2139, 8, 8, 'DOZ', 59, 24000),
(2140, 9, 9, 'PCS', 71, 45000),
(2141, 10, 10, 'PCS', 83, 45000),
(2142, 11, 11, 'PCS', 95, 56000),
(2143, 12, 12, 'BOX', 107, 43000),
(2144, 13, 14, 'DOZ', 119, 7000),
(2145, 14, 1, 'PCS', 131, 5000),
(2146, 15, 1, 'PCS', 143, 67000),
(2147, 16, 3, 'PCS', 155, 67000),
(2148, 17, 4, 'BOX', 80, 55000),
(2149, 18, 5, 'DOZ', 98, 12000),
(2150, 19, 6, 'PCS', 23, 90000),
(2151, 20, 7, 'PCS', 35, 23000),
(2152, 21, 8, 'PCS', 47, 35000),
(2153, 1, 1, 'BOX', 59, 67000),
(2154, 2, 2, 'DOZ', 71, 67000),
(2155, 3, 4, 'PCS', 83, 33000),
(2156, 4, 5, 'PCS', 23, 23000),
(2157, 5, 6, 'PCS', 22, 22000),
(2158, 6, 8, 'BOX', 10, 21000),
(2159, 7, 9, 'DOZ', 11, 55000),
(2160, 8, 1, 'PCS', 23, 45000),
(2161, 9, 2, 'PCS', 35, 70000),
(2162, 10, 4, 'PCS', 47, 20000),
(2163, 11, 7, 'PCS', 59, 22000),
(2164, 12, 1, 'PCS', 71, 33000),
(2165, 13, 5, 'PCS', 83, 43000),
(2166, 14, 5, 'PCS', 95, 70000),
(2167, 15, 6, 'PCS', 23, 78000),
(2168, 16, 7, 'PCS', 22, 40000),
(2169, 17, 9, 'PCS', 10, 34000),
(2170, 1, 1, 'PCS', 23, 12000),
(2171, 2, 2, 'BOX', 22, 14000),
(2172, 3, 3, 'DOZ', 26, 16000),
(2173, 4, 4, 'PCS', 11, 70000),
(2174, 5, 5, 'PCS', 23, 50000),
(2175, 6, 6, 'PCS', 35, 45000),
(2176, 7, 7, 'BOX', 47, 56000),
(2177, 8, 8, 'DOZ', 59, 24000),
(2178, 9, 9, 'PCS', 71, 45000),
(2179, 10, 10, 'PCS', 83, 45000),
(2180, 11, 11, 'PCS', 95, 56000),
(2181, 12, 12, 'BOX', 107, 43000),
(2182, 13, 14, 'DOZ', 119, 7000),
(2183, 14, 1, 'PCS', 131, 5000),
(2184, 15, 1, 'PCS', 143, 67000),
(2185, 16, 3, 'PCS', 155, 67000),
(2186, 17, 4, 'BOX', 80, 55000),
(2187, 18, 5, 'DOZ', 98, 12000),
(2188, 19, 6, 'PCS', 23, 90000),
(2189, 20, 7, 'PCS', 35, 23000),
(2190, 21, 8, 'PCS', 47, 35000),
(2191, 1, 1, 'BOX', 59, 67000),
(2192, 2, 2, 'DOZ', 71, 67000),
(2193, 3, 4, 'PCS', 83, 33000),
(2194, 4, 5, 'PCS', 23, 23000),
(2195, 5, 6, 'PCS', 22, 22000),
(2196, 6, 8, 'BOX', 10, 21000),
(2197, 7, 9, 'DOZ', 11, 55000),
(2198, 8, 1, 'PCS', 23, 45000),
(2199, 9, 2, 'PCS', 35, 70000),
(2200, 10, 4, 'PCS', 47, 20000),
(2201, 11, 7, 'PCS', 59, 22000),
(2202, 12, 1, 'PCS', 71, 33000),
(2203, 13, 5, 'PCS', 83, 43000),
(2204, 14, 5, 'PCS', 95, 70000),
(2205, 15, 6, 'PCS', 23, 78000),
(2206, 16, 7, 'PCS', 22, 40000),
(2207, 17, 9, 'PCS', 10, 34000),
(2208, 1, 1, 'PCS', 23, 12000),
(2209, 2, 2, 'BOX', 22, 14000),
(2210, 3, 3, 'DOZ', 26, 16000),
(2211, 4, 4, 'PCS', 11, 70000),
(2212, 5, 5, 'PCS', 23, 50000),
(2213, 6, 6, 'PCS', 35, 45000),
(2214, 7, 7, 'BOX', 47, 56000),
(2215, 8, 8, 'DOZ', 59, 24000),
(2216, 9, 9, 'PCS', 71, 45000),
(2217, 10, 10, 'PCS', 83, 45000),
(2218, 11, 11, 'PCS', 95, 56000),
(2219, 12, 12, 'BOX', 107, 43000),
(2220, 13, 14, 'DOZ', 119, 7000),
(2221, 14, 1, 'PCS', 131, 5000),
(2222, 15, 1, 'PCS', 143, 67000),
(2223, 16, 3, 'PCS', 155, 67000),
(2224, 17, 4, 'BOX', 80, 55000),
(2225, 18, 5, 'DOZ', 98, 12000),
(2226, 19, 6, 'PCS', 23, 90000),
(2227, 20, 7, 'PCS', 35, 23000),
(2228, 21, 8, 'PCS', 47, 35000),
(2229, 1, 1, 'BOX', 59, 67000),
(2230, 2, 2, 'DOZ', 71, 67000),
(2231, 3, 4, 'PCS', 83, 33000),
(2232, 4, 5, 'PCS', 23, 23000),
(2233, 5, 6, 'PCS', 22, 22000),
(2234, 6, 8, 'BOX', 10, 21000),
(2235, 7, 9, 'DOZ', 11, 55000),
(2236, 8, 1, 'PCS', 23, 45000),
(2237, 9, 2, 'PCS', 35, 70000),
(2238, 10, 4, 'PCS', 47, 20000),
(2239, 11, 7, 'PCS', 59, 22000),
(2240, 12, 1, 'PCS', 71, 33000),
(2241, 13, 5, 'PCS', 83, 43000),
(2242, 14, 5, 'PCS', 95, 70000),
(2243, 15, 6, 'PCS', 23, 78000),
(2244, 16, 7, 'PCS', 22, 40000),
(2245, 17, 9, 'PCS', 10, 34000),
(2246, 1, 1, 'PCS', 23, 12000),
(2247, 2, 2, 'BOX', 22, 14000),
(2248, 3, 3, 'DOZ', 26, 16000),
(2249, 4, 4, 'PCS', 11, 70000),
(2250, 5, 5, 'PCS', 23, 50000),
(2251, 6, 6, 'PCS', 35, 45000),
(2252, 7, 7, 'BOX', 47, 56000),
(2253, 8, 8, 'DOZ', 59, 24000),
(2254, 9, 9, 'PCS', 71, 45000),
(2255, 10, 10, 'PCS', 83, 45000),
(2256, 11, 11, 'PCS', 95, 56000),
(2257, 12, 12, 'BOX', 107, 43000),
(2258, 13, 14, 'DOZ', 119, 7000),
(2259, 14, 1, 'PCS', 131, 5000),
(2260, 15, 1, 'PCS', 143, 67000),
(2261, 16, 3, 'PCS', 155, 67000),
(2262, 17, 4, 'BOX', 80, 55000),
(2263, 18, 5, 'DOZ', 98, 12000),
(2264, 19, 6, 'PCS', 23, 90000),
(2265, 20, 7, 'PCS', 35, 23000),
(2266, 21, 8, 'PCS', 47, 35000),
(2267, 1, 1, 'BOX', 59, 67000),
(2268, 2, 2, 'DOZ', 71, 67000),
(2269, 3, 4, 'PCS', 83, 33000),
(2270, 4, 5, 'PCS', 23, 23000),
(2271, 5, 6, 'PCS', 22, 22000),
(2272, 6, 8, 'BOX', 10, 21000),
(2273, 7, 9, 'DOZ', 11, 55000),
(2274, 8, 1, 'PCS', 23, 45000),
(2275, 9, 2, 'PCS', 35, 70000),
(2276, 10, 4, 'PCS', 47, 20000),
(2277, 11, 7, 'PCS', 59, 22000),
(2278, 12, 1, 'PCS', 71, 33000),
(2279, 13, 5, 'PCS', 83, 43000),
(2280, 14, 5, 'PCS', 95, 70000),
(2281, 15, 6, 'PCS', 23, 78000),
(2282, 16, 7, 'PCS', 22, 40000),
(2283, 17, 9, 'PCS', 10, 34000),
(2284, 1, 1, 'PCS', 23, 12000),
(2285, 2, 2, 'BOX', 22, 14000),
(2286, 3, 3, 'DOZ', 26, 16000),
(2287, 4, 4, 'PCS', 11, 70000),
(2288, 5, 5, 'PCS', 23, 50000),
(2289, 6, 6, 'PCS', 35, 45000),
(2290, 7, 7, 'BOX', 47, 56000),
(2291, 8, 8, 'DOZ', 59, 24000),
(2292, 9, 9, 'PCS', 71, 45000),
(2293, 10, 10, 'PCS', 83, 45000),
(2294, 11, 11, 'PCS', 95, 56000),
(2295, 12, 12, 'BOX', 107, 43000),
(2296, 13, 14, 'DOZ', 119, 7000),
(2297, 14, 1, 'PCS', 131, 5000),
(2298, 15, 1, 'PCS', 143, 67000),
(2299, 16, 3, 'PCS', 155, 67000),
(2300, 17, 4, 'BOX', 80, 55000),
(2301, 18, 5, 'DOZ', 98, 12000),
(2302, 19, 6, 'PCS', 23, 90000),
(2303, 20, 7, 'PCS', 35, 23000),
(2304, 21, 8, 'PCS', 47, 35000),
(2305, 1, 1, 'BOX', 59, 67000),
(2306, 2, 2, 'DOZ', 71, 67000),
(2307, 3, 4, 'PCS', 83, 33000),
(2308, 4, 5, 'PCS', 23, 23000),
(2309, 5, 6, 'PCS', 22, 22000),
(2310, 6, 8, 'BOX', 10, 21000),
(2311, 7, 9, 'DOZ', 11, 55000),
(2312, 8, 1, 'PCS', 23, 45000),
(2313, 9, 2, 'PCS', 35, 70000),
(2314, 10, 4, 'PCS', 47, 20000),
(2315, 11, 7, 'PCS', 59, 22000),
(2316, 12, 1, 'PCS', 71, 33000),
(2317, 13, 5, 'PCS', 83, 43000),
(2318, 14, 5, 'PCS', 95, 70000),
(2319, 15, 6, 'PCS', 23, 78000),
(2320, 16, 7, 'PCS', 22, 40000),
(2321, 17, 9, 'PCS', 10, 34000),
(2322, 1, 1, 'PCS', 23, 12000),
(2323, 2, 2, 'BOX', 22, 14000),
(2324, 3, 3, 'DOZ', 26, 16000),
(2325, 4, 4, 'PCS', 11, 70000),
(2326, 5, 5, 'PCS', 23, 50000),
(2327, 6, 6, 'PCS', 35, 45000),
(2328, 7, 7, 'BOX', 47, 56000),
(2329, 8, 8, 'DOZ', 59, 24000),
(2330, 9, 9, 'PCS', 71, 45000),
(2331, 10, 10, 'PCS', 83, 45000),
(2332, 11, 11, 'PCS', 95, 56000),
(2333, 12, 12, 'BOX', 107, 43000),
(2334, 13, 14, 'DOZ', 119, 7000),
(2335, 14, 1, 'PCS', 131, 5000),
(2336, 15, 1, 'PCS', 143, 67000),
(2337, 16, 3, 'PCS', 155, 67000),
(2338, 17, 4, 'BOX', 80, 55000),
(2339, 18, 5, 'DOZ', 98, 12000),
(2340, 19, 6, 'PCS', 23, 90000),
(2341, 20, 7, 'PCS', 35, 23000),
(2342, 21, 8, 'PCS', 47, 35000),
(2343, 1, 1, 'BOX', 59, 67000),
(2344, 2, 2, 'DOZ', 71, 67000),
(2345, 3, 4, 'PCS', 83, 33000),
(2346, 4, 5, 'PCS', 23, 23000),
(2347, 5, 6, 'PCS', 22, 22000),
(2348, 6, 8, 'BOX', 10, 21000),
(2349, 7, 9, 'DOZ', 11, 55000),
(2350, 8, 1, 'PCS', 23, 45000),
(2351, 9, 2, 'PCS', 35, 70000),
(2352, 10, 4, 'PCS', 47, 20000),
(2353, 11, 7, 'PCS', 59, 22000),
(2354, 12, 1, 'PCS', 71, 33000),
(2355, 13, 5, 'PCS', 83, 43000),
(2356, 14, 5, 'PCS', 95, 70000),
(2357, 15, 6, 'PCS', 23, 78000),
(2358, 16, 7, 'PCS', 22, 40000),
(2359, 17, 9, 'PCS', 10, 34000),
(2360, 1, 1, 'PCS', 23, 12000),
(2361, 2, 2, 'BOX', 22, 14000),
(2362, 3, 3, 'DOZ', 26, 16000),
(2363, 4, 4, 'PCS', 11, 70000),
(2364, 5, 5, 'PCS', 23, 50000),
(2365, 6, 6, 'PCS', 35, 45000),
(2366, 7, 7, 'BOX', 47, 56000),
(2367, 8, 8, 'DOZ', 59, 24000),
(2368, 9, 9, 'PCS', 71, 45000),
(2369, 10, 10, 'PCS', 83, 45000),
(2370, 11, 11, 'PCS', 95, 56000),
(2371, 12, 12, 'BOX', 107, 43000),
(2372, 13, 14, 'DOZ', 119, 7000),
(2373, 14, 1, 'PCS', 131, 5000),
(2374, 15, 1, 'PCS', 143, 67000),
(2375, 16, 3, 'PCS', 155, 67000),
(2376, 17, 4, 'BOX', 80, 55000),
(2377, 18, 5, 'DOZ', 98, 12000),
(2378, 19, 6, 'PCS', 23, 90000),
(2379, 20, 7, 'PCS', 35, 23000),
(2380, 21, 8, 'PCS', 47, 35000),
(2381, 1, 1, 'BOX', 59, 67000),
(2382, 2, 2, 'DOZ', 71, 67000),
(2383, 3, 4, 'PCS', 83, 33000),
(2384, 4, 5, 'PCS', 23, 23000),
(2385, 5, 6, 'PCS', 22, 22000),
(2386, 6, 8, 'BOX', 10, 21000),
(2387, 7, 9, 'DOZ', 11, 55000),
(2388, 8, 1, 'PCS', 23, 45000),
(2389, 9, 2, 'PCS', 35, 70000),
(2390, 10, 4, 'PCS', 47, 20000),
(2391, 11, 7, 'PCS', 59, 22000),
(2392, 12, 1, 'PCS', 71, 33000),
(2393, 13, 5, 'PCS', 83, 43000),
(2394, 14, 5, 'PCS', 95, 70000),
(2395, 15, 6, 'PCS', 23, 78000),
(2396, 16, 7, 'PCS', 22, 40000),
(2397, 17, 9, 'PCS', 10, 34000),
(2398, 1, 1, 'PCS', 23, 12000),
(2399, 2, 2, 'BOX', 22, 14000),
(2400, 3, 3, 'DOZ', 26, 16000),
(2401, 4, 4, 'PCS', 11, 70000),
(2402, 5, 5, 'PCS', 23, 50000),
(2403, 6, 6, 'PCS', 35, 45000),
(2404, 7, 7, 'BOX', 47, 56000),
(2405, 8, 8, 'DOZ', 59, 24000),
(2406, 9, 9, 'PCS', 71, 45000),
(2407, 10, 10, 'PCS', 83, 45000),
(2408, 11, 11, 'PCS', 95, 56000),
(2409, 12, 12, 'BOX', 107, 43000),
(2410, 13, 14, 'DOZ', 119, 7000),
(2411, 14, 1, 'PCS', 131, 5000),
(2412, 15, 1, 'PCS', 143, 67000),
(2413, 16, 3, 'PCS', 155, 67000),
(2414, 17, 4, 'BOX', 80, 55000),
(2415, 18, 5, 'DOZ', 98, 12000),
(2416, 19, 6, 'PCS', 23, 90000),
(2417, 20, 7, 'PCS', 35, 23000),
(2418, 21, 8, 'PCS', 47, 35000),
(2419, 1, 1, 'BOX', 59, 67000),
(2420, 2, 2, 'DOZ', 71, 67000),
(2421, 3, 4, 'PCS', 83, 33000),
(2422, 4, 5, 'PCS', 23, 23000),
(2423, 5, 6, 'PCS', 22, 22000),
(2424, 6, 8, 'BOX', 10, 21000),
(2425, 7, 9, 'DOZ', 11, 55000),
(2426, 8, 1, 'PCS', 23, 45000),
(2427, 9, 2, 'PCS', 35, 70000),
(2428, 10, 4, 'PCS', 47, 20000),
(2429, 11, 7, 'PCS', 59, 22000),
(2430, 12, 1, 'PCS', 71, 33000),
(2431, 13, 5, 'PCS', 83, 43000),
(2432, 14, 5, 'PCS', 95, 70000),
(2433, 15, 6, 'PCS', 23, 78000),
(2434, 16, 7, 'PCS', 22, 40000),
(2435, 17, 9, 'PCS', 10, 34000),
(2436, 1, 1, 'PCS', 23, 12000),
(2437, 2, 2, 'BOX', 22, 14000),
(2438, 3, 3, 'DOZ', 26, 16000),
(2439, 4, 4, 'PCS', 11, 70000),
(2440, 5, 5, 'PCS', 23, 50000),
(2441, 6, 6, 'PCS', 35, 45000),
(2442, 7, 7, 'BOX', 47, 56000),
(2443, 8, 8, 'DOZ', 59, 24000),
(2444, 9, 9, 'PCS', 71, 45000),
(2445, 10, 10, 'PCS', 83, 45000),
(2446, 11, 11, 'PCS', 95, 56000),
(2447, 12, 12, 'BOX', 107, 43000),
(2448, 13, 14, 'DOZ', 119, 7000);
INSERT INTO `sales_order_detail` (`id`, `id_sales_order`, `id_material`, `unit`, `quantity`, `price`) VALUES
(2449, 14, 1, 'PCS', 131, 5000),
(2450, 15, 1, 'PCS', 143, 67000),
(2451, 16, 3, 'PCS', 155, 67000),
(2452, 17, 4, 'BOX', 80, 55000),
(2453, 18, 5, 'DOZ', 98, 12000),
(2454, 19, 6, 'PCS', 23, 90000),
(2455, 20, 7, 'PCS', 35, 23000),
(2456, 21, 8, 'PCS', 47, 35000),
(2457, 1, 1, 'BOX', 59, 67000),
(2458, 2, 2, 'DOZ', 71, 67000),
(2459, 3, 4, 'PCS', 83, 33000),
(2460, 4, 5, 'PCS', 23, 23000),
(2461, 5, 6, 'PCS', 22, 22000),
(2462, 6, 8, 'BOX', 10, 21000),
(2463, 7, 9, 'DOZ', 11, 55000),
(2464, 8, 1, 'PCS', 23, 45000),
(2465, 9, 2, 'PCS', 35, 70000),
(2466, 10, 4, 'PCS', 47, 20000),
(2467, 11, 7, 'PCS', 59, 22000),
(2468, 12, 1, 'PCS', 71, 33000),
(2469, 13, 5, 'PCS', 83, 43000),
(2470, 14, 5, 'PCS', 95, 70000),
(2471, 15, 6, 'PCS', 23, 78000),
(2472, 16, 7, 'PCS', 22, 40000),
(2473, 17, 9, 'PCS', 10, 34000),
(2474, 1, 1, 'PCS', 23, 12000),
(2475, 2, 2, 'BOX', 22, 14000),
(2476, 3, 3, 'DOZ', 26, 16000),
(2477, 4, 4, 'PCS', 11, 70000),
(2478, 5, 5, 'PCS', 23, 50000),
(2479, 6, 6, 'PCS', 35, 45000),
(2480, 7, 7, 'BOX', 47, 56000),
(2481, 8, 8, 'DOZ', 59, 24000),
(2482, 9, 9, 'PCS', 71, 45000),
(2483, 10, 10, 'PCS', 83, 45000),
(2484, 11, 11, 'PCS', 95, 56000),
(2485, 12, 12, 'BOX', 107, 43000),
(2486, 13, 14, 'DOZ', 119, 7000),
(2487, 14, 1, 'PCS', 131, 5000),
(2488, 15, 1, 'PCS', 143, 67000),
(2489, 16, 3, 'PCS', 155, 67000),
(2490, 17, 4, 'BOX', 80, 55000),
(2491, 18, 5, 'DOZ', 98, 12000),
(2492, 19, 6, 'PCS', 23, 90000),
(2493, 20, 7, 'PCS', 35, 23000),
(2494, 21, 8, 'PCS', 47, 35000),
(2495, 1, 1, 'BOX', 59, 67000),
(2496, 2, 2, 'DOZ', 71, 67000),
(2497, 3, 4, 'PCS', 83, 33000),
(2498, 4, 5, 'PCS', 23, 23000),
(2499, 5, 6, 'PCS', 22, 22000),
(2500, 6, 8, 'BOX', 10, 21000),
(2501, 7, 9, 'DOZ', 11, 55000),
(2502, 8, 1, 'PCS', 23, 45000),
(2503, 9, 2, 'PCS', 35, 70000),
(2504, 10, 4, 'PCS', 47, 20000),
(2505, 11, 7, 'PCS', 59, 22000),
(2506, 12, 1, 'PCS', 71, 33000),
(2507, 13, 5, 'PCS', 83, 43000),
(2508, 14, 5, 'PCS', 95, 70000),
(2509, 15, 6, 'PCS', 23, 78000),
(2510, 16, 7, 'PCS', 22, 40000),
(2511, 17, 9, 'PCS', 10, 34000),
(2512, 1, 1, 'PCS', 23, 12000),
(2513, 2, 2, 'BOX', 22, 14000),
(2514, 3, 3, 'DOZ', 26, 16000),
(2515, 4, 4, 'PCS', 11, 70000),
(2516, 5, 5, 'PCS', 23, 50000),
(2517, 6, 6, 'PCS', 35, 45000),
(2518, 7, 7, 'BOX', 47, 56000),
(2519, 8, 8, 'DOZ', 59, 24000),
(2520, 9, 9, 'PCS', 71, 45000),
(2521, 10, 10, 'PCS', 83, 45000),
(2522, 11, 11, 'PCS', 95, 56000),
(2523, 12, 12, 'BOX', 107, 43000),
(2524, 13, 14, 'DOZ', 119, 7000),
(2525, 14, 1, 'PCS', 131, 5000),
(2526, 15, 1, 'PCS', 143, 67000),
(2527, 16, 3, 'PCS', 155, 67000),
(2528, 17, 4, 'BOX', 80, 55000),
(2529, 18, 5, 'DOZ', 98, 12000),
(2530, 19, 6, 'PCS', 23, 90000),
(2531, 20, 7, 'PCS', 35, 23000),
(2532, 21, 8, 'PCS', 47, 35000),
(2533, 1, 1, 'BOX', 59, 67000),
(2534, 2, 2, 'DOZ', 71, 67000),
(2535, 3, 4, 'PCS', 83, 33000),
(2536, 4, 5, 'PCS', 23, 23000),
(2537, 5, 6, 'PCS', 22, 22000),
(2538, 6, 8, 'BOX', 10, 21000),
(2539, 7, 9, 'DOZ', 11, 55000),
(2540, 8, 1, 'PCS', 23, 45000),
(2541, 9, 2, 'PCS', 35, 70000),
(2542, 10, 4, 'PCS', 47, 20000),
(2543, 11, 7, 'PCS', 59, 22000),
(2544, 12, 1, 'PCS', 71, 33000),
(2545, 13, 5, 'PCS', 83, 43000),
(2546, 14, 5, 'PCS', 95, 70000),
(2547, 15, 6, 'PCS', 23, 78000),
(2548, 16, 7, 'PCS', 22, 40000),
(2549, 17, 9, 'PCS', 10, 34000),
(2550, 1, 1, 'PCS', 23, 12000),
(2551, 2, 2, 'BOX', 22, 14000),
(2552, 3, 3, 'DOZ', 26, 16000),
(2553, 4, 4, 'PCS', 11, 70000),
(2554, 5, 5, 'PCS', 23, 50000),
(2555, 6, 6, 'PCS', 35, 45000),
(2556, 7, 7, 'BOX', 47, 56000),
(2557, 8, 8, 'DOZ', 59, 24000),
(2558, 9, 9, 'PCS', 71, 45000),
(2559, 10, 10, 'PCS', 83, 45000),
(2560, 11, 11, 'PCS', 95, 56000),
(2561, 12, 12, 'BOX', 107, 43000),
(2562, 13, 14, 'DOZ', 119, 7000),
(2563, 14, 1, 'PCS', 131, 5000),
(2564, 15, 1, 'PCS', 143, 67000),
(2565, 16, 3, 'PCS', 155, 67000),
(2566, 17, 4, 'BOX', 80, 55000),
(2567, 18, 5, 'DOZ', 98, 12000),
(2568, 19, 6, 'PCS', 23, 90000),
(2569, 20, 7, 'PCS', 35, 23000),
(2570, 21, 8, 'PCS', 47, 35000),
(2571, 1, 1, 'BOX', 59, 67000),
(2572, 2, 2, 'DOZ', 71, 67000),
(2573, 3, 4, 'PCS', 83, 33000),
(2574, 4, 5, 'PCS', 23, 23000),
(2575, 5, 6, 'PCS', 22, 22000),
(2576, 6, 8, 'BOX', 10, 21000),
(2577, 7, 9, 'DOZ', 11, 55000),
(2578, 8, 1, 'PCS', 23, 45000),
(2579, 9, 2, 'PCS', 35, 70000),
(2580, 10, 4, 'PCS', 47, 20000),
(2581, 11, 7, 'PCS', 59, 22000),
(2582, 12, 1, 'PCS', 71, 33000),
(2583, 13, 5, 'PCS', 83, 43000),
(2584, 14, 5, 'PCS', 95, 70000),
(2585, 15, 6, 'PCS', 23, 78000),
(2586, 16, 7, 'PCS', 22, 40000),
(2587, 17, 9, 'PCS', 10, 34000),
(2588, 1, 1, 'PCS', 23, 12000),
(2589, 2, 2, 'BOX', 22, 14000),
(2590, 3, 3, 'DOZ', 26, 16000),
(2591, 4, 4, 'PCS', 11, 70000),
(2592, 5, 5, 'PCS', 23, 50000),
(2593, 6, 6, 'PCS', 35, 45000),
(2594, 7, 7, 'BOX', 47, 56000),
(2595, 8, 8, 'DOZ', 59, 24000),
(2596, 9, 9, 'PCS', 71, 45000),
(2597, 10, 10, 'PCS', 83, 45000),
(2598, 11, 11, 'PCS', 95, 56000),
(2599, 12, 12, 'BOX', 107, 43000),
(2600, 13, 14, 'DOZ', 119, 7000),
(2601, 14, 1, 'PCS', 131, 5000),
(2602, 15, 1, 'PCS', 143, 67000),
(2603, 16, 3, 'PCS', 155, 67000),
(2604, 17, 4, 'BOX', 80, 55000),
(2605, 18, 5, 'DOZ', 98, 12000),
(2606, 19, 6, 'PCS', 23, 90000),
(2607, 20, 7, 'PCS', 35, 23000),
(2608, 21, 8, 'PCS', 47, 35000),
(2609, 1, 1, 'BOX', 59, 67000),
(2610, 2, 2, 'DOZ', 71, 67000),
(2611, 3, 4, 'PCS', 83, 33000),
(2612, 4, 5, 'PCS', 23, 23000),
(2613, 5, 6, 'PCS', 22, 22000),
(2614, 6, 8, 'BOX', 10, 21000),
(2615, 7, 9, 'DOZ', 11, 55000),
(2616, 8, 1, 'PCS', 23, 45000),
(2617, 9, 2, 'PCS', 35, 70000),
(2618, 10, 4, 'PCS', 47, 20000),
(2619, 11, 7, 'PCS', 59, 22000),
(2620, 12, 1, 'PCS', 71, 33000),
(2621, 13, 5, 'PCS', 83, 43000),
(2622, 14, 5, 'PCS', 95, 70000),
(2623, 15, 6, 'PCS', 23, 78000),
(2624, 16, 7, 'PCS', 22, 40000),
(2625, 17, 9, 'PCS', 10, 34000),
(2626, 1, 1, 'PCS', 23, 12000),
(2627, 2, 2, 'BOX', 22, 14000),
(2628, 3, 3, 'DOZ', 26, 16000),
(2629, 4, 4, 'PCS', 11, 70000),
(2630, 5, 5, 'PCS', 23, 50000),
(2631, 6, 6, 'PCS', 35, 45000),
(2632, 7, 7, 'BOX', 47, 56000),
(2633, 8, 8, 'DOZ', 59, 24000),
(2634, 9, 9, 'PCS', 71, 45000),
(2635, 10, 10, 'PCS', 83, 45000),
(2636, 11, 11, 'PCS', 95, 56000),
(2637, 12, 12, 'BOX', 107, 43000),
(2638, 13, 14, 'DOZ', 119, 7000),
(2639, 14, 1, 'PCS', 131, 5000),
(2640, 15, 1, 'PCS', 143, 67000),
(2641, 16, 3, 'PCS', 155, 67000),
(2642, 17, 4, 'BOX', 80, 55000),
(2643, 18, 5, 'DOZ', 98, 12000),
(2644, 19, 6, 'PCS', 23, 90000),
(2645, 20, 7, 'PCS', 35, 23000),
(2646, 21, 8, 'PCS', 47, 35000),
(2647, 1, 1, 'BOX', 59, 67000),
(2648, 2, 2, 'DOZ', 71, 67000),
(2649, 3, 4, 'PCS', 83, 33000),
(2650, 4, 5, 'PCS', 23, 23000),
(2651, 5, 6, 'PCS', 22, 22000),
(2652, 6, 8, 'BOX', 10, 21000),
(2653, 7, 9, 'DOZ', 11, 55000),
(2654, 8, 1, 'PCS', 23, 45000),
(2655, 9, 2, 'PCS', 35, 70000),
(2656, 10, 4, 'PCS', 47, 20000),
(2657, 11, 7, 'PCS', 59, 22000),
(2658, 12, 1, 'PCS', 71, 33000),
(2659, 13, 5, 'PCS', 83, 43000),
(2660, 14, 5, 'PCS', 95, 70000),
(2661, 15, 6, 'PCS', 23, 78000),
(2662, 16, 7, 'PCS', 22, 40000),
(2663, 17, 9, 'PCS', 10, 34000),
(2664, 1, 1, 'PCS', 23, 12000),
(2665, 2, 2, 'BOX', 22, 14000),
(2666, 3, 3, 'DOZ', 26, 16000),
(2667, 4, 4, 'PCS', 11, 70000),
(2668, 5, 5, 'PCS', 23, 50000),
(2669, 6, 6, 'PCS', 35, 45000),
(2670, 7, 7, 'BOX', 47, 56000),
(2671, 8, 8, 'DOZ', 59, 24000),
(2672, 9, 9, 'PCS', 71, 45000),
(2673, 10, 10, 'PCS', 83, 45000),
(2674, 11, 11, 'PCS', 95, 56000),
(2675, 12, 12, 'BOX', 107, 43000),
(2676, 13, 14, 'DOZ', 119, 7000),
(2677, 14, 1, 'PCS', 131, 5000),
(2678, 15, 1, 'PCS', 143, 67000),
(2679, 16, 3, 'PCS', 155, 67000),
(2680, 17, 4, 'BOX', 80, 55000),
(2681, 18, 5, 'DOZ', 98, 12000),
(2682, 19, 6, 'PCS', 23, 90000),
(2683, 20, 7, 'PCS', 35, 23000),
(2684, 21, 8, 'PCS', 47, 35000),
(2685, 1, 1, 'BOX', 59, 67000),
(2686, 2, 2, 'DOZ', 71, 67000),
(2687, 3, 4, 'PCS', 83, 33000),
(2688, 4, 5, 'PCS', 23, 23000),
(2689, 5, 6, 'PCS', 22, 22000),
(2690, 6, 8, 'BOX', 10, 21000),
(2691, 7, 9, 'DOZ', 11, 55000),
(2692, 8, 1, 'PCS', 23, 45000),
(2693, 9, 2, 'PCS', 35, 70000),
(2694, 10, 4, 'PCS', 47, 20000),
(2695, 11, 7, 'PCS', 59, 22000),
(2696, 12, 1, 'PCS', 71, 33000),
(2697, 13, 5, 'PCS', 83, 43000),
(2698, 14, 5, 'PCS', 95, 70000),
(2699, 15, 6, 'PCS', 23, 78000),
(2700, 16, 7, 'PCS', 22, 40000),
(2701, 17, 9, 'PCS', 10, 34000),
(2702, 1, 1, 'PCS', 23, 12000),
(2703, 2, 2, 'BOX', 22, 14000),
(2704, 3, 3, 'DOZ', 26, 16000),
(2705, 4, 4, 'PCS', 11, 70000),
(2706, 5, 5, 'PCS', 23, 50000),
(2707, 6, 6, 'PCS', 35, 45000),
(2708, 7, 7, 'BOX', 47, 56000),
(2709, 8, 8, 'DOZ', 59, 24000),
(2710, 9, 9, 'PCS', 71, 45000),
(2711, 10, 10, 'PCS', 83, 45000),
(2712, 11, 11, 'PCS', 95, 56000),
(2713, 12, 12, 'BOX', 107, 43000),
(2714, 13, 14, 'DOZ', 119, 7000),
(2715, 14, 1, 'PCS', 131, 5000),
(2716, 15, 1, 'PCS', 143, 67000),
(2717, 16, 3, 'PCS', 155, 67000),
(2718, 17, 4, 'BOX', 80, 55000),
(2719, 18, 5, 'DOZ', 98, 12000),
(2720, 19, 6, 'PCS', 23, 90000),
(2721, 20, 7, 'PCS', 35, 23000),
(2722, 21, 8, 'PCS', 47, 35000),
(2723, 1, 1, 'BOX', 59, 67000),
(2724, 2, 2, 'DOZ', 71, 67000),
(2725, 3, 4, 'PCS', 83, 33000),
(2726, 4, 5, 'PCS', 23, 23000),
(2727, 5, 6, 'PCS', 22, 22000),
(2728, 6, 8, 'BOX', 10, 21000),
(2729, 7, 9, 'DOZ', 11, 55000),
(2730, 8, 1, 'PCS', 23, 45000),
(2731, 9, 2, 'PCS', 35, 70000),
(2732, 10, 4, 'PCS', 47, 20000),
(2733, 11, 7, 'PCS', 59, 22000),
(2734, 12, 1, 'PCS', 71, 33000),
(2735, 13, 5, 'PCS', 83, 43000),
(2736, 14, 5, 'PCS', 95, 70000),
(2737, 15, 6, 'PCS', 23, 78000),
(2738, 16, 7, 'PCS', 22, 40000),
(2739, 17, 9, 'PCS', 10, 34000),
(2740, 1, 1, 'PCS', 23, 12000),
(2741, 2, 2, 'BOX', 22, 14000),
(2742, 3, 3, 'DOZ', 26, 16000),
(2743, 4, 4, 'PCS', 11, 70000),
(2744, 5, 5, 'PCS', 23, 50000),
(2745, 6, 6, 'PCS', 35, 45000),
(2746, 7, 7, 'BOX', 47, 56000),
(2747, 8, 8, 'DOZ', 59, 24000),
(2748, 9, 9, 'PCS', 71, 45000),
(2749, 10, 10, 'PCS', 83, 45000),
(2750, 11, 11, 'PCS', 95, 56000),
(2751, 12, 12, 'BOX', 107, 43000),
(2752, 13, 14, 'DOZ', 119, 7000),
(2753, 14, 1, 'PCS', 131, 5000),
(2754, 15, 1, 'PCS', 143, 67000),
(2755, 16, 3, 'PCS', 155, 67000),
(2756, 17, 4, 'BOX', 80, 55000),
(2757, 18, 5, 'DOZ', 98, 12000),
(2758, 19, 6, 'PCS', 23, 90000),
(2759, 20, 7, 'PCS', 35, 23000),
(2760, 21, 8, 'PCS', 47, 35000),
(2761, 1, 1, 'BOX', 59, 67000),
(2762, 2, 2, 'DOZ', 71, 67000),
(2763, 3, 4, 'PCS', 83, 33000),
(2764, 4, 5, 'PCS', 23, 23000),
(2765, 5, 6, 'PCS', 22, 22000),
(2766, 6, 8, 'BOX', 10, 21000),
(2767, 7, 9, 'DOZ', 11, 55000),
(2768, 8, 1, 'PCS', 23, 45000),
(2769, 9, 2, 'PCS', 35, 70000),
(2770, 10, 4, 'PCS', 47, 20000),
(2771, 11, 7, 'PCS', 59, 22000),
(2772, 12, 1, 'PCS', 71, 33000),
(2773, 13, 5, 'PCS', 83, 43000),
(2774, 14, 5, 'PCS', 95, 70000),
(2775, 15, 6, 'PCS', 23, 78000),
(2776, 16, 7, 'PCS', 22, 40000),
(2777, 17, 9, 'PCS', 10, 34000),
(2778, 1, 1, 'PCS', 23, 12000),
(2779, 2, 2, 'BOX', 22, 14000),
(2780, 3, 3, 'DOZ', 26, 16000),
(2781, 4, 4, 'PCS', 11, 70000),
(2782, 5, 5, 'PCS', 23, 50000),
(2783, 6, 6, 'PCS', 35, 45000),
(2784, 7, 7, 'BOX', 47, 56000),
(2785, 8, 8, 'DOZ', 59, 24000),
(2786, 9, 9, 'PCS', 71, 45000),
(2787, 10, 10, 'PCS', 83, 45000),
(2788, 11, 11, 'PCS', 95, 56000),
(2789, 12, 12, 'BOX', 107, 43000),
(2790, 13, 14, 'DOZ', 119, 7000),
(2791, 14, 1, 'PCS', 131, 5000),
(2792, 15, 1, 'PCS', 143, 67000),
(2793, 16, 3, 'PCS', 155, 67000),
(2794, 17, 4, 'BOX', 80, 55000),
(2795, 18, 5, 'DOZ', 98, 12000),
(2796, 19, 6, 'PCS', 23, 90000),
(2797, 20, 7, 'PCS', 35, 23000),
(2798, 21, 8, 'PCS', 47, 35000),
(2799, 1, 1, 'BOX', 59, 67000),
(2800, 2, 2, 'DOZ', 71, 67000),
(2801, 3, 4, 'PCS', 83, 33000),
(2802, 4, 5, 'PCS', 23, 23000),
(2803, 5, 6, 'PCS', 22, 22000),
(2804, 6, 8, 'BOX', 10, 21000),
(2805, 7, 9, 'DOZ', 11, 55000),
(2806, 8, 1, 'PCS', 23, 45000),
(2807, 9, 2, 'PCS', 35, 70000),
(2808, 10, 4, 'PCS', 47, 20000),
(2809, 11, 7, 'PCS', 59, 22000),
(2810, 12, 1, 'PCS', 71, 33000),
(2811, 13, 5, 'PCS', 83, 43000),
(2812, 14, 5, 'PCS', 95, 70000),
(2813, 15, 6, 'PCS', 23, 78000),
(2814, 16, 7, 'PCS', 22, 40000),
(2815, 17, 9, 'PCS', 10, 34000),
(2816, 1, 1, 'PCS', 23, 12000),
(2817, 2, 2, 'BOX', 22, 14000),
(2818, 3, 3, 'DOZ', 26, 16000),
(2819, 4, 4, 'PCS', 11, 70000),
(2820, 5, 5, 'PCS', 23, 50000),
(2821, 6, 6, 'PCS', 35, 45000),
(2822, 7, 7, 'BOX', 47, 56000),
(2823, 8, 8, 'DOZ', 59, 24000),
(2824, 9, 9, 'PCS', 71, 45000),
(2825, 10, 10, 'PCS', 83, 45000),
(2826, 11, 11, 'PCS', 95, 56000),
(2827, 12, 12, 'BOX', 107, 43000),
(2828, 13, 14, 'DOZ', 119, 7000),
(2829, 14, 1, 'PCS', 131, 5000),
(2830, 15, 1, 'PCS', 143, 67000),
(2831, 16, 3, 'PCS', 155, 67000),
(2832, 17, 4, 'BOX', 80, 55000),
(2833, 18, 5, 'DOZ', 98, 12000),
(2834, 19, 6, 'PCS', 23, 90000),
(2835, 20, 7, 'PCS', 35, 23000),
(2836, 21, 8, 'PCS', 47, 35000),
(2837, 1, 1, 'BOX', 59, 67000),
(2838, 2, 2, 'DOZ', 71, 67000),
(2839, 3, 4, 'PCS', 83, 33000),
(2840, 4, 5, 'PCS', 23, 23000),
(2841, 5, 6, 'PCS', 22, 22000),
(2842, 6, 8, 'BOX', 10, 21000),
(2843, 7, 9, 'DOZ', 11, 55000),
(2844, 8, 1, 'PCS', 23, 45000),
(2845, 9, 2, 'PCS', 35, 70000),
(2846, 10, 4, 'PCS', 47, 20000),
(2847, 11, 7, 'PCS', 59, 22000),
(2848, 12, 1, 'PCS', 71, 33000),
(2849, 13, 5, 'PCS', 83, 43000),
(2850, 14, 5, 'PCS', 95, 70000),
(2851, 15, 6, 'PCS', 23, 78000),
(2852, 16, 7, 'PCS', 22, 40000),
(2853, 17, 9, 'PCS', 10, 34000),
(2854, 1, 1, 'PCS', 23, 12000),
(2855, 2, 2, 'BOX', 22, 14000),
(2856, 3, 3, 'DOZ', 26, 16000),
(2857, 4, 4, 'PCS', 11, 70000),
(2858, 5, 5, 'PCS', 23, 50000),
(2859, 6, 6, 'PCS', 35, 45000),
(2860, 7, 7, 'BOX', 47, 56000),
(2861, 8, 8, 'DOZ', 59, 24000),
(2862, 9, 9, 'PCS', 71, 45000),
(2863, 10, 10, 'PCS', 83, 45000),
(2864, 11, 11, 'PCS', 95, 56000),
(2865, 12, 12, 'BOX', 107, 43000),
(2866, 13, 14, 'DOZ', 119, 7000),
(2867, 14, 1, 'PCS', 131, 5000),
(2868, 15, 1, 'PCS', 143, 67000),
(2869, 16, 3, 'PCS', 155, 67000),
(2870, 17, 4, 'BOX', 80, 55000),
(2871, 18, 5, 'DOZ', 98, 12000),
(2872, 19, 6, 'PCS', 23, 90000),
(2873, 20, 7, 'PCS', 35, 23000),
(2874, 21, 8, 'PCS', 47, 35000),
(2875, 1, 1, 'BOX', 59, 67000),
(2876, 2, 2, 'DOZ', 71, 67000),
(2877, 3, 4, 'PCS', 83, 33000),
(2878, 4, 5, 'PCS', 23, 23000),
(2879, 5, 6, 'PCS', 22, 22000),
(2880, 6, 8, 'BOX', 10, 21000),
(2881, 7, 9, 'DOZ', 11, 55000),
(2882, 8, 1, 'PCS', 23, 45000),
(2883, 9, 2, 'PCS', 35, 70000),
(2884, 10, 4, 'PCS', 47, 20000),
(2885, 11, 7, 'PCS', 59, 22000),
(2886, 12, 1, 'PCS', 71, 33000),
(2887, 13, 5, 'PCS', 83, 43000),
(2888, 14, 5, 'PCS', 95, 70000),
(2889, 15, 6, 'PCS', 23, 78000),
(2890, 16, 7, 'PCS', 22, 40000),
(2891, 17, 9, 'PCS', 10, 34000),
(2892, 1, 1, 'PCS', 23, 12000),
(2893, 2, 2, 'BOX', 22, 14000),
(2894, 3, 3, 'DOZ', 26, 16000),
(2895, 4, 4, 'PCS', 11, 70000),
(2896, 5, 5, 'PCS', 23, 50000),
(2897, 6, 6, 'PCS', 35, 45000),
(2898, 7, 7, 'BOX', 47, 56000),
(2899, 8, 8, 'DOZ', 59, 24000),
(2900, 9, 9, 'PCS', 71, 45000),
(2901, 10, 10, 'PCS', 83, 45000),
(2902, 11, 11, 'PCS', 95, 56000),
(2903, 12, 12, 'BOX', 107, 43000),
(2904, 13, 14, 'DOZ', 119, 7000),
(2905, 14, 1, 'PCS', 131, 5000),
(2906, 15, 1, 'PCS', 143, 67000),
(2907, 16, 3, 'PCS', 155, 67000),
(2908, 17, 4, 'BOX', 80, 55000),
(2909, 18, 5, 'DOZ', 98, 12000),
(2910, 19, 6, 'PCS', 23, 90000),
(2911, 20, 7, 'PCS', 35, 23000),
(2912, 21, 8, 'PCS', 47, 35000),
(2913, 1, 1, 'BOX', 59, 67000),
(2914, 2, 2, 'DOZ', 71, 67000),
(2915, 3, 4, 'PCS', 83, 33000),
(2916, 4, 5, 'PCS', 23, 23000),
(2917, 5, 6, 'PCS', 22, 22000),
(2918, 6, 8, 'BOX', 10, 21000),
(2919, 7, 9, 'DOZ', 11, 55000),
(2920, 8, 1, 'PCS', 23, 45000),
(2921, 9, 2, 'PCS', 35, 70000),
(2922, 10, 4, 'PCS', 47, 20000),
(2923, 11, 7, 'PCS', 59, 22000),
(2924, 12, 1, 'PCS', 71, 33000),
(2925, 13, 5, 'PCS', 83, 43000),
(2926, 14, 5, 'PCS', 95, 70000),
(2927, 15, 6, 'PCS', 23, 78000),
(2928, 16, 7, 'PCS', 22, 40000),
(2929, 17, 9, 'PCS', 10, 34000),
(2930, 1, 1, 'PCS', 23, 12000),
(2931, 2, 2, 'BOX', 22, 14000),
(2932, 3, 3, 'DOZ', 26, 16000),
(2933, 4, 4, 'PCS', 11, 70000),
(2934, 5, 5, 'PCS', 23, 50000),
(2935, 6, 6, 'PCS', 35, 45000),
(2936, 7, 7, 'BOX', 47, 56000),
(2937, 8, 8, 'DOZ', 59, 24000),
(2938, 9, 9, 'PCS', 71, 45000),
(2939, 10, 10, 'PCS', 83, 45000),
(2940, 11, 11, 'PCS', 95, 56000),
(2941, 12, 12, 'BOX', 107, 43000),
(2942, 13, 14, 'DOZ', 119, 7000),
(2943, 14, 1, 'PCS', 131, 5000),
(2944, 15, 1, 'PCS', 143, 67000),
(2945, 16, 3, 'PCS', 155, 67000),
(2946, 17, 4, 'BOX', 80, 55000),
(2947, 18, 5, 'DOZ', 98, 12000),
(2948, 19, 6, 'PCS', 23, 90000),
(2949, 20, 7, 'PCS', 35, 23000),
(2950, 21, 8, 'PCS', 47, 35000),
(2951, 1, 1, 'BOX', 59, 67000),
(2952, 2, 2, 'DOZ', 71, 67000),
(2953, 3, 4, 'PCS', 83, 33000),
(2954, 4, 5, 'PCS', 23, 23000),
(2955, 5, 6, 'PCS', 22, 22000),
(2956, 6, 8, 'BOX', 10, 21000),
(2957, 7, 9, 'DOZ', 11, 55000),
(2958, 8, 1, 'PCS', 23, 45000),
(2959, 9, 2, 'PCS', 35, 70000),
(2960, 10, 4, 'PCS', 47, 20000),
(2961, 11, 7, 'PCS', 59, 22000),
(2962, 12, 1, 'PCS', 71, 33000),
(2963, 13, 5, 'PCS', 83, 43000),
(2964, 14, 5, 'PCS', 95, 70000),
(2965, 15, 6, 'PCS', 23, 78000),
(2966, 16, 7, 'PCS', 22, 40000),
(2967, 17, 9, 'PCS', 10, 34000),
(2968, 1, 1, 'PCS', 23, 12000),
(2969, 2, 2, 'BOX', 22, 14000),
(2970, 3, 3, 'DOZ', 26, 16000),
(2971, 4, 4, 'PCS', 11, 70000),
(2972, 5, 5, 'PCS', 23, 50000),
(2973, 6, 6, 'PCS', 35, 45000),
(2974, 7, 7, 'BOX', 47, 56000),
(2975, 8, 8, 'DOZ', 59, 24000),
(2976, 9, 9, 'PCS', 71, 45000),
(2977, 10, 10, 'PCS', 83, 45000),
(2978, 11, 11, 'PCS', 95, 56000),
(2979, 12, 12, 'BOX', 107, 43000),
(2980, 13, 14, 'DOZ', 119, 7000),
(2981, 14, 1, 'PCS', 131, 5000),
(2982, 15, 1, 'PCS', 143, 67000),
(2983, 16, 3, 'PCS', 155, 67000),
(2984, 17, 4, 'BOX', 80, 55000),
(2985, 18, 5, 'DOZ', 98, 12000),
(2986, 19, 6, 'PCS', 23, 90000),
(2987, 20, 7, 'PCS', 35, 23000),
(2988, 21, 8, 'PCS', 47, 35000),
(2989, 1, 1, 'BOX', 59, 67000),
(2990, 2, 2, 'DOZ', 71, 67000),
(2991, 3, 4, 'PCS', 83, 33000),
(2992, 4, 5, 'PCS', 23, 23000),
(2993, 5, 6, 'PCS', 22, 22000),
(2994, 6, 8, 'BOX', 10, 21000),
(2995, 7, 9, 'DOZ', 11, 55000),
(2996, 8, 1, 'PCS', 23, 45000),
(2997, 9, 2, 'PCS', 35, 70000),
(2998, 10, 4, 'PCS', 47, 20000),
(2999, 11, 7, 'PCS', 59, 22000),
(3000, 12, 1, 'PCS', 71, 33000),
(3001, 13, 5, 'PCS', 83, 43000),
(3002, 14, 5, 'PCS', 95, 70000),
(3003, 15, 6, 'PCS', 23, 78000),
(3004, 16, 7, 'PCS', 22, 40000),
(3005, 17, 9, 'PCS', 10, 34000),
(3006, 1, 1, 'PCS', 23, 12000),
(3007, 2, 2, 'BOX', 22, 14000),
(3008, 3, 3, 'DOZ', 26, 16000),
(3009, 4, 4, 'PCS', 11, 70000),
(3010, 5, 5, 'PCS', 23, 50000),
(3011, 6, 6, 'PCS', 35, 45000),
(3012, 7, 7, 'BOX', 47, 56000),
(3013, 8, 8, 'DOZ', 59, 24000),
(3014, 9, 9, 'PCS', 71, 45000),
(3015, 10, 10, 'PCS', 83, 45000),
(3016, 11, 11, 'PCS', 95, 56000),
(3017, 12, 12, 'BOX', 107, 43000),
(3018, 13, 14, 'DOZ', 119, 7000),
(3019, 14, 1, 'PCS', 131, 5000),
(3020, 15, 1, 'PCS', 143, 67000),
(3021, 16, 3, 'PCS', 155, 67000),
(3022, 17, 4, 'BOX', 80, 55000),
(3023, 18, 5, 'DOZ', 98, 12000),
(3024, 19, 6, 'PCS', 23, 90000),
(3025, 20, 7, 'PCS', 35, 23000),
(3026, 21, 8, 'PCS', 47, 35000),
(3027, 1, 1, 'BOX', 59, 67000),
(3028, 2, 2, 'DOZ', 71, 67000),
(3029, 3, 4, 'PCS', 83, 33000),
(3030, 4, 5, 'PCS', 23, 23000),
(3031, 5, 6, 'PCS', 22, 22000),
(3032, 6, 8, 'BOX', 10, 21000),
(3033, 7, 9, 'DOZ', 11, 55000),
(3034, 8, 1, 'PCS', 23, 45000),
(3035, 9, 2, 'PCS', 35, 70000),
(3036, 10, 4, 'PCS', 47, 20000),
(3037, 11, 7, 'PCS', 59, 22000),
(3038, 12, 1, 'PCS', 71, 33000),
(3039, 13, 5, 'PCS', 83, 43000),
(3040, 14, 5, 'PCS', 95, 70000),
(3041, 15, 6, 'PCS', 23, 78000),
(3042, 16, 7, 'PCS', 22, 40000),
(3043, 17, 9, 'PCS', 10, 34000),
(3044, 1, 1, 'PCS', 23, 12000),
(3045, 2, 2, 'BOX', 22, 14000),
(3046, 3, 3, 'DOZ', 26, 16000),
(3047, 4, 4, 'PCS', 11, 70000),
(3048, 5, 5, 'PCS', 23, 50000),
(3049, 6, 6, 'PCS', 35, 45000),
(3050, 7, 7, 'BOX', 47, 56000),
(3051, 8, 8, 'DOZ', 59, 24000),
(3052, 9, 9, 'PCS', 71, 45000),
(3053, 10, 10, 'PCS', 83, 45000),
(3054, 11, 11, 'PCS', 95, 56000),
(3055, 12, 12, 'BOX', 107, 43000),
(3056, 13, 14, 'DOZ', 119, 7000),
(3057, 14, 1, 'PCS', 131, 5000),
(3058, 15, 1, 'PCS', 143, 67000),
(3059, 16, 3, 'PCS', 155, 67000),
(3060, 17, 4, 'BOX', 80, 55000),
(3061, 18, 5, 'DOZ', 98, 12000),
(3062, 19, 6, 'PCS', 23, 90000),
(3063, 20, 7, 'PCS', 35, 23000),
(3064, 21, 8, 'PCS', 47, 35000),
(3065, 1, 1, 'BOX', 59, 67000),
(3066, 2, 2, 'DOZ', 71, 67000),
(3067, 3, 4, 'PCS', 83, 33000),
(3068, 4, 5, 'PCS', 23, 23000),
(3069, 5, 6, 'PCS', 22, 22000),
(3070, 6, 8, 'BOX', 10, 21000),
(3071, 7, 9, 'DOZ', 11, 55000),
(3072, 8, 1, 'PCS', 23, 45000),
(3073, 9, 2, 'PCS', 35, 70000),
(3074, 10, 4, 'PCS', 47, 20000),
(3075, 11, 7, 'PCS', 59, 22000),
(3076, 12, 1, 'PCS', 71, 33000),
(3077, 13, 5, 'PCS', 83, 43000),
(3078, 14, 5, 'PCS', 95, 70000),
(3079, 15, 6, 'PCS', 23, 78000),
(3080, 16, 7, 'PCS', 22, 40000),
(3081, 17, 9, 'PCS', 10, 34000),
(3082, 1, 1, 'PCS', 23, 12000),
(3083, 2, 2, 'BOX', 22, 14000),
(3084, 3, 3, 'DOZ', 26, 16000),
(3085, 4, 4, 'PCS', 11, 70000),
(3086, 5, 5, 'PCS', 23, 50000),
(3087, 6, 6, 'PCS', 35, 45000),
(3088, 7, 7, 'BOX', 47, 56000),
(3089, 8, 8, 'DOZ', 59, 24000),
(3090, 9, 9, 'PCS', 71, 45000),
(3091, 10, 10, 'PCS', 83, 45000),
(3092, 11, 11, 'PCS', 95, 56000),
(3093, 12, 12, 'BOX', 107, 43000),
(3094, 13, 14, 'DOZ', 119, 7000),
(3095, 14, 1, 'PCS', 131, 5000),
(3096, 15, 1, 'PCS', 143, 67000),
(3097, 16, 3, 'PCS', 155, 67000),
(3098, 17, 4, 'BOX', 80, 55000),
(3099, 18, 5, 'DOZ', 98, 12000),
(3100, 19, 6, 'PCS', 23, 90000),
(3101, 20, 7, 'PCS', 35, 23000),
(3102, 21, 8, 'PCS', 47, 35000),
(3103, 1, 1, 'BOX', 59, 67000),
(3104, 2, 2, 'DOZ', 71, 67000),
(3105, 3, 4, 'PCS', 83, 33000),
(3106, 4, 5, 'PCS', 23, 23000),
(3107, 5, 6, 'PCS', 22, 22000),
(3108, 6, 8, 'BOX', 10, 21000),
(3109, 7, 9, 'DOZ', 11, 55000),
(3110, 8, 1, 'PCS', 23, 45000),
(3111, 9, 2, 'PCS', 35, 70000),
(3112, 10, 4, 'PCS', 47, 20000),
(3113, 11, 7, 'PCS', 59, 22000),
(3114, 12, 1, 'PCS', 71, 33000),
(3115, 13, 5, 'PCS', 83, 43000),
(3116, 14, 5, 'PCS', 95, 70000),
(3117, 15, 6, 'PCS', 23, 78000),
(3118, 16, 7, 'PCS', 22, 40000),
(3119, 17, 9, 'PCS', 10, 34000),
(3120, 1, 1, 'PCS', 23, 12000),
(3121, 2, 2, 'BOX', 22, 14000),
(3122, 3, 3, 'DOZ', 26, 16000),
(3123, 4, 4, 'PCS', 11, 70000),
(3124, 5, 5, 'PCS', 23, 50000),
(3125, 6, 6, 'PCS', 35, 45000),
(3126, 7, 7, 'BOX', 47, 56000),
(3127, 8, 8, 'DOZ', 59, 24000),
(3128, 9, 9, 'PCS', 71, 45000),
(3129, 10, 10, 'PCS', 83, 45000),
(3130, 11, 11, 'PCS', 95, 56000),
(3131, 12, 12, 'BOX', 107, 43000),
(3132, 13, 14, 'DOZ', 119, 7000),
(3133, 14, 1, 'PCS', 131, 5000),
(3134, 15, 1, 'PCS', 143, 67000),
(3135, 16, 3, 'PCS', 155, 67000),
(3136, 17, 4, 'BOX', 80, 55000),
(3137, 18, 5, 'DOZ', 98, 12000),
(3138, 19, 6, 'PCS', 23, 90000),
(3139, 20, 7, 'PCS', 35, 23000),
(3140, 21, 8, 'PCS', 47, 35000),
(3141, 1, 1, 'BOX', 59, 67000),
(3142, 2, 2, 'DOZ', 71, 67000),
(3143, 3, 4, 'PCS', 83, 33000),
(3144, 4, 5, 'PCS', 23, 23000),
(3145, 5, 6, 'PCS', 22, 22000),
(3146, 6, 8, 'BOX', 10, 21000),
(3147, 7, 9, 'DOZ', 11, 55000),
(3148, 8, 1, 'PCS', 23, 45000),
(3149, 9, 2, 'PCS', 35, 70000),
(3150, 10, 4, 'PCS', 47, 20000),
(3151, 11, 7, 'PCS', 59, 22000),
(3152, 12, 1, 'PCS', 71, 33000),
(3153, 13, 5, 'PCS', 83, 43000),
(3154, 14, 5, 'PCS', 95, 70000),
(3155, 15, 6, 'PCS', 23, 78000),
(3156, 16, 7, 'PCS', 22, 40000),
(3157, 17, 9, 'PCS', 10, 34000),
(3158, 1, 1, 'PCS', 23, 12000),
(3159, 2, 2, 'BOX', 22, 14000),
(3160, 3, 3, 'DOZ', 26, 16000),
(3161, 4, 4, 'PCS', 11, 70000),
(3162, 5, 5, 'PCS', 23, 50000),
(3163, 6, 6, 'PCS', 35, 45000),
(3164, 7, 7, 'BOX', 47, 56000),
(3165, 8, 8, 'DOZ', 59, 24000),
(3166, 9, 9, 'PCS', 71, 45000),
(3167, 10, 10, 'PCS', 83, 45000),
(3168, 11, 11, 'PCS', 95, 56000),
(3169, 12, 12, 'BOX', 107, 43000),
(3170, 13, 14, 'DOZ', 119, 7000),
(3171, 14, 1, 'PCS', 131, 5000),
(3172, 15, 1, 'PCS', 143, 67000),
(3173, 16, 3, 'PCS', 155, 67000),
(3174, 17, 4, 'BOX', 80, 55000),
(3175, 18, 5, 'DOZ', 98, 12000),
(3176, 19, 6, 'PCS', 23, 90000),
(3177, 20, 7, 'PCS', 35, 23000),
(3178, 21, 8, 'PCS', 47, 35000),
(3179, 1, 1, 'BOX', 59, 67000),
(3180, 2, 2, 'DOZ', 71, 67000),
(3181, 3, 4, 'PCS', 83, 33000),
(3182, 4, 5, 'PCS', 23, 23000),
(3183, 5, 6, 'PCS', 22, 22000),
(3184, 6, 8, 'BOX', 10, 21000),
(3185, 7, 9, 'DOZ', 11, 55000),
(3186, 8, 1, 'PCS', 23, 45000),
(3187, 9, 2, 'PCS', 35, 70000),
(3188, 10, 4, 'PCS', 47, 20000),
(3189, 11, 7, 'PCS', 59, 22000),
(3190, 12, 1, 'PCS', 71, 33000),
(3191, 13, 5, 'PCS', 83, 43000),
(3192, 14, 5, 'PCS', 95, 70000),
(3193, 15, 6, 'PCS', 23, 78000),
(3194, 16, 7, 'PCS', 22, 40000),
(3195, 17, 9, 'PCS', 10, 34000),
(3196, 1, 1, 'PCS', 23, 12000),
(3197, 2, 2, 'BOX', 22, 14000),
(3198, 3, 3, 'DOZ', 26, 16000),
(3199, 4, 4, 'PCS', 11, 70000),
(3200, 5, 5, 'PCS', 23, 50000),
(3201, 6, 6, 'PCS', 35, 45000),
(3202, 7, 7, 'BOX', 47, 56000),
(3203, 8, 8, 'DOZ', 59, 24000),
(3204, 9, 9, 'PCS', 71, 45000),
(3205, 10, 10, 'PCS', 83, 45000),
(3206, 11, 11, 'PCS', 95, 56000),
(3207, 12, 12, 'BOX', 107, 43000),
(3208, 13, 14, 'DOZ', 119, 7000),
(3209, 14, 1, 'PCS', 131, 5000),
(3210, 15, 1, 'PCS', 143, 67000),
(3211, 16, 3, 'PCS', 155, 67000),
(3212, 17, 4, 'BOX', 80, 55000),
(3213, 18, 5, 'DOZ', 98, 12000),
(3214, 19, 6, 'PCS', 23, 90000),
(3215, 20, 7, 'PCS', 35, 23000),
(3216, 21, 8, 'PCS', 47, 35000),
(3217, 1, 1, 'BOX', 59, 67000),
(3218, 2, 2, 'DOZ', 71, 67000),
(3219, 3, 4, 'PCS', 83, 33000),
(3220, 4, 5, 'PCS', 23, 23000),
(3221, 5, 6, 'PCS', 22, 22000),
(3222, 6, 8, 'BOX', 10, 21000),
(3223, 7, 9, 'DOZ', 11, 55000),
(3224, 8, 1, 'PCS', 23, 45000),
(3225, 9, 2, 'PCS', 35, 70000),
(3226, 10, 4, 'PCS', 47, 20000),
(3227, 11, 7, 'PCS', 59, 22000),
(3228, 12, 1, 'PCS', 71, 33000),
(3229, 13, 5, 'PCS', 83, 43000),
(3230, 14, 5, 'PCS', 95, 70000),
(3231, 15, 6, 'PCS', 23, 78000),
(3232, 16, 7, 'PCS', 22, 40000),
(3233, 17, 9, 'PCS', 10, 34000);

-- --------------------------------------------------------

--
-- Table structure for table `shipment`
--

CREATE TABLE `shipment` (
  `id` int(11) NOT NULL,
  `shipment_no` varchar(100) DEFAULT NULL,
  `transport_plan` varchar(100) DEFAULT NULL,
  `truck_no` varchar(100) DEFAULT NULL,
  `driver_name` varchar(100) DEFAULT NULL,
  `driver_hp` varchar(100) DEFAULT NULL,
  `plan_delivery_date` date DEFAULT NULL,
  `loading_date` date DEFAULT NULL,
  `loading_strart_time` time DEFAULT NULL,
  `loading_end_time` time DEFAULT NULL,
  `delivery_start_date` date DEFAULT NULL,
  `delivery_start_time` time DEFAULT NULL,
  `delivery_end_date` date DEFAULT NULL,
  `delivery_end_time` time DEFAULT NULL,
  `delivered_status` int(11) DEFAULT NULL
) ENGINE=InnoDB DEFAULT CHARSET=latin1;

--
-- Dumping data for table `shipment`
--

INSERT INTO `shipment` (`id`, `shipment_no`, `transport_plan`, `truck_no`, `driver_name`, `driver_hp`, `plan_delivery_date`, `loading_date`, `loading_strart_time`, `loading_end_time`, `delivery_start_date`, `delivery_start_time`, `delivery_end_date`, `delivery_end_time`, `delivered_status`) VALUES
(1, 'SP-001', NULL, 'B 1234 ABC', 'ARBY', '087616161688', '2017-08-20', '2017-08-22', '13:10:20', '15:00:15', '2017-08-24', '17:11:38', '2017-08-25', '13:19:19', NULL),
(2, 'SP-002', NULL, 'B 5555 BCA', 'WAHYU', '087616161688', '2017-08-20', '2017-08-22', '13:10:20', '15:00:15', '2017-08-24', '17:11:38', '2017-08-25', '13:19:19', 1),
(3, 'SP-003', NULL, 'B 4555 AFG', 'HUSNI', '087616161688', '2017-08-20', '2017-08-22', '13:10:20', '15:00:15', '2017-08-24', '17:11:38', '2017-08-25', '13:19:19', NULL),
(4, 'SP-004', NULL, 'B 5600 ABC', 'YUDI', '087616161688', '2017-08-20', '2017-08-22', '13:10:20', '15:00:15', '2017-08-24', '17:11:38', '2017-08-25', '13:19:19', 1),
(5, 'SP-005', NULL, 'B 1234 ABC', 'ARBY', '087616161688', '2017-08-20', '2017-08-22', '13:10:20', '15:00:15', '2017-08-24', '17:11:38', '2017-08-25', '13:19:19', NULL),
(6, 'SP-006', NULL, 'B 1234 ABC', 'WAHYU', '087616161688', '2017-08-20', '2017-08-22', '13:10:20', '15:00:15', '2017-08-24', '17:11:38', '2017-08-25', '13:19:19', NULL),
(7, 'SP-007', NULL, 'B 1234 ABC', 'HUSNI', '087616161688', '2017-08-20', '2017-08-22', '13:10:20', '15:00:15', '2017-08-24', '17:11:38', '2017-08-25', '13:19:19', NULL),
(8, 'SP-008', NULL, 'B 1234 ABC', 'YUDI', '087616161688', '2017-08-20', '2017-08-22', '13:10:20', '15:00:15', '2017-08-24', '17:11:38', '2017-08-25', '13:19:19', NULL),
(9, 'SP-009', NULL, 'B 4500 BGN', 'WAHYU', '087616161688', '2017-08-20', '2017-08-22', '13:10:20', '15:00:15', '2017-08-24', '17:11:38', '2017-08-25', '13:19:19', NULL),
(10, 'SP-010', NULL, 'B 5600 CVF', 'WAHYU', '087616161688', '2017-08-20', '2017-08-22', '13:10:20', '15:00:15', '2017-08-24', '17:11:38', '2017-08-25', '13:19:19', NULL),
(11, 'SP-011', NULL, 'B 1234 ABC', 'HUSNI', '087616161688', '2017-08-20', '2017-08-22', '13:10:20', '15:00:15', '2017-08-24', '17:11:38', '2017-08-25', '13:19:19', NULL);

-- --------------------------------------------------------

--
-- Table structure for table `shipment_detail`
--

CREATE TABLE `shipment_detail` (
  `id` int(11) NOT NULL,
  `id_shipment` int(11) DEFAULT NULL,
  `id_delivery_order` int(11) NOT NULL,
  `id_sales_order_detail` int(11) DEFAULT NULL
) ENGINE=InnoDB DEFAULT CHARSET=latin1;

--
-- Dumping data for table `shipment_detail`
--

INSERT INTO `shipment_detail` (`id`, `id_shipment`, `id_delivery_order`, `id_sales_order_detail`) VALUES
(1, 1, 1, 1),
(2, 2, 2, 2),
(3, 3, 3, 3),
(4, 4, 4, 4),
(5, 5, 5, 5),
(6, 6, 6, 6),
(7, 7, 7, 7),
(8, 8, 8, 8),
(9, 9, 9, 9),
(10, 10, 10, 10),
(11, 11, 11, 11),
(12, 1, 12, 12),
(13, 2, 13, 13),
(14, 3, 14, 14),
(15, 4, 15, 15),
(16, 5, 16, 16),
(17, 6, 17, 17),
(18, 7, 18, 18),
(19, 8, 19, 19);

-- --------------------------------------------------------

--
-- Table structure for table `user`
--

CREATE TABLE `user` (
  `id` int(10) UNSIGNED NOT NULL,
  `customer_id` int(10) UNSIGNED NOT NULL,
  `username` varchar(255) COLLATE utf8_unicode_ci NOT NULL,
  `email` varchar(255) COLLATE utf8_unicode_ci DEFAULT NULL,
  `first_name` varchar(255) COLLATE utf8_unicode_ci DEFAULT NULL,
  `last_name` varchar(255) COLLATE utf8_unicode_ci DEFAULT NULL,
  `filename` varchar(255) COLLATE utf8_unicode_ci DEFAULT NULL,
  `password` varchar(255) COLLATE utf8_unicode_ci NOT NULL,
  `remember_token` varchar(100) COLLATE utf8_unicode_ci DEFAULT NULL,
  `id_privilege` int(10) UNSIGNED DEFAULT NULL,
  `created_at` timestamp NULL DEFAULT NULL,
  `updated_at` timestamp NULL DEFAULT NULL,
  `deleted_at` timestamp NULL DEFAULT NULL
) ENGINE=InnoDB DEFAULT CHARSET=utf8 COLLATE=utf8_unicode_ci;

--
-- Dumping data for table `user`
--

INSERT INTO `user` (`id`, `customer_id`, `username`, `email`, `first_name`, `last_name`, `filename`, `password`, `remember_token`, `id_privilege`, `created_at`, `updated_at`, `deleted_at`) VALUES
(1, 1, 'superuser', 'husni.mubarok@outlook.com', NULL, NULL, NULL, '$2y$10$JZQGn9eBvCkkhU6Cpmjbw.m1mDCmQTatYe00KpWAQIP6gI28OkT1e', 'qsGUxEd9cvs7ms6YMVi1QOgop6Ay2CethGFralId9lNIGx6bRdMgLTsSyZ7S', NULL, '2017-05-22 00:01:26', '2017-10-14 15:52:08', NULL),
(2, 2, 'superuser2', NULL, NULL, NULL, NULL, '$2y$10$Q/n4SN3t7ANjnNYWU.hbKe2HFe1xjdj5QjogmD/tndaxuSX7z2rH6', '1gvxkgP1fA00GWRbOO3iFkoE1UGXu2PImOrSQtbXKDi8FYmehErDQHy8wEVu', NULL, '2017-05-22 00:01:26', '2017-10-12 01:17:57', NULL);

-- --------------------------------------------------------

--
-- Stand-in structure for view `view_customer_order`
-- (See below for the actual view)
--
CREATE TABLE `view_customer_order` (
);

-- --------------------------------------------------------

--
-- Stand-in structure for view `view_order_qty`
-- (See below for the actual view)
--
CREATE TABLE `view_order_qty` (
);

-- --------------------------------------------------------

--
-- Stand-in structure for view `view_sales_summary`
-- (See below for the actual view)
--
CREATE TABLE `view_sales_summary` (
);

-- --------------------------------------------------------

--
-- Structure for view `view_customer_order`
--
DROP TABLE IF EXISTS `view_customer_order`;

CREATE ALGORITHM=UNDEFINED DEFINER=`root`@`localhost` SQL SECURITY DEFINER VIEW `view_customer_order`  AS  select `sales_order`.`id` AS `id`,`sales_order`.`sales_no` AS `sales_no`,`sales_order`.`sales_date` AS `sales_date`,`customer`.`name1` AS `customer`,`sales_order`.`po_no` AS `po_no`,`marketing`.`sname` AS `sname`,`sales_order`.`currency` AS `currency`,sum(ifnull(`sales_order_detail`.`quantity`,0)) AS `received`,sum(ifnull(`delivery_order_detail`.`quantity`,0)) AS `process`,count(`delivery_order`.`delivery_no`) AS `sending`,sum(ifnull(`shipment`.`delivered_status`,0)) AS `delivered`,NULL AS `deleted_at` from (((((((`sales_order` join `customer` on((`sales_order`.`id_customer` = `customer`.`id`))) join `marketing` on((`sales_order`.`id_marketing` = `marketing`.`id`))) left join `sales_order_detail` on((`sales_order_detail`.`id_sales_order` = `sales_order`.`id`))) left join `delivery_order_detail` on((`delivery_order_detail`.`id_sales_order_detail` = `sales_order_detail`.`id`))) left join `delivery_order` on((`delivery_order_detail`.`id_delivery_order` = `delivery_order`.`id`))) left join `shipment_detail` on((`shipment_detail`.`id_delivery_order` = `delivery_order`.`id`))) left join `shipment` on((`shipment_detail`.`id_shipment` = `shipment`.`id`))) group by `sales_order`.`id`,`sales_order`.`sales_no`,`sales_order`.`sales_date`,`customer`.`name1`,`sales_order`.`po_no`,`marketing`.`sname`,`sales_order`.`currency` ;

-- --------------------------------------------------------

--
-- Structure for view `view_order_qty`
--
DROP TABLE IF EXISTS `view_order_qty`;

CREATE ALGORITHM=UNDEFINED DEFINER=`root`@`localhost` SQL SECURITY DEFINER VIEW `view_order_qty`  AS  select `customer`.`id` AS `id`,format(sum(ifnull(`sales_order_detail`.`quantity`,0)),0) AS `received`,0 AS `packing`,format(sum(ifnull(`delivery_order_detail`.`quantity`,0)),0) AS `process`,format(sum(`delivery_order_detail`.`quantity`),0) AS `sending`,sum(ifnull(`shipment`.`delivered_status`,0)) AS `delivered`,NULL AS `deleted_at` from (((((((`sales_order` join `customer` on((`sales_order`.`id_customer` = `customer`.`id`))) join `marketing` on((`sales_order`.`id_marketing` = `marketing`.`id`))) left join `sales_order_detail` on((`sales_order_detail`.`id_sales_order` = `sales_order`.`id`))) left join `delivery_order_detail` on((`delivery_order_detail`.`id_sales_order_detail` = `sales_order_detail`.`id`))) left join `delivery_order` on((`delivery_order_detail`.`id_delivery_order` = `delivery_order`.`id`))) left join `shipment_detail` on((`shipment_detail`.`id_delivery_order` = `delivery_order`.`id`))) left join `shipment` on((`shipment_detail`.`id_shipment` = `shipment`.`id`))) group by `customer`.`id` ;

-- --------------------------------------------------------

--
-- Structure for view `view_sales_summary`
--
DROP TABLE IF EXISTS `view_sales_summary`;

CREATE ALGORITHM=UNDEFINED DEFINER=`root`@`localhost` SQL SECURITY DEFINER VIEW `view_sales_summary`  AS  select `sales_order`.`id` AS `id`,`sales_order`.`sales_no` AS `sales_no`,`sales_order`.`sales_date` AS `sales_date`,`customer`.`name1` AS `customer`,`sales_order`.`po_no` AS `po_no`,`marketing`.`sname` AS `sname`,`sales_order`.`currency` AS `currency`,sum(ifnull(`sales_order_detail`.`quantity`,0)) AS `received`,0 AS `packing`,sum(ifnull(`delivery_order_detail`.`quantity`,0)) AS `process`,count(`delivery_order`.`delivery_no`) AS `sending`,sum(ifnull(`shipment`.`delivered_status`,0)) AS `delivered`,NULL AS `deleted_at`,`sales_order`.`so_status` AS `so_status`,`customer`.`id` AS `customer_id` from (((((((`sales_order` join `customer` on((`sales_order`.`id_customer` = `customer`.`id`))) join `marketing` on((`sales_order`.`id_marketing` = `marketing`.`id`))) left join `sales_order_detail` on((`sales_order_detail`.`id_sales_order` = `sales_order`.`id`))) left join `delivery_order_detail` on((`delivery_order_detail`.`id_sales_order_detail` = `sales_order_detail`.`id`))) left join `delivery_order` on((`delivery_order_detail`.`id_delivery_order` = `delivery_order`.`id`))) left join `shipment_detail` on((`shipment_detail`.`id_delivery_order` = `delivery_order`.`id`))) left join `shipment` on((`shipment_detail`.`id_shipment` = `shipment`.`id`))) group by `sales_order`.`id`,`sales_order`.`sales_no`,`sales_order`.`sales_date`,`customer`.`name1`,`sales_order`.`po_no`,`marketing`.`sname`,`sales_order`.`currency` ;

--
-- Indexes for dumped tables
--

--
-- Indexes for table `action`
--
ALTER TABLE `action`
  ADD PRIMARY KEY (`id`),
  ADD UNIQUE KEY `action_name_unique` (`name`);

--
-- Indexes for table `auth`
--
ALTER TABLE `auth`
  ADD PRIMARY KEY (`id`),
  ADD UNIQUE KEY `users_username_unique` (`username`);

--
-- Indexes for table `background`
--
ALTER TABLE `background`
  ADD PRIMARY KEY (`id`);

--
-- Indexes for table `banner`
--
ALTER TABLE `banner`
  ADD PRIMARY KEY (`id`);

--
-- Indexes for table `broadcast_message`
--
ALTER TABLE `broadcast_message`
  ADD PRIMARY KEY (`id`);

--
-- Indexes for table `call_center`
--
ALTER TABLE `call_center`
  ADD PRIMARY KEY (`id`);

--
-- Indexes for table `company_profile`
--
ALTER TABLE `company_profile`
  ADD PRIMARY KEY (`id`);

--
-- Indexes for table `customer`
--
ALTER TABLE `customer`
  ADD PRIMARY KEY (`id`);

--
-- Indexes for table `delivery_order`
--
ALTER TABLE `delivery_order`
  ADD PRIMARY KEY (`id`);

--
-- Indexes for table `delivery_order_detail`
--
ALTER TABLE `delivery_order_detail`
  ADD PRIMARY KEY (`id`),
  ADD KEY `id_sales_order_detail` (`id_sales_order_detail`),
  ADD KEY `id_delivery_order` (`id_delivery_order`);

--
-- Indexes for table `marketing`
--
ALTER TABLE `marketing`
  ADD PRIMARY KEY (`id`);

--
-- Indexes for table `material`
--
ALTER TABLE `material`
  ADD PRIMARY KEY (`id`);

--
-- Indexes for table `migrations`
--
ALTER TABLE `migrations`
  ADD PRIMARY KEY (`id`);

--
-- Indexes for table `module`
--
ALTER TABLE `module`
  ADD PRIMARY KEY (`id`),
  ADD UNIQUE KEY `module_name_unique` (`name`);

--
-- Indexes for table `news`
--
ALTER TABLE `news`
  ADD PRIMARY KEY (`id`);

--
-- Indexes for table `password_resets`
--
ALTER TABLE `password_resets`
  ADD KEY `password_resets_email_index` (`email`),
  ADD KEY `password_resets_token_index` (`token`);

--
-- Indexes for table `picking_order`
--
ALTER TABLE `picking_order`
  ADD PRIMARY KEY (`id`);

--
-- Indexes for table `picking_order_detail`
--
ALTER TABLE `picking_order_detail`
  ADD PRIMARY KEY (`id`),
  ADD KEY `id_sales_order` (`id_sales_order_detail`);

--
-- Indexes for table `plant`
--
ALTER TABLE `plant`
  ADD PRIMARY KEY (`id`);

--
-- Indexes for table `privilege`
--
ALTER TABLE `privilege`
  ADD PRIMARY KEY (`id`),
  ADD KEY `privilege_user_id_foreign` (`user_id`),
  ADD KEY `privilege_module_id_foreign` (`module_id`),
  ADD KEY `privilege_action_id_foreign` (`action_id`);

--
-- Indexes for table `promotion`
--
ALTER TABLE `promotion`
  ADD PRIMARY KEY (`id`);

--
-- Indexes for table `roles`
--
ALTER TABLE `roles`
  ADD PRIMARY KEY (`id`),
  ADD UNIQUE KEY `roles_name_unique` (`name`);

--
-- Indexes for table `sales_order`
--
ALTER TABLE `sales_order`
  ADD PRIMARY KEY (`id`),
  ADD KEY `id_customer` (`id_customer`),
  ADD KEY `id_marketing` (`id_marketing`);

--
-- Indexes for table `sales_order_detail`
--
ALTER TABLE `sales_order_detail`
  ADD PRIMARY KEY (`id`),
  ADD KEY `id_material` (`id_material`),
  ADD KEY `id_sales_order` (`id_sales_order`);

--
-- Indexes for table `shipment`
--
ALTER TABLE `shipment`
  ADD PRIMARY KEY (`id`);

--
-- Indexes for table `shipment_detail`
--
ALTER TABLE `shipment_detail`
  ADD PRIMARY KEY (`id`),
  ADD KEY `id_shipment` (`id_shipment`),
  ADD KEY `id_delivery_order_detail` (`id_delivery_order`);

--
-- Indexes for table `user`
--
ALTER TABLE `user`
  ADD PRIMARY KEY (`id`),
  ADD UNIQUE KEY `users_username_unique` (`username`),
  ADD UNIQUE KEY `users_email_unique` (`email`),
  ADD KEY `users_id_privilege_foreign` (`id_privilege`);

--
-- AUTO_INCREMENT for dumped tables
--

--
-- AUTO_INCREMENT for table `action`
--
ALTER TABLE `action`
  MODIFY `id` int(10) UNSIGNED NOT NULL AUTO_INCREMENT, AUTO_INCREMENT=5;
--
-- AUTO_INCREMENT for table `auth`
--
ALTER TABLE `auth`
  MODIFY `id` int(10) UNSIGNED NOT NULL AUTO_INCREMENT, AUTO_INCREMENT=3;
--
-- AUTO_INCREMENT for table `background`
--
ALTER TABLE `background`
  MODIFY `id` int(10) UNSIGNED NOT NULL AUTO_INCREMENT, AUTO_INCREMENT=4;
--
-- AUTO_INCREMENT for table `banner`
--
ALTER TABLE `banner`
  MODIFY `id` int(10) UNSIGNED NOT NULL AUTO_INCREMENT, AUTO_INCREMENT=4;
--
-- AUTO_INCREMENT for table `broadcast_message`
--
ALTER TABLE `broadcast_message`
  MODIFY `id` int(10) UNSIGNED NOT NULL AUTO_INCREMENT, AUTO_INCREMENT=3;
--
-- AUTO_INCREMENT for table `call_center`
--
ALTER TABLE `call_center`
  MODIFY `id` int(10) UNSIGNED NOT NULL AUTO_INCREMENT, AUTO_INCREMENT=3;
--
-- AUTO_INCREMENT for table `company_profile`
--
ALTER TABLE `company_profile`
  MODIFY `id` int(10) UNSIGNED NOT NULL AUTO_INCREMENT, AUTO_INCREMENT=2;
--
-- AUTO_INCREMENT for table `customer`
--
ALTER TABLE `customer`
  MODIFY `id` int(11) NOT NULL AUTO_INCREMENT, AUTO_INCREMENT=954;
--
-- AUTO_INCREMENT for table `delivery_order`
--
ALTER TABLE `delivery_order`
  MODIFY `id` int(11) NOT NULL AUTO_INCREMENT, AUTO_INCREMENT=37;
--
-- AUTO_INCREMENT for table `delivery_order_detail`
--
ALTER TABLE `delivery_order_detail`
  MODIFY `id` int(11) NOT NULL AUTO_INCREMENT, AUTO_INCREMENT=151;
--
-- AUTO_INCREMENT for table `marketing`
--
ALTER TABLE `marketing`
  MODIFY `id` int(11) NOT NULL AUTO_INCREMENT, AUTO_INCREMENT=11;
--
-- AUTO_INCREMENT for table `material`
--
ALTER TABLE `material`
  MODIFY `id` int(11) NOT NULL AUTO_INCREMENT, AUTO_INCREMENT=151;
--
-- AUTO_INCREMENT for table `migrations`
--
ALTER TABLE `migrations`
  MODIFY `id` int(10) UNSIGNED NOT NULL AUTO_INCREMENT, AUTO_INCREMENT=11;
--
-- AUTO_INCREMENT for table `module`
--
ALTER TABLE `module`
  MODIFY `id` int(10) UNSIGNED NOT NULL AUTO_INCREMENT, AUTO_INCREMENT=30;
--
-- AUTO_INCREMENT for table `news`
--
ALTER TABLE `news`
  MODIFY `id` int(10) UNSIGNED NOT NULL AUTO_INCREMENT, AUTO_INCREMENT=4;
--
-- AUTO_INCREMENT for table `picking_order`
--
ALTER TABLE `picking_order`
  MODIFY `id` int(11) NOT NULL AUTO_INCREMENT, AUTO_INCREMENT=7;
--
-- AUTO_INCREMENT for table `picking_order_detail`
--
ALTER TABLE `picking_order_detail`
  MODIFY `id` int(10) NOT NULL AUTO_INCREMENT, AUTO_INCREMENT=3234;
--
-- AUTO_INCREMENT for table `plant`
--
ALTER TABLE `plant`
  MODIFY `id` int(11) NOT NULL AUTO_INCREMENT;
--
-- AUTO_INCREMENT for table `privilege`
--
ALTER TABLE `privilege`
  MODIFY `id` int(10) UNSIGNED NOT NULL AUTO_INCREMENT, AUTO_INCREMENT=3109;
--
-- AUTO_INCREMENT for table `promotion`
--
ALTER TABLE `promotion`
  MODIFY `id` int(10) UNSIGNED NOT NULL AUTO_INCREMENT, AUTO_INCREMENT=4;
--
-- AUTO_INCREMENT for table `roles`
--
ALTER TABLE `roles`
  MODIFY `id` int(10) UNSIGNED NOT NULL AUTO_INCREMENT, AUTO_INCREMENT=4;
--
-- AUTO_INCREMENT for table `sales_order`
--
ALTER TABLE `sales_order`
  MODIFY `id` int(11) NOT NULL AUTO_INCREMENT, AUTO_INCREMENT=22;
--
-- AUTO_INCREMENT for table `sales_order_detail`
--
ALTER TABLE `sales_order_detail`
  MODIFY `id` int(11) NOT NULL AUTO_INCREMENT, AUTO_INCREMENT=3234;
--
-- AUTO_INCREMENT for table `shipment`
--
ALTER TABLE `shipment`
  MODIFY `id` int(11) NOT NULL AUTO_INCREMENT, AUTO_INCREMENT=12;
--
-- AUTO_INCREMENT for table `shipment_detail`
--
ALTER TABLE `shipment_detail`
  MODIFY `id` int(11) NOT NULL AUTO_INCREMENT, AUTO_INCREMENT=20;
--
-- AUTO_INCREMENT for table `user`
--
ALTER TABLE `user`
  MODIFY `id` int(10) UNSIGNED NOT NULL AUTO_INCREMENT, AUTO_INCREMENT=3;
--
-- Constraints for dumped tables
--

--
-- Constraints for table `delivery_order_detail`
--
ALTER TABLE `delivery_order_detail`
  ADD CONSTRAINT `delivery_order_detail_ibfk_3` FOREIGN KEY (`id_sales_order_detail`) REFERENCES `sales_order_detail` (`id`),
  ADD CONSTRAINT `delivery_order_detail_ibfk_4` FOREIGN KEY (`id_delivery_order`) REFERENCES `delivery_order` (`id`);

--
-- Constraints for table `privilege`
--
ALTER TABLE `privilege`
  ADD CONSTRAINT `privilege_action_id_foreign` FOREIGN KEY (`action_id`) REFERENCES `action` (`id`) ON DELETE CASCADE ON UPDATE CASCADE,
  ADD CONSTRAINT `privilege_module_id_foreign` FOREIGN KEY (`module_id`) REFERENCES `module` (`id`) ON DELETE CASCADE ON UPDATE CASCADE,
  ADD CONSTRAINT `privilege_user_id_foreign` FOREIGN KEY (`user_id`) REFERENCES `user` (`id`) ON DELETE CASCADE ON UPDATE CASCADE;

--
-- Constraints for table `sales_order`
--
ALTER TABLE `sales_order`
  ADD CONSTRAINT `sales_order_ibfk_1` FOREIGN KEY (`id_customer`) REFERENCES `customer` (`id`),
  ADD CONSTRAINT `sales_order_ibfk_2` FOREIGN KEY (`id_marketing`) REFERENCES `marketing` (`id`);

--
-- Constraints for table `sales_order_detail`
--
ALTER TABLE `sales_order_detail`
  ADD CONSTRAINT `sales_order_detail_ibfk_2` FOREIGN KEY (`id_material`) REFERENCES `material` (`id`),
  ADD CONSTRAINT `sales_order_detail_ibfk_3` FOREIGN KEY (`id_sales_order`) REFERENCES `sales_order` (`id`);

--
-- Constraints for table `shipment_detail`
--
ALTER TABLE `shipment_detail`
  ADD CONSTRAINT `shipment_detail_ibfk_1` FOREIGN KEY (`id_shipment`) REFERENCES `shipment` (`id`),
  ADD CONSTRAINT `shipment_detail_ibfk_2` FOREIGN KEY (`id_delivery_order`) REFERENCES `delivery_order` (`id`);

/*!40101 SET CHARACTER_SET_CLIENT=@OLD_CHARACTER_SET_CLIENT */;
/*!40101 SET CHARACTER_SET_RESULTS=@OLD_CHARACTER_SET_RESULTS */;
/*!40101 SET COLLATION_CONNECTION=@OLD_COLLATION_CONNECTION */;
